{
"type": "FeatureCollection",
"name": "roosevelt_overture_poi",
"crs": { "type": "name", "properties": { "name": "urn:ogc:def:crs:OGC:1.3:CRS84" } },
"features": [
{ "type": "Feature", "properties": { "id": "8ec86960-a830-42c2-bfae-2a586855591e", "categories": { "primary": "clothing_store", "alternate": [ "lingerie_store" ] }, "confidence": 0.52032613754272461, "websites": [ "https://www.instagram.com/de_la_rosa_lenceria/" ], "emails": [ "mariadelarosa_57@hotmail.com" ], "socials": [ "https://www.facebook.com/440787459679851" ], "phones": [ "+573168034028" ], "brand": "{'wikidata': None, 'names': {'primary': None, 'common': None, 'rules': None}}", "addresses": "[{'freeform': 'Carrera 37 5B3-25', 'locality': 'Cali', 'postcode': '760042', 'region': None, 'country': 'CO'}]", "names": "{'primary': 'De La Rosa Lenceria', 'common': None, 'rules': None}", "sources": "[{'property': '', 'dataset': 'meta', 'license': 'CDLA-Permissive-2.0', 'record_id': '440787459679851', 'update_time': '2026-04-06T00:00:00.000Z', 'confidence': 0.5203261375427246, 'between': None}, {'property': '/properties/confidence', 'dataset': 'Overture', 'license': 'CDLA-Permissive-2.0', 'record_id': None, 'update_time': '2026-04-07T10:00:15Z', 'confidence': None, 'between': None}]", "operating_status": "open", "basic_category": "fashion_and_apparel_store", "taxonomy": "{'primary': 'clothing_store', 'hierarchy': ['shopping', 'fashion_and_apparel_store', 'clothing_store'], 'alternates': None}", "version": 7 }, "geometry": { "type": "Point", "coordinates": [ -76.5421286, 3.42712986 ] } },
{ "type": "Feature", "properties": { "id": "58e16869-36cf-4c87-b7c4-2a8ad74f5ab5", "categories": null, "confidence": 0.26343661546707153, "websites": [ "https://www.facebook.com/diegofernando.garciamarin" ], "emails": [ "digarcia.capacitador@gmail.com" ], "socials": [ "https://www.facebook.com/812595088613318" ], "phones": [ "+573153829653" ], "brand": "{'wikidata': None, 'names': {'primary': None, 'common': None, 'rules': None}}", "addresses": "[{'freeform': 'Carrera 37 5B3-85', 'locality': 'Cali', 'postcode': '760042', 'region': None, 'country': 'CO'}]", "names": "{'primary': 'Kundalini DiHartz', 'common': None, 'rules': None}", "sources": "[{'property': '', 'dataset': 'meta', 'license': 'CDLA-Permissive-2.0', 'record_id': '812595088613318', 'update_time': '2026-04-06T00:00:00.000Z', 'confidence': 0.26343661546707153, 'between': None}, {'property': '/properties/confidence', 'dataset': 'Overture', 'license': 'CDLA-Permissive-2.0', 'record_id': None, 'update_time': '2026-04-07T10:00:15Z', 'confidence': None, 'between': None}]", "operating_status": "open", "basic_category": null, "taxonomy": null, "version": 1 }, "geometry": { "type": "Point", "coordinates": [ -76.54196, 3.42697 ] } },
{ "type": "Feature", "properties": { "id": "57c0545e-dcc2-4e9c-9a39-6f2afb3df335", "categories": { "primary": "community_services_non_profits", "alternate": [ "college_university", "high_school" ] }, "confidence": 0.69504278898239136, "websites": [ "http://www.corpobosco.org" ], "emails": null, "socials": [ "https://www.facebook.com/533770780102996" ], "phones": [ "+25242370" ], "brand": "{'wikidata': None, 'names': {'primary': None, 'common': None, 'rules': None}}", "addresses": "[{'freeform': 'Calle 5B3 36B', 'locality': 'Cali', 'postcode': '760042', 'region': None, 'country': 'CO'}]", "names": "{'primary': 'Corporación Juan Bosco', 'common': None, 'rules': None}", "sources": "[{'property': '', 'dataset': 'meta', 'license': 'CDLA-Permissive-2.0', 'record_id': '533770780102996', 'update_time': '2026-04-06T00:00:00.000Z', 'confidence': 0.6950427889823914, 'between': None}, {'property': '/properties/confidence', 'dataset': 'Overture', 'license': 'CDLA-Permissive-2.0', 'record_id': None, 'update_time': '2026-04-07T10:00:15Z', 'confidence': None, 'between': None}]", "operating_status": "open", "basic_category": "social_or_community_service", "taxonomy": "{'primary': 'social_or_community_service', 'hierarchy': ['community_and_government', 'social_or_community_service'], 'alternates': None}", "version": 3 }, "geometry": { "type": "Point", "coordinates": [ -76.54179789, 3.42765439 ] } },
{ "type": "Feature", "properties": { "id": "65ff3074-dd27-4397-81b7-6817e3b1ae5f", "categories": { "primary": "health_and_medical", "alternate": [ "hospital", "naturopathic_holistic" ] }, "confidence": 0.71968066692352295, "websites": [ "https://clinicaintegrativa.com/" ], "emails": [ "generandobienestar369@gmail.com" ], "socials": [ "https://www.facebook.com/416611968407860" ], "phones": [ "+5723759511" ], "brand": "{'wikidata': None, 'names': {'primary': None, 'common': None, 'rules': None}}", "addresses": "[{'freeform': 'Calle 5B4 38-59', 'locality': 'Cali', 'postcode': '760042', 'region': None, 'country': 'CO'}]", "names": "{'primary': 'Dra. Grisel Isaac - Clínica Integrativa', 'common': None, 'rules': None}", "sources": "[{'property': '', 'dataset': 'meta', 'license': 'CDLA-Permissive-2.0', 'record_id': '416611968407860', 'update_time': '2026-04-06T00:00:00.000Z', 'confidence': 0.719680666923523, 'between': None}, {'property': '/properties/confidence', 'dataset': 'Overture', 'license': 'CDLA-Permissive-2.0', 'record_id': None, 'update_time': '2026-04-07T10:00:15Z', 'confidence': None, 'between': None}]", "operating_status": "open", "basic_category": null, "taxonomy": "{'primary': 'health_care', 'hierarchy': ['health_care'], 'alternates': None}", "version": 1 }, "geometry": { "type": "Point", "coordinates": [ -76.54163, 3.42658 ] } },
{ "type": "Feature", "properties": { "id": "2d0dbe8c-2590-47fd-9964-e9eb7936685f", "categories": { "primary": "professional_services", "alternate": [ "event_planning" ] }, "confidence": 0.37993535399436951, "websites": [ "http://www.cortelasercb.com/" ], "emails": [ "carsalar@gmail.com" ], "socials": [ "https://www.facebook.com/101085792539841" ], "phones": [ "+573113169143" ], "brand": "{'wikidata': None, 'names': {'primary': None, 'common': None, 'rules': None}}", "addresses": "[{'freeform': 'Carrera 36B 5B3-20', 'locality': 'Cali', 'postcode': '760042', 'region': None, 'country': 'CO'}]", "names": "{'primary': 'Corte y Grabado Laser', 'common': None, 'rules': None}", "sources": "[{'property': '', 'dataset': 'meta', 'license': 'CDLA-Permissive-2.0', 'record_id': '101085792539841', 'update_time': '2026-04-06T00:00:00.000Z', 'confidence': 0.3799353539943695, 'between': None}, {'property': '/properties/confidence', 'dataset': 'Overture', 'license': 'CDLA-Permissive-2.0', 'record_id': None, 'update_time': '2026-04-07T10:00:15Z', 'confidence': None, 'between': None}]", "operating_status": "open", "basic_category": "professional_service", "taxonomy": "{'primary': 'professional_service', 'hierarchy': ['services_and_business', 'professional_service'], 'alternates': None}", "version": 6 }, "geometry": { "type": "Point", "coordinates": [ -76.54160385, 3.42760713 ] } },
{ "type": "Feature", "properties": { "id": "f21c5978-0311-4269-9281-c11e5e7e18ef", "categories": "{'primary': 'veterinarian', 'alternate': None}", "confidence": 0.42803391814231873, "websites": null, "emails": [ "megamascotassas@gmail.com" ], "socials": [ "https://www.facebook.com/476428092214935" ], "phones": [ "+573106362707" ], "brand": "{'wikidata': None, 'names': {'primary': None, 'common': None, 'rules': None}}", "addresses": "[{'freeform': 'Carrera 37 5B4-15', 'locality': 'Cali', 'postcode': '760042', 'region': None, 'country': 'CO'}]", "names": "{'primary': 'Centro Medico Veterinario Megamascotas', 'common': None, 'rules': None}", "sources": "[{'property': '', 'dataset': 'meta', 'license': 'CDLA-Permissive-2.0', 'record_id': '476428092214935', 'update_time': '2026-04-06T00:00:00.000Z', 'confidence': 0.4280339181423187, 'between': None}, {'property': '/properties/confidence', 'dataset': 'Overture', 'license': 'CDLA-Permissive-2.0', 'record_id': None, 'update_time': '2026-04-07T10:00:15Z', 'confidence': None, 'between': None}]", "operating_status": "open", "basic_category": "animal_or_pet_service", "taxonomy": "{'primary': 'veterinarian', 'hierarchy': ['lifestyle_services', 'animal_or_pet_service', 'veterinary_care', 'veterinarian'], 'alternates': None}", "version": 1 }, "geometry": { "type": "Point", "coordinates": [ -76.54157396, 3.42639549 ] } },
{ "type": "Feature", "properties": { "id": "b2123ef3-214d-42c5-9853-33b660873840", "categories": null, "confidence": 0.094426475465297699, "websites": [ "http://www.sheworldwide.co/" ], "emails": [ "hello@shebodyshapers.com" ], "socials": [ "https://www.facebook.com/372810409240851" ], "phones": [ "+573115472231" ], "brand": "{'wikidata': None, 'names': {'primary': None, 'common': None, 'rules': None}}", "addresses": "[{'freeform': 'Unicentro ', 'locality': 'Cali', 'postcode': '760001', 'region': None, 'country': 'CO'}]", "names": "{'primary': 'SHE Worldwide Bodyshapers', 'common': None, 'rules': None}", "sources": "[{'property': '', 'dataset': 'meta', 'license': 'CDLA-Permissive-2.0', 'record_id': '372810409240851', 'update_time': '2026-04-06T00:00:00.000Z', 'confidence': 0.0944264754652977, 'between': None}, {'property': '/properties/confidence', 'dataset': 'Overture', 'license': 'CDLA-Permissive-2.0', 'record_id': None, 'update_time': '2026-04-07T10:00:15Z', 'confidence': None, 'between': None}]", "operating_status": "open", "basic_category": null, "taxonomy": null, "version": 1 }, "geometry": { "type": "Point", "coordinates": [ -76.541584664711252, 3.426569535870113 ] } },
{ "type": "Feature", "properties": { "id": "029d0d5d-0484-495f-9779-4dee8c59f371", "categories": null, "confidence": 0.57810097932815552, "websites": [ "https://ceimedicalgroup.co/" ], "emails": [ "doctorjaviervelasquez@gmail.com" ], "socials": [ "https://www.facebook.com/150424262168703" ], "phones": [ "+573223809415" ], "brand": "{'wikidata': None, 'names': {'primary': None, 'common': None, 'rules': None}}", "addresses": "[{'freeform': 'Carrera 37 2 BIS 5E-14', 'locality': 'Cali', 'postcode': '760042', 'region': None, 'country': 'CO'}]", "names": "{'primary': 'Doctor Javier Velásquez Bedoya', 'common': None, 'rules': None}", "sources": "[{'property': '', 'dataset': 'meta', 'license': 'CDLA-Permissive-2.0', 'record_id': '150424262168703', 'update_time': '2026-04-06T00:00:00.000Z', 'confidence': 0.5781009793281555, 'between': None}, {'property': '/properties/confidence', 'dataset': 'Overture', 'license': 'CDLA-Permissive-2.0', 'record_id': None, 'update_time': '2026-04-07T10:00:15Z', 'confidence': None, 'between': None}]", "operating_status": "open", "basic_category": null, "taxonomy": null, "version": 1 }, "geometry": { "type": "Point", "coordinates": [ -76.54139797, 3.42628277 ] } },
{ "type": "Feature", "properties": { "id": "83d2d928-9c59-4ffd-96a7-6a5c66709bac", "categories": { "primary": "environmental_and_ecological_services_for_businesses", "alternate": [ "commercial_industrial", "construction_services" ] }, "confidence": 0.60844933986663818, "websites": [ "http://www.maser.com.co/" ], "emails": [ "maser@maser.com.co" ], "socials": [ "https://www.facebook.com/304366319612746" ], "phones": [ "+5725142945" ], "brand": "{'wikidata': None, 'names': {'primary': None, 'common': None, 'rules': None}}", "addresses": "[{'freeform': 'Calle 5B4 36B-45', 'locality': 'Cali', 'postcode': '760042', 'region': None, 'country': 'CO'}]", "names": "{'primary': 'Maser Ltda', 'common': None, 'rules': None}", "sources": "[{'property': '', 'dataset': 'meta', 'license': 'CDLA-Permissive-2.0', 'record_id': '304366319612746', 'update_time': '2026-04-06T00:00:00.000Z', 'confidence': 0.6084493398666382, 'between': None}, {'property': '/properties/confidence', 'dataset': 'Overture', 'license': 'CDLA-Permissive-2.0', 'record_id': None, 'update_time': '2026-04-07T10:00:15Z', 'confidence': None, 'between': None}]", "operating_status": "open", "basic_category": "environmental_or_ecological_service", "taxonomy": "{'primary': 'environmental_or_ecological_service', 'hierarchy': ['services_and_business', 'environmental_or_ecological_service'], 'alternates': None}", "version": 7 }, "geometry": { "type": "Point", "coordinates": [ -76.541394, 3.426938 ] } },
{ "type": "Feature", "properties": { "id": "cd260be7-bf55-4009-bc66-532217446e18", "categories": "{'primary': 'food_delivery_service', 'alternate': None}", "confidence": 0.27233818173408508, "websites": [ "https://ovnitiendas.com/" ], "emails": [ "ovnitiendas.com@gmail.com" ], "socials": [ "https://www.facebook.com/867798293090615" ], "phones": [ "+573205244888" ], "brand": "{'wikidata': None, 'names': {'primary': None, 'common': None, 'rules': None}}", "addresses": "[{'freeform': 'Calle 5B4 36B-45', 'locality': 'Cali', 'postcode': '760042', 'region': None, 'country': 'CO'}]", "names": "{'primary': 'OvniTiendas', 'common': None, 'rules': None}", "sources": "[{'property': '', 'dataset': 'meta', 'license': 'CDLA-Permissive-2.0', 'record_id': '867798293090615', 'update_time': '2026-04-06T00:00:00.000Z', 'confidence': 0.2723381817340851, 'between': None}, {'property': '/properties/confidence', 'dataset': 'Overture', 'license': 'CDLA-Permissive-2.0', 'record_id': None, 'update_time': '2026-04-07T10:00:15Z', 'confidence': None, 'between': None}]", "operating_status": "open", "basic_category": "food_service", "taxonomy": "{'primary': 'food_delivery_service', 'hierarchy': ['lifestyle_services', 'food_service', 'food_delivery_service'], 'alternates': None}", "version": 1 }, "geometry": { "type": "Point", "coordinates": [ -76.54131, 3.42668 ] } },
{ "type": "Feature", "properties": { "id": "a339459e-0322-415e-a487-48586c2f5072", "categories": "{'primary': 'medical_supply', 'alternate': None}", "confidence": 0.20981864631175995, "websites": [ "http://www.clicm.co/" ], "emails": [ "servicioalcliente@clicm.co" ], "socials": [ "https://www.facebook.com/866538636541086" ], "phones": [ "+573182298825" ], "brand": "{'wikidata': None, 'names': {'primary': None, 'common': None, 'rules': None}}", "addresses": "[{'freeform': 'Calle 5B4 36B-37', 'locality': 'Cali', 'postcode': '760042', 'region': None, 'country': 'CO'}]", "names": "{'primary': 'Clic Medical', 'common': None, 'rules': None}", "sources": "[{'property': '', 'dataset': 'meta', 'license': 'CDLA-Permissive-2.0', 'record_id': '866538636541086', 'update_time': '2026-04-06T00:00:00.000Z', 'confidence': 0.20981864631175995, 'between': None}, {'property': '/properties/confidence', 'dataset': 'Overture', 'license': 'CDLA-Permissive-2.0', 'record_id': None, 'update_time': '2026-04-07T10:00:15Z', 'confidence': None, 'between': None}]", "operating_status": "open", "basic_category": "specialty_store", "taxonomy": "{'primary': 'medical_supply_store', 'hierarchy': ['shopping', 'specialty_store', 'medical_supply_store'], 'alternates': None}", "version": 7 }, "geometry": { "type": "Point", "coordinates": [ -76.54117607, 3.42690444 ] } },
{ "type": "Feature", "properties": { "id": "0495a5b8-2a6e-46f7-89cd-26a6400f72ba", "categories": { "primary": "education", "alternate": [ "school", "college_university" ] }, "confidence": 0.61229914426803589, "websites": [ "http://www.cecap.com.co/" ], "emails": [ "contacto@cecap.com.co" ], "socials": [ "https://www.facebook.com/355190010516" ], "phones": [ "+573164985052" ], "brand": "{'wikidata': None, 'names': {'primary': None, 'common': None, 'rules': None}}", "addresses": "[{'freeform': 'Calle 5B5 36C-13', 'locality': 'Cali', 'postcode': '760042', 'region': None, 'country': 'CO'}]", "names": "{'primary': 'Academia Cecap', 'common': None, 'rules': None}", "sources": "[{'property': '', 'dataset': 'meta', 'license': 'CDLA-Permissive-2.0', 'record_id': '355190010516', 'update_time': '2026-04-06T00:00:00.000Z', 'confidence': 0.6122991442680359, 'between': None}, {'property': '/properties/confidence', 'dataset': 'Overture', 'license': 'CDLA-Permissive-2.0', 'record_id': None, 'update_time': '2026-04-07T10:00:15Z', 'confidence': None, 'between': None}]", "operating_status": "open", "basic_category": null, "taxonomy": "{'primary': 'education', 'hierarchy': ['education'], 'alternates': None}", "version": 6 }, "geometry": { "type": "Point", "coordinates": [ -76.54104474, 3.42593685 ] } },
{ "type": "Feature", "properties": { "id": "8a564049-f558-446e-a96d-570b37ff13e2", "categories": "{'primary': 'real_estate', 'alternate': None}", "confidence": 0.28862181305885315, "websites": [ "http://jgvalencia.org" ], "emails": null, "socials": [ "https://www.facebook.com/106752454440176" ], "phones": [ "+25583762" ], "brand": "{'wikidata': None, 'names': {'primary': None, 'common': None, 'rules': None}}", "addresses": "[{'freeform': 'Carrera 32 7-36b', 'locality': 'Cali', 'postcode': '760042', 'region': None, 'country': 'CO'}]", "names": "{'primary': 'Inmobiliaria J.G. Valencia', 'common': None, 'rules': None}", "sources": "[{'property': '', 'dataset': 'meta', 'license': 'CDLA-Permissive-2.0', 'record_id': '106752454440176', 'update_time': '2026-04-06T00:00:00.000Z', 'confidence': 0.28862181305885315, 'between': None}, {'property': '/properties/confidence', 'dataset': 'Overture', 'license': 'CDLA-Permissive-2.0', 'record_id': None, 'update_time': '2026-04-07T10:00:15Z', 'confidence': None, 'between': None}]", "operating_status": "open", "basic_category": "real_estate_service", "taxonomy": "{'primary': 'real_estate_service', 'hierarchy': ['services_and_business', 'real_estate_service'], 'alternates': None}", "version": 7 }, "geometry": { "type": "Point", "coordinates": [ -76.54099027, 3.42696704 ] } },
{ "type": "Feature", "properties": { "id": "012ac59d-f42c-49c1-a847-b4e53b350921", "categories": "{'primary': 'beauty_salon', 'alternate': None}", "confidence": 0.30180928111076355, "websites": [ "https://wa.link/ho65ev" ], "emails": [ "fh4167817@gmail.com" ], "socials": [ "https://www.facebook.com/122098315514016775" ], "phones": [ "+573205719700" ], "brand": "{'wikidata': None, 'names': {'primary': None, 'common': None, 'rules': None}}", "addresses": "[{'freeform': 'Calle 5b5 #36-63 San Fernando', 'locality': 'Cali', 'postcode': '760026', 'region': None, 'country': 'CO'}]", "names": "{'primary': 'FH Beauty Glam', 'common': None, 'rules': None}", "sources": "[{'property': '', 'dataset': 'meta', 'license': 'CDLA-Permissive-2.0', 'record_id': '122098315514016775', 'update_time': '2026-04-06T00:00:00.000Z', 'confidence': 0.30180928111076355, 'between': None}, {'property': '/properties/confidence', 'dataset': 'Overture', 'license': 'CDLA-Permissive-2.0', 'record_id': None, 'update_time': '2026-04-07T10:00:15Z', 'confidence': None, 'between': None}]", "operating_status": "open", "basic_category": "personal_or_beauty_service", "taxonomy": "{'primary': 'beauty_salon', 'hierarchy': ['lifestyle_services', 'personal_or_beauty_service', 'beauty_salon'], 'alternates': None}", "version": 4 }, "geometry": { "type": "Point", "coordinates": [ -76.540934444718943, 3.426263465582707 ] } },
{ "type": "Feature", "properties": { "id": "8f9e45af-31db-4b88-a4a0-ea30e63cd634", "categories": "{'primary': 'dance_school', 'alternate': None}", "confidence": 0.77, "websites": [ "http://www.salsavivaytangovivo.com" ], "emails": null, "socials": [ "https://www.twitter.com/tangovysalsav" ], "phones": [ "(602) 5570618" ], "brand": null, "addresses": "[{'freeform': 'Calle 5 B5 #36-94', 'locality': 'Cali', 'postcode': None, 'region': None, 'country': 'CO'}]", "names": "{'primary': 'Tango Vivo & Salsa Viva', 'common': None, 'rules': None}", "sources": "[{'property': '', 'dataset': 'Foursquare', 'license': 'Apache-2.0', 'record_id': '4f7c8f6ae4b066eb2399172e', 'update_time': '2023-09-09T00:00:00.000', 'confidence': 0.77, 'between': None}, {'property': '/properties/confidence', 'dataset': 'Overture', 'license': 'CDLA-Permissive-2.0', 'record_id': None, 'update_time': '2026-04-07T10:00:15Z', 'confidence': None, 'between': None}]", "operating_status": "open", "basic_category": "sport_or_fitness_facility", "taxonomy": "{'primary': 'dance_studio', 'hierarchy': ['sports_and_recreation', 'sport_or_fitness_facility', 'dance_studio'], 'alternates': None}", "version": 4 }, "geometry": { "type": "Point", "coordinates": [ -76.540872463588983, 3.426537699643191 ] } },
{ "type": "Feature", "properties": { "id": "a01fecde-b9ad-49f6-9124-54525bff46ee", "categories": { "primary": "landmark_and_historical_building", "alternate": [ "hospital", "accommodation" ] }, "confidence": 0.11351385712623596, "websites": null, "emails": null, "socials": [ "https://www.facebook.com/498629446967063" ], "phones": null, "brand": "{'wikidata': None, 'names': {'primary': None, 'common': None, 'rules': None}}", "addresses": "[{'freeform': 'Carrera 36C-56', 'locality': 'Cali', 'postcode': '760042', 'region': None, 'country': 'CO'}]", "names": "{'primary': 'La 36', 'common': None, 'rules': None}", "sources": "[{'property': '', 'dataset': 'meta', 'license': 'CDLA-Permissive-2.0', 'record_id': '498629446967063', 'update_time': '2026-04-06T00:00:00.000Z', 'confidence': 0.11351385712623596, 'between': None}, {'property': '/properties/confidence', 'dataset': 'Overture', 'license': 'CDLA-Permissive-2.0', 'record_id': None, 'update_time': '2026-04-07T10:00:15Z', 'confidence': None, 'between': None}]", "operating_status": "open", "basic_category": "historic_site", "taxonomy": "{'primary': 'historic_site', 'hierarchy': ['cultural_and_historic', 'historic_site'], 'alternates': None}", "version": 6 }, "geometry": { "type": "Point", "coordinates": [ -76.54081899, 3.4256575 ] } },
{ "type": "Feature", "properties": { "id": "13bf476d-bb4c-4079-9600-fddd8ad3efc9", "categories": "{'primary': 'music_school', 'alternate': None}", "confidence": 0.77, "websites": [ "http://www.academiamusicalpreludio.com" ], "emails": null, "socials": [ "https://www.facebook.com/279342252108373" ], "phones": [ "(602) 5240204" ], "brand": null, "addresses": [ { "freeform": "Carrera 37 5B3-84", "locality": "Cali", "postcode": "760001", "region": "Valle de Cauca", "country": "CO" } ], "names": "{'primary': 'Academia Musical Preludio Ltda.', 'common': None, 'rules': None}", "sources": "[{'property': '', 'dataset': 'Foursquare', 'license': 'Apache-2.0', 'record_id': '4f971ffae4b0306856d5faa2', 'update_time': '2025-10-07T00:00:00.000', 'confidence': 0.77, 'between': None}, {'property': '/properties/confidence', 'dataset': 'Overture', 'license': 'CDLA-Permissive-2.0', 'record_id': None, 'update_time': '2026-04-07T10:00:15Z', 'confidence': None, 'between': None}]", "operating_status": "open", "basic_category": "specialty_school", "taxonomy": "{'primary': 'music_school', 'hierarchy': ['education', 'place_of_learning', 'specialty_school', 'music_school'], 'alternates': None}", "version": 4 }, "geometry": { "type": "Point", "coordinates": [ -76.5408442, 3.4254577 ] } },
{ "type": "Feature", "properties": { "id": "aa096df6-7ab0-47c8-8d14-4b3dfbd4a593", "categories": { "primary": "hotel", "alternate": [ "accommodation", "professional_services" ] }, "confidence": 0.71008360385894775, "websites": [ "https://www.hotelsiglo21.com/" ], "emails": [ "hotelesencali@gmail.com" ], "socials": [ "https://www.facebook.com/1783893381822527" ], "phones": [ "+573222330333" ], "brand": "{'wikidata': None, 'names': {'primary': None, 'common': None, 'rules': None}}", "addresses": "[{'freeform': 'Calle 5B5 36B-13', 'locality': 'Cali', 'postcode': '760042', 'region': None, 'country': 'CO'}]", "names": "{'primary': 'Hoteles en Cali - Hotel Siglo 21', 'common': None, 'rules': None}", "sources": "[{'property': '', 'dataset': 'meta', 'license': 'CDLA-Permissive-2.0', 'record_id': '1783893381822527', 'update_time': '2026-04-06T00:00:00.000Z', 'confidence': 0.7100836038589478, 'between': None}, {'property': '/properties/confidence', 'dataset': 'Overture', 'license': 'CDLA-Permissive-2.0', 'record_id': None, 'update_time': '2026-04-07T10:00:15Z', 'confidence': None, 'between': None}]", "operating_status": "open", "basic_category": "hotel", "taxonomy": "{'primary': 'hotel', 'hierarchy': ['lodging', 'hotel'], 'alternates': None}", "version": 6 }, "geometry": { "type": "Point", "coordinates": [ -76.54080497, 3.42617886 ] } },
{ "type": "Feature", "properties": { "id": "f0961520-8410-4dbf-bac7-5bd0aeef1c0b", "categories": { "primary": "dance_school", "alternate": [ "arts_and_entertainment" ] }, "confidence": 0.41351279616355896, "websites": [ "https://vivoentretenimiento.co/" ], "emails": [ "comunicaciones@vivoentretenimiento.co" ], "socials": [ "https://www.facebook.com/257097620994799" ], "phones": [ "+573164807835" ], "brand": "{'wikidata': None, 'names': {'primary': None, 'common': None, 'rules': None}}", "addresses": "[{'freeform': 'Calle 5B5 36-94', 'locality': 'Cali', 'postcode': '760042', 'region': None, 'country': 'CO'}]", "names": "{'primary': 'Live Salsa and Tango Vivo', 'common': None, 'rules': None}", "sources": "[{'property': '', 'dataset': 'meta', 'license': 'CDLA-Permissive-2.0', 'record_id': '257097620994799', 'update_time': '2026-04-06T00:00:00.000Z', 'confidence': 0.41351279616355896, 'between': None}, {'property': '/properties/confidence', 'dataset': 'Overture', 'license': 'CDLA-Permissive-2.0', 'record_id': None, 'update_time': '2026-04-07T10:00:15Z', 'confidence': None, 'between': None}]", "operating_status": "open", "basic_category": "sport_or_fitness_facility", "taxonomy": "{'primary': 'dance_studio', 'hierarchy': ['sports_and_recreation', 'sport_or_fitness_facility', 'dance_studio'], 'alternates': None}", "version": 1 }, "geometry": { "type": "Point", "coordinates": [ -76.54071401, 3.42640366 ] } },
{ "type": "Feature", "properties": { "id": "38da3f08-5ca6-4448-9ac8-5f08962c200f", "categories": { "primary": "day_spa", "alternate": [ "beauty_salon", "spas" ] }, "confidence": 0.40981915593147278, "websites": null, "emails": null, "socials": [ "https://www.facebook.com/623805104440085" ], "phones": [ "+573225671214" ], "brand": "{'wikidata': None, 'names': {'primary': None, 'common': None, 'rules': None}}", "addresses": "[{'freeform': 'Carrera 37 2 BIS 5F-8', 'locality': 'Cali', 'postcode': '760042', 'region': None, 'country': 'CO'}]", "names": "{'primary': 'consenteMENt', 'common': None, 'rules': None}", "sources": "[{'property': '', 'dataset': 'meta', 'license': 'CDLA-Permissive-2.0', 'record_id': '623805104440085', 'update_time': '2026-04-06T00:00:00.000Z', 'confidence': 0.4098191559314728, 'between': None}, {'property': '/properties/confidence', 'dataset': 'Overture', 'license': 'CDLA-Permissive-2.0', 'record_id': None, 'update_time': '2026-04-07T10:00:15Z', 'confidence': None, 'between': None}]", "operating_status": "open", "basic_category": "wellness_service", "taxonomy": "{'primary': 'day_spa', 'hierarchy': ['lifestyle_services', 'wellness_service', 'spa', 'day_spa'], 'alternates': None}", "version": 3 }, "geometry": { "type": "Point", "coordinates": [ -76.54068767, 3.42523567 ] } },
{ "type": "Feature", "properties": { "id": "a5cf8dfd-ee1f-4dd9-965a-f25d24b3e11f", "categories": { "primary": "professional_services", "alternate": [ "event_photography" ] }, "confidence": 0.18278570473194122, "websites": [ "https://findecanto.wixsite.com/photocapture" ], "emails": [ "photocapturebyft@gmail.com" ], "socials": [ "https://www.facebook.com/102089506221344" ], "phones": [ "+573233240072" ], "brand": "{'wikidata': None, 'names': {'primary': None, 'common': None, 'rules': None}}", "addresses": "[{'freeform': 'Carrera 36C 5B5-51', 'locality': 'Cali', 'postcode': '760042', 'region': None, 'country': 'CO'}]", "names": "{'primary': 'PhotoCapture', 'common': None, 'rules': None}", "sources": "[{'property': '', 'dataset': 'meta', 'license': 'CDLA-Permissive-2.0', 'record_id': '102089506221344', 'update_time': '2026-04-06T00:00:00.000Z', 'confidence': 0.18278570473194122, 'between': None}, {'property': '/properties/confidence', 'dataset': 'Overture', 'license': 'CDLA-Permissive-2.0', 'record_id': None, 'update_time': '2026-04-07T10:00:15Z', 'confidence': None, 'between': None}]", "operating_status": "open", "basic_category": "professional_service", "taxonomy": "{'primary': 'professional_service', 'hierarchy': ['services_and_business', 'professional_service'], 'alternates': None}", "version": 1 }, "geometry": { "type": "Point", "coordinates": [ -76.54069319, 3.42551997 ] } },
{ "type": "Feature", "properties": { "id": "216cbb25-2211-47d5-aa3f-03ac627d2630", "categories": { "primary": "health_and_medical", "alternate": [ "sports_club_and_league", "hospital" ] }, "confidence": 0.39154842495918274, "websites": [ "https://yinedlopezcortes.goherbalife.com/" ], "emails": [ "yiloco@hotmail.com" ], "socials": [ "https://www.facebook.com/215518298638668" ], "phones": [ "+573155794197" ], "brand": "{'wikidata': None, 'names': {'primary': None, 'common': None, 'rules': None}}", "addresses": "[{'freeform': 'Carrera 36B 5B5-28', 'locality': 'Cali', 'postcode': '760042', 'region': None, 'country': 'CO'}]", "names": "{'primary': 'Bienestar Integral', 'common': None, 'rules': None}", "sources": "[{'property': '', 'dataset': 'meta', 'license': 'CDLA-Permissive-2.0', 'record_id': '215518298638668', 'update_time': '2026-04-06T00:00:00.000Z', 'confidence': 0.39154842495918274, 'between': None}, {'property': '/properties/confidence', 'dataset': 'Overture', 'license': 'CDLA-Permissive-2.0', 'record_id': None, 'update_time': '2026-04-07T10:00:15Z', 'confidence': None, 'between': None}]", "operating_status": "open", "basic_category": null, "taxonomy": "{'primary': 'health_care', 'hierarchy': ['health_care'], 'alternates': None}", "version": 6 }, "geometry": { "type": "Point", "coordinates": [ -76.5406941, 3.4260024 ] } },
{ "type": "Feature", "properties": { "id": "581ea49a-7839-4527-b5cf-188ef82bce7a", "categories": { "primary": "restaurant", "alternate": [ "european_restaurant", "eat_and_drink" ] }, "confidence": 0.96688699722290039, "websites": [ "https://www.paladarsur.com/" ], "emails": [ "info@paladarsur.com" ], "socials": [ "https://www.facebook.com/369663319711190" ], "phones": [ "+573002525368" ], "brand": "{'wikidata': None, 'names': {'primary': None, 'common': None, 'rules': None}}", "addresses": "[{'freeform': 'Avenida Roosevelt 36C-20', 'locality': 'Cali', 'postcode': '760042', 'region': None, 'country': 'CO'}]", "names": "{'primary': 'Paladar Sur', 'common': None, 'rules': None}", "sources": "[{'property': '', 'dataset': 'meta', 'license': 'CDLA-Permissive-2.0', 'record_id': '369663319711190', 'update_time': '2026-04-06T00:00:00.000Z', 'confidence': 0.9668869972229004, 'between': None}, {'property': '/properties/confidence', 'dataset': 'Overture', 'license': 'CDLA-Permissive-2.0', 'record_id': None, 'update_time': '2026-04-07T10:00:15Z', 'confidence': None, 'between': None}]", "operating_status": "open", "basic_category": "restaurant", "taxonomy": "{'primary': 'restaurant', 'hierarchy': ['food_and_drink', 'restaurant'], 'alternates': None}", "version": 6 }, "geometry": { "type": "Point", "coordinates": [ -76.54065893, 3.42526064 ] } },
{ "type": "Feature", "properties": { "id": "c965e844-a42c-40ee-b1ac-6e6b90b91269", "categories": { "primary": "dentist", "alternate": [ "beauty_and_spa" ] }, "confidence": 0.78213506937026978, "websites": null, "emails": [ "gerencia@laborsonrisas.com.co" ], "socials": [ "https://www.facebook.com/1526962274293276" ], "phones": [ "+573157440777" ], "brand": "{'wikidata': None, 'names': {'primary': None, 'common': None, 'rules': None}}", "addresses": "[{'freeform': 'Carrera 36 12C', 'locality': 'Cali', 'postcode': '760041', 'region': None, 'country': 'CO'}]", "names": "{'primary': 'Labor Sonrisas', 'common': None, 'rules': None}", "sources": "[{'property': '', 'dataset': 'meta', 'license': 'CDLA-Permissive-2.0', 'record_id': '1526962274293276', 'update_time': '2026-04-06T00:00:00.000Z', 'confidence': 0.7821350693702698, 'between': None}, {'property': '/properties/confidence', 'dataset': 'Overture', 'license': 'CDLA-Permissive-2.0', 'record_id': None, 'update_time': '2026-04-07T10:00:15Z', 'confidence': None, 'between': None}]", "operating_status": "open", "basic_category": "dental_clinic", "taxonomy": "{'primary': 'dental_clinic', 'hierarchy': ['health_care', 'outpatient_care_facility', 'dental_clinic'], 'alternates': None}", "version": 7 }, "geometry": { "type": "Point", "coordinates": [ -76.54058101, 3.425957 ] } },
{ "type": "Feature", "properties": { "id": "8e63a59c-2b9c-4d02-86cd-46768a966853", "categories": { "primary": "eyewear_and_optician", "alternate": [ "health_and_medical", "medical_center" ] }, "confidence": 0.63834482431411743, "websites": null, "emails": null, "socials": [ "https://www.facebook.com/252250938125206" ], "phones": [ "+25510259" ], "brand": "{'wikidata': None, 'names': {'primary': None, 'common': None, 'rules': None}}", "addresses": "[{'freeform': 'Calle 6 A 44-36 L-210', 'locality': 'Cali', 'postcode': '760042', 'region': None, 'country': 'CO'}]", "names": "{'primary': 'Optica Imbanaco', 'common': None, 'rules': None}", "sources": "[{'property': '', 'dataset': 'meta', 'license': 'CDLA-Permissive-2.0', 'record_id': '252250938125206', 'update_time': '2026-04-06T00:00:00.000Z', 'confidence': 0.6383448243141174, 'between': None}, {'property': '/properties/confidence', 'dataset': 'Overture', 'license': 'CDLA-Permissive-2.0', 'record_id': None, 'update_time': '2026-04-07T10:00:15Z', 'confidence': None, 'between': None}]", "operating_status": "open", "basic_category": "fashion_and_apparel_store", "taxonomy": "{'primary': 'eyewear_store', 'hierarchy': ['shopping', 'fashion_and_apparel_store', 'eyewear_store'], 'alternates': None}", "version": 7 }, "geometry": { "type": "Point", "coordinates": [ -76.54054895, 3.42534529 ] } },
{ "type": "Feature", "properties": { "id": "fd8ca61f-59ba-493e-95cc-e5ea2f05e637", "categories": { "primary": "landscape_architect", "alternate": [ "landscaping", "retail" ] }, "confidence": 0.77, "websites": [ "https://laplantula.com/" ], "emails": null, "socials": null, "phones": [ "3246259196" ], "brand": null, "addresses": [ { "freeform": "Av. Roosevelt #36b18, San Fernando, Cali, Valle del Cauca", "locality": "CALI", "postcode": "760042", "region": "", "country": "CO" } ], "names": "{'primary': 'LA PLÁNTULA Garden Co.', 'common': None, 'rules': None}", "sources": "[{'property': '', 'dataset': 'Microsoft', 'license': 'CDLA-Permissive-2.0', 'record_id': '281474980820078', 'update_time': '2025-01-03T20:30:40.530Z', 'confidence': 0.77, 'between': None}, {'property': '/properties/confidence', 'dataset': 'Overture', 'license': 'CDLA-Permissive-2.0', 'record_id': None, 'update_time': '2026-04-07T10:00:15Z', 'confidence': None, 'between': None}]", "operating_status": "open", "basic_category": "home_service", "taxonomy": "{'primary': 'landscape_architect', 'hierarchy': ['services_and_business', 'home_service', 'landscaping', 'landscape_architect'], 'alternates': None}", "version": 4 }, "geometry": { "type": "Point", "coordinates": [ -76.5405489, 3.4255715 ] } },
{ "type": "Feature", "properties": { "id": "f3e2b0ab-90c8-458d-9b96-f83e3a304c72", "categories": { "primary": "lawyer", "alternate": [ "contract_law" ] }, "confidence": 0.55999374389648438, "websites": [ "http://www.abogadosencali.org/" ], "emails": [ "salomon.ventasgc@gmail.com" ], "socials": [ "https://www.facebook.com/1726357974315421" ], "phones": [ "+573183306088" ], "brand": "{'wikidata': None, 'names': {'primary': None, 'common': None, 'rules': None}}", "addresses": "[{'freeform': 'Carrera 36C 5B5-75', 'locality': 'Cali', 'postcode': '760042', 'region': None, 'country': 'CO'}]", "names": "{'primary': 'Salomon & Compania', 'common': None, 'rules': None}", "sources": "[{'property': '', 'dataset': 'meta', 'license': 'CDLA-Permissive-2.0', 'record_id': '1726357974315421', 'update_time': '2026-04-06T00:00:00.000Z', 'confidence': 0.5599937438964844, 'between': None}, {'property': '/properties/confidence', 'dataset': 'Overture', 'license': 'CDLA-Permissive-2.0', 'record_id': None, 'update_time': '2026-04-07T10:00:15Z', 'confidence': None, 'between': None}]", "operating_status": "open", "basic_category": "attorney_or_law_firm", "taxonomy": "{'primary': 'attorney_or_law_firm', 'hierarchy': ['services_and_business', 'legal_service', 'attorney_or_law_firm'], 'alternates': None}", "version": 8 }, "geometry": { "type": "Point", "coordinates": [ -76.54052528, 3.42557378 ] } },
{ "type": "Feature", "properties": { "id": "07614e75-1216-4d76-bc98-c7c645e14f78", "categories": { "primary": "pizza_restaurant", "alternate": [ "italian_restaurant", "restaurant" ] }, "confidence": 0.88053601980209351, "websites": [ "http://www.karenspizza.net/servicliente.php" ], "emails": null, "socials": [ "https://www.facebook.com/1931483947140206" ], "phones": [ "+5725560661" ], "brand": "{'wikidata': None, 'names': {'primary': 'Karens Pizza', 'common': None, 'rules': None}}", "addresses": "[{'freeform': 'Avenida Roosevelt 36C-08', 'locality': 'Cali', 'postcode': '760042', 'region': None, 'country': 'CO'}]", "names": "{'primary': \"Karen's Pizza\", 'common': None, 'rules': None}", "sources": "[{'property': '', 'dataset': 'meta', 'license': 'CDLA-Permissive-2.0', 'record_id': '1931483947140206', 'update_time': '2026-04-06T00:00:00.000Z', 'confidence': 0.8805360198020935, 'between': None}, {'property': '/properties/confidence', 'dataset': 'Overture', 'license': 'CDLA-Permissive-2.0', 'record_id': None, 'update_time': '2026-04-07T10:00:15Z', 'confidence': None, 'between': None}]", "operating_status": "open", "basic_category": "restaurant", "taxonomy": "{'primary': 'pizza_restaurant', 'hierarchy': ['food_and_drink', 'restaurant', 'european_restaurant', 'mediterranean_restaurant', 'italian_restaurant', 'pizza_restaurant'], 'alternates': None}", "version": 6 }, "geometry": { "type": "Point", "coordinates": [ -76.54051896, 3.42532061 ] } },
{ "type": "Feature", "properties": { "id": "f000bfb5-5013-4ca0-936d-47acc59076c1", "categories": "{'primary': 'health_and_medical', 'alternate': None}", "confidence": 0.21734133362770081, "websites": [ "https://www.rhfeya.com/" ], "emails": [ "feya_feya@hotmail.com" ], "socials": [ "https://www.facebook.com/102549248470316" ], "phones": null, "brand": "{'wikidata': None, 'names': {'primary': None, 'common': None, 'rules': None}}", "addresses": "[{'freeform': 'Calle 5B3 36B-65', 'locality': 'Cali', 'postcode': '760042', 'region': None, 'country': 'CO'}]", "names": "{'primary': 'Representaciones Hospitalarias FEYA', 'common': None, 'rules': None}", "sources": "[{'property': '', 'dataset': 'meta', 'license': 'CDLA-Permissive-2.0', 'record_id': '102549248470316', 'update_time': '2026-04-06T00:00:00.000Z', 'confidence': 0.2173413336277008, 'between': None}, {'property': '/properties/confidence', 'dataset': 'Overture', 'license': 'CDLA-Permissive-2.0', 'record_id': None, 'update_time': '2026-04-07T10:00:15Z', 'confidence': None, 'between': None}]", "operating_status": "open", "basic_category": null, "taxonomy": "{'primary': 'health_care', 'hierarchy': ['health_care'], 'alternates': None}", "version": 1 }, "geometry": { "type": "Point", "coordinates": [ -76.54047712, 3.42579071 ] } },
{ "type": "Feature", "properties": { "id": "019904be-a98f-4ff2-bd64-975ae3254cdc", "categories": { "primary": "health_and_medical", "alternate": [ "hospital", "medical_research_and_development" ] }, "confidence": 0.37764120101928711, "websites": null, "emails": [ "consultorioaldia100@gmail.com" ], "socials": [ "https://www.facebook.com/183748632323476" ], "phones": [ "+573502794098" ], "brand": "{'wikidata': None, 'names': {'primary': None, 'common': None, 'rules': None}}", "addresses": "[{'freeform': 'Calle 7 37-23', 'locality': 'Cali', 'postcode': '760042', 'region': None, 'country': 'CO'}]", "names": "{'primary': 'Consultorio Medico', 'common': None, 'rules': None}", "sources": "[{'property': '', 'dataset': 'meta', 'license': 'CDLA-Permissive-2.0', 'record_id': '183748632323476', 'update_time': '2026-04-06T00:00:00.000Z', 'confidence': 0.3776412010192871, 'between': None}, {'property': '/properties/confidence', 'dataset': 'Overture', 'license': 'CDLA-Permissive-2.0', 'record_id': None, 'update_time': '2026-04-07T10:00:15Z', 'confidence': None, 'between': None}]", "operating_status": "open", "basic_category": null, "taxonomy": "{'primary': 'health_care', 'hierarchy': ['health_care'], 'alternates': None}", "version": 6 }, "geometry": { "type": "Point", "coordinates": [ -76.54047374, 3.42611707 ] } },
{ "type": "Feature", "properties": { "id": "a7b0a839-1611-49ca-9a19-3c4dc64dd48a", "categories": "{'primary': 'cosmetic_and_beauty_supplies', 'alternate': None}", "confidence": 0.2261250764131546, "websites": [ "https://www.amkornetstore.pro/" ], "emails": [ "distribuidoraamkor@gmail.com" ], "socials": [ "https://www.facebook.com/108326081819742" ], "phones": [ "+573212473109" ], "brand": "{'wikidata': None, 'names': {'primary': None, 'common': None, 'rules': None}}", "addresses": "[{'freeform': 'Carrera 36B 5B2-21', 'locality': 'Cali', 'postcode': '760042', 'region': None, 'country': 'CO'}]", "names": "{'primary': 'Amkornet distribuidores', 'common': None, 'rules': None}", "sources": "[{'property': '', 'dataset': 'meta', 'license': 'CDLA-Permissive-2.0', 'record_id': '108326081819742', 'update_time': '2026-04-06T00:00:00.000Z', 'confidence': 0.2261250764131546, 'between': None}, {'property': '/properties/confidence', 'dataset': 'Overture', 'license': 'CDLA-Permissive-2.0', 'record_id': None, 'update_time': '2026-04-07T10:00:15Z', 'confidence': None, 'between': None}]", "operating_status": "open", "basic_category": "personal_care_and_beauty_store", "taxonomy": "{'primary': 'beauty_supply_store', 'hierarchy': ['shopping', 'specialty_store', 'personal_care_and_beauty_store', 'beauty_supply_store'], 'alternates': None}", "version": 1 }, "geometry": { "type": "Point", "coordinates": [ -76.54047815, 3.42579989 ] } },
{ "type": "Feature", "properties": { "id": "0f2571d7-8c6b-4eb5-a32d-c03e051a68fa", "categories": "{'primary': 'sports_and_fitness_instruction', 'alternate': None}", "confidence": 0.27233818173408508, "websites": null, "emails": null, "socials": [ "https://www.facebook.com/883609461509321" ], "phones": [ "+573058127923" ], "brand": "{'wikidata': None, 'names': {'primary': None, 'common': None, 'rules': None}}", "addresses": "[{'freeform': 'Calle 5B5 36-94', 'locality': 'Cali', 'postcode': '760042', 'region': None, 'country': 'CO'}]", "names": "{'primary': 'Extremeflex Col', 'common': None, 'rules': None}", "sources": "[{'property': '', 'dataset': 'meta', 'license': 'CDLA-Permissive-2.0', 'record_id': '883609461509321', 'update_time': '2026-04-06T00:00:00.000Z', 'confidence': 0.2723381817340851, 'between': None}, {'property': '/properties/confidence', 'dataset': 'Overture', 'license': 'CDLA-Permissive-2.0', 'record_id': None, 'update_time': '2026-04-07T10:00:15Z', 'confidence': None, 'between': None}]", "operating_status": "open", "basic_category": "sport_or_fitness_facility", "taxonomy": "{'primary': 'sport_or_fitness_facility', 'hierarchy': ['sports_and_recreation', 'sport_or_fitness_facility'], 'alternates': None}", "version": 1 }, "geometry": { "type": "Point", "coordinates": [ -76.54045, 3.42668 ] } },
{ "type": "Feature", "properties": { "id": "1cd3a60c-83df-4817-a443-24005d46b5af", "categories": { "primary": "pet_store", "alternate": [ "pet_services" ] }, "confidence": 0.27725246548652649, "websites": null, "emails": [ "manadahousecali@gmail.com" ], "socials": [ "https://www.facebook.com/658012324067423" ], "phones": [ "+573158100246" ], "brand": "{'wikidata': None, 'names': {'primary': None, 'common': None, 'rules': None}}", "addresses": "[{'freeform': 'Calle 5F 36-98', 'locality': 'Cali', 'postcode': '760042', 'region': None, 'country': 'CO'}]", "names": "{'primary': 'Manada House', 'common': None, 'rules': None}", "sources": "[{'property': '', 'dataset': 'meta', 'license': 'CDLA-Permissive-2.0', 'record_id': '658012324067423', 'update_time': '2026-04-06T00:00:00.000Z', 'confidence': 0.2772524654865265, 'between': None}, {'property': '/properties/confidence', 'dataset': 'Overture', 'license': 'CDLA-Permissive-2.0', 'record_id': None, 'update_time': '2026-04-07T10:00:15Z', 'confidence': None, 'between': None}]", "operating_status": "open", "basic_category": "animal_and_pet_store", "taxonomy": "{'primary': 'pet_store', 'hierarchy': ['shopping', 'specialty_store', 'animal_and_pet_store', 'pet_store'], 'alternates': None}", "version": 1 }, "geometry": { "type": "Point", "coordinates": [ -76.54044722, 3.42614937 ] } },
{ "type": "Feature", "properties": { "id": "0c41f66d-edd6-4cc4-8add-6c9725db756d", "categories": { "primary": "hair_supply_stores", "alternate": [ "beauty_salon", "makeup_artist" ] }, "confidence": 0.46308448910713196, "websites": null, "emails": null, "socials": [ "https://www.facebook.com/112452626839097" ], "phones": [ "+573234179112" ], "brand": "{'wikidata': None, 'names': {'primary': 'DumaShe MakeUp', 'common': None, 'rules': None}}", "addresses": "[{'freeform': 'Carrera 36B 5-26', 'locality': 'Cali', 'postcode': '760042', 'region': None, 'country': 'CO'}]", "names": "{'primary': 'Dumashe Cali San Fernando', 'common': None, 'rules': None}", "sources": "[{'property': '', 'dataset': 'meta', 'license': 'CDLA-Permissive-2.0', 'record_id': '112452626839097', 'update_time': '2026-04-06T00:00:00.000Z', 'confidence': 0.46308448910713196, 'between': None}, {'property': '/properties/confidence', 'dataset': 'Overture', 'license': 'CDLA-Permissive-2.0', 'record_id': None, 'update_time': '2026-04-07T10:00:15Z', 'confidence': None, 'between': None}]", "operating_status": "open", "basic_category": "personal_care_and_beauty_store", "taxonomy": "{'primary': 'hair_supply_store', 'hierarchy': ['shopping', 'specialty_store', 'personal_care_and_beauty_store', 'beauty_supply_store', 'hair_supply_store'], 'alternates': None}", "version": 1 }, "geometry": { "type": "Point", "coordinates": [ -76.54045547, 3.4258162 ] } },
{ "type": "Feature", "properties": { "id": "86a698d3-9bbc-4309-97d8-4939f3c170c6", "categories": { "primary": "pet_store", "alternate": [ "pet_groomer" ] }, "confidence": 0.51911020278930664, "websites": [ "http://www.yorkielandboutique.com/" ], "emails": [ "yorkielandboutique@gmail.com" ], "socials": [ "https://www.facebook.com/102601141530780" ], "phones": [ "+573158100246" ], "brand": "{'wikidata': None, 'names': {'primary': None, 'common': None, 'rules': None}}", "addresses": "[{'freeform': 'Calle 5F 36-98', 'locality': 'Cali', 'postcode': '760042', 'region': None, 'country': 'CO'}]", "names": "{'primary': 'Yorkieland Boutique', 'common': None, 'rules': None}", "sources": "[{'property': '', 'dataset': 'meta', 'license': 'CDLA-Permissive-2.0', 'record_id': '102601141530780', 'update_time': '2026-04-06T00:00:00.000Z', 'confidence': 0.5191102027893066, 'between': None}, {'property': '/properties/confidence', 'dataset': 'Overture', 'license': 'CDLA-Permissive-2.0', 'record_id': None, 'update_time': '2026-04-07T10:00:15Z', 'confidence': None, 'between': None}]", "operating_status": "open", "basic_category": "animal_and_pet_store", "taxonomy": "{'primary': 'pet_store', 'hierarchy': ['shopping', 'specialty_store', 'animal_and_pet_store', 'pet_store'], 'alternates': None}", "version": 8 }, "geometry": { "type": "Point", "coordinates": [ -76.54035637, 3.42620647 ] } },
{ "type": "Feature", "properties": { "id": "d3ff5bdc-568a-41e9-964d-2071b6e237bf", "categories": { "primary": "marketing_agency", "alternate": [ "advertising_agency" ] }, "confidence": 0.37140262126922607, "websites": [ "https://market360.com.co/" ], "emails": [ "info@market360.com.co" ], "socials": [ "https://www.facebook.com/631371280361945" ], "phones": [ "+573006422199" ], "brand": "{'wikidata': None, 'names': {'primary': None, 'common': None, 'rules': None}}", "addresses": "[{'freeform': 'Calle 5B5 36-63', 'locality': 'Cali', 'postcode': '760042', 'region': None, 'country': 'CO'}]", "names": "{'primary': 'Market360', 'common': None, 'rules': None}", "sources": "[{'property': '', 'dataset': 'meta', 'license': 'CDLA-Permissive-2.0', 'record_id': '631371280361945', 'update_time': '2026-04-06T00:00:00.000Z', 'confidence': 0.3714026212692261, 'between': None}, {'property': '/properties/confidence', 'dataset': 'Overture', 'license': 'CDLA-Permissive-2.0', 'record_id': None, 'update_time': '2026-04-07T10:00:15Z', 'confidence': None, 'between': None}]", "operating_status": "open", "basic_category": "professional_service", "taxonomy": "{'primary': 'marketing_agency', 'hierarchy': ['services_and_business', 'professional_service', 'marketing_agency'], 'alternates': None}", "version": 6 }, "geometry": { "type": "Point", "coordinates": [ -76.54029491, 3.42655247 ] } },
{ "type": "Feature", "properties": { "id": "c7ddc24b-cc43-41cf-8e96-0d61693b3cd9", "categories": { "primary": "sports_and_recreation_venue", "alternate": [ "active_life", "sports_club_and_league" ] }, "confidence": 0.67550265789031982, "websites": null, "emails": null, "socials": [ "https://www.facebook.com/1512042505680305" ], "phones": null, "brand": "{'wikidata': None, 'names': {'primary': None, 'common': None, 'rules': None}}", "addresses": "[{'freeform': 'Calle 5B5 37-36', 'locality': 'Cali', 'postcode': '760042', 'region': None, 'country': 'CO'}]", "names": "{'primary': 'Canchas Sinteticas Futbol 5', 'common': None, 'rules': None}", "sources": "[{'property': '', 'dataset': 'meta', 'license': 'CDLA-Permissive-2.0', 'record_id': '1512042505680305', 'update_time': '2026-04-06T00:00:00.000Z', 'confidence': 0.6755026578903198, 'between': None}, {'property': '/properties/confidence', 'dataset': 'Overture', 'license': 'CDLA-Permissive-2.0', 'record_id': None, 'update_time': '2026-04-07T10:00:15Z', 'confidence': None, 'between': None}]", "operating_status": "open", "basic_category": "sport_or_fitness_facility", "taxonomy": "{'primary': 'sport_or_fitness_facility', 'hierarchy': ['sports_and_recreation', 'sport_or_fitness_facility'], 'alternates': None}", "version": 7 }, "geometry": { "type": "Point", "coordinates": [ -76.540211708741509, 3.427255127510393 ] } },
{ "type": "Feature", "properties": { "id": "664852a0-b72a-42a6-bb73-fcb30893dd3f", "categories": { "primary": "restaurant", "alternate": [ "bar", "bar_and_grill_restaurant" ] }, "confidence": 0.816936194896698, "websites": [ "https://api.whatsapp.com/send?phone=573182530358&text=Hola.+Puedes+ayudarme" ], "emails": [ "solariumrestaurantebar@gmail.com" ], "socials": [ "https://www.facebook.com/240952279267693" ], "phones": [ "+573182530358" ], "brand": "{'wikidata': None, 'names': {'primary': None, 'common': None, 'rules': None}}", "addresses": "[{'freeform': 'Avenida Roosevelt 36A-41', 'locality': 'Cali', 'postcode': '760042', 'region': None, 'country': 'CO'}]", "names": "{'primary': 'Solarium Terraza', 'common': None, 'rules': None}", "sources": "[{'property': '', 'dataset': 'meta', 'license': 'CDLA-Permissive-2.0', 'record_id': '240952279267693', 'update_time': '2026-04-06T00:00:00.000Z', 'confidence': 0.816936194896698, 'between': None}, {'property': '/properties/confidence', 'dataset': 'Overture', 'license': 'CDLA-Permissive-2.0', 'record_id': None, 'update_time': '2026-04-07T10:00:15Z', 'confidence': None, 'between': None}]", "operating_status": "open", "basic_category": "restaurant", "taxonomy": "{'primary': 'restaurant', 'hierarchy': ['food_and_drink', 'restaurant'], 'alternates': None}", "version": 7 }, "geometry": { "type": "Point", "coordinates": [ -76.54010211, 3.42564029 ] } },
{ "type": "Feature", "properties": { "id": "00082653-99af-4f9e-95c7-06d79f467be2", "categories": null, "confidence": 0.70269626379013062, "websites": [ "http://www.carbang.com.co/" ], "emails": [ "carbanglux@gmail.com" ], "socials": [ "https://www.facebook.com/103523588132338" ], "phones": [ "+573176475198" ], "brand": "{'wikidata': None, 'names': {'primary': None, 'common': None, 'rules': None}}", "addresses": "[{'freeform': 'Avenida Roosevelt 36A-49', 'locality': 'Cali', 'postcode': '760042', 'region': None, 'country': 'CO'}]", "names": "{'primary': 'Car Bang', 'common': None, 'rules': None}", "sources": "[{'property': '', 'dataset': 'meta', 'license': 'CDLA-Permissive-2.0', 'record_id': '103523588132338', 'update_time': '2026-04-06T00:00:00.000Z', 'confidence': 0.7026962637901306, 'between': None}, {'property': '/properties/confidence', 'dataset': 'Overture', 'license': 'CDLA-Permissive-2.0', 'record_id': None, 'update_time': '2026-04-07T10:00:15Z', 'confidence': None, 'between': None}]", "operating_status": "open", "basic_category": null, "taxonomy": null, "version": 1 }, "geometry": { "type": "Point", "coordinates": [ -76.54008007, 3.42560575 ] } },
{ "type": "Feature", "properties": { "id": "537cf5ce-4e0b-4b44-b670-93e66d66961c", "categories": { "primary": "college_university", "alternate": [ "b2b_science_and_technology", "education" ] }, "confidence": 0.95711123943328857, "websites": [ "http://www.unad.edu.co/" ], "emails": [ "cali@unad.edu.co" ], "socials": [ "https://www.facebook.com/1487974511515110" ], "phones": [ "+573148930935" ], "brand": "{'wikidata': None, 'names': {'primary': None, 'common': None, 'rules': None}}", "addresses": "[{'freeform': 'Calle 10 Norte Avenida 9A-36', 'locality': 'Cali', 'postcode': '760045', 'region': None, 'country': 'CO'}]", "names": "{'primary': 'UNAD UDR Cali', 'common': None, 'rules': None}", "sources": "[{'property': '', 'dataset': 'meta', 'license': 'CDLA-Permissive-2.0', 'record_id': '1487974511515110', 'update_time': '2026-04-06T00:00:00.000Z', 'confidence': 0.9571112394332886, 'between': None}, {'property': '/properties/confidence', 'dataset': 'Overture', 'license': 'CDLA-Permissive-2.0', 'record_id': None, 'update_time': '2026-04-07T10:00:15Z', 'confidence': None, 'between': None}]", "operating_status": "open", "basic_category": "college_university", "taxonomy": "{'primary': 'college_university', 'hierarchy': ['education', 'place_of_learning', 'college_university'], 'alternates': None}", "version": 8 }, "geometry": { "type": "Point", "coordinates": [ -76.54006239, 3.42640659 ] } },
{ "type": "Feature", "properties": { "id": "f3d15275-1ac4-4667-9532-57d28cb5cf1d", "categories": { "primary": "spas", "alternate": [ "beauty_and_spa", "beauty_salon" ] }, "confidence": 0.99275769114494328, "websites": [ "http://www.dcorpus-spa.com/" ], "emails": [ "infospa@dcorpus.com.co" ], "socials": [ "https://www.facebook.com/165813690432352" ], "phones": [ "+573182530358" ], "brand": "{'wikidata': None, 'names': {'primary': None, 'common': None, 'rules': None}}", "addresses": "[{'freeform': 'Avenida Roosevelt 36A-41', 'locality': 'Cali', 'postcode': '760042', 'region': None, 'country': 'CO'}]", "names": "{'primary': \"D'Corpus Spa\", 'common': None, 'rules': None}", "sources": "[{'property': '', 'dataset': 'meta', 'license': 'CDLA-Permissive-2.0', 'record_id': '165813690432352', 'update_time': '2026-04-06T00:00:00.000Z', 'confidence': 0.968511700630188, 'between': None}, {'property': '/properties/confidence', 'dataset': 'Overture', 'license': 'CDLA-Permissive-2.0', 'record_id': None, 'update_time': '2026-04-07T10:00:15Z', 'confidence': None, 'between': None}]", "operating_status": "open", "basic_category": "wellness_service", "taxonomy": "{'primary': 'spa', 'hierarchy': ['lifestyle_services', 'wellness_service', 'spa'], 'alternates': None}", "version": 9 }, "geometry": { "type": "Point", "coordinates": [ -76.54006449, 3.42567763 ] } },
{ "type": "Feature", "properties": { "id": "42a95468-db19-4656-9a6c-0b0c9fc4f673", "categories": "{'primary': 'beauty_and_spa', 'alternate': None}", "confidence": 0.44589421153068542, "websites": null, "emails": null, "socials": [ "https://www.facebook.com/114999473242277" ], "phones": [ "+573157584014" ], "brand": "{'wikidata': None, 'names': {'primary': None, 'common': None, 'rules': None}}", "addresses": "[{'freeform': 'Calle 5b5 # 36-63 san fernando', 'locality': 'Cali', 'postcode': '<<not-applicable>>', 'region': None, 'country': 'CO'}]", "names": "{'primary': 'Fuquensbykarinab', 'common': None, 'rules': None}", "sources": "[{'property': '', 'dataset': 'meta', 'license': 'CDLA-Permissive-2.0', 'record_id': '114999473242277', 'update_time': '2026-04-06T00:00:00.000Z', 'confidence': 0.4458942115306854, 'between': None}, {'property': '/properties/confidence', 'dataset': 'Overture', 'license': 'CDLA-Permissive-2.0', 'record_id': None, 'update_time': '2026-04-07T10:00:15Z', 'confidence': None, 'between': None}]", "operating_status": "open", "basic_category": "personal_or_beauty_service", "taxonomy": "{'primary': 'beauty_service', 'hierarchy': ['lifestyle_services', 'personal_or_beauty_service'], 'alternates': None}", "version": 7 }, "geometry": { "type": "Point", "coordinates": [ -76.540017842967004, 3.4265704637749 ] } },
{ "type": "Feature", "properties": { "id": "db214573-c416-4a93-a732-453713500a3d", "categories": { "primary": "travel_company", "alternate": [ "beach_resort" ] }, "confidence": 0.47024381160736084, "websites": null, "emails": [ "circulodeviajesuniversalcali@gmail.com" ], "socials": [ "https://www.facebook.com/116451851484436" ], "phones": [ "+573245552486" ], "brand": "{'wikidata': None, 'names': {'primary': None, 'common': None, 'rules': None}}", "addresses": "[{'freeform': 'Avenida Roosevelt 36A-49', 'locality': 'Cali', 'postcode': '760042', 'region': None, 'country': 'CO'}]", "names": "{'primary': 'Circulo de viajes CALI', 'common': None, 'rules': None}", "sources": "[{'property': '', 'dataset': 'meta', 'license': 'CDLA-Permissive-2.0', 'record_id': '116451851484436', 'update_time': '2026-04-06T00:00:00.000Z', 'confidence': 0.47024381160736084, 'between': None}, {'property': '/properties/confidence', 'dataset': 'Overture', 'license': 'CDLA-Permissive-2.0', 'record_id': None, 'update_time': '2026-04-07T10:00:15Z', 'confidence': None, 'between': None}]", "operating_status": "open", "basic_category": "corporate_or_business_office", "taxonomy": "{'primary': 'travel_company', 'hierarchy': ['services_and_business', 'business', 'travel_company'], 'alternates': None}", "version": 4 }, "geometry": { "type": "Point", "coordinates": [ -76.54002, 3.42554 ] } },
{ "type": "Feature", "properties": { "id": "0dd232c8-dcab-4d52-8276-2fa4c2333d08", "categories": "{'primary': 'automotive_parts_and_accessories', 'alternate': None}", "confidence": 0.20670989155769348, "websites": null, "emails": [ "carbanglux@gmail.com" ], "socials": [ "https://www.facebook.com/791085084077816" ], "phones": [ "+573189325776" ], "brand": "{'wikidata': None, 'names': {'primary': None, 'common': None, 'rules': None}}", "addresses": "[{'freeform': 'Avenida Roosevelt 36A-49', 'locality': 'Cali', 'postcode': '760042', 'region': None, 'country': 'CO'}]", "names": "{'primary': 'LICHT Radiopantallas', 'common': None, 'rules': None}", "sources": "[{'property': '', 'dataset': 'meta', 'license': 'CDLA-Permissive-2.0', 'record_id': '791085084077816', 'update_time': '2026-04-06T00:00:00.000Z', 'confidence': 0.20670989155769348, 'between': None}, {'property': '/properties/confidence', 'dataset': 'Overture', 'license': 'CDLA-Permissive-2.0', 'record_id': None, 'update_time': '2026-04-07T10:00:15Z', 'confidence': None, 'between': None}]", "operating_status": "open", "basic_category": "vehicle_parts_store", "taxonomy": "{'primary': 'auto_parts_store', 'hierarchy': ['shopping', 'specialty_store', 'vehicle_parts_store', 'auto_parts_store'], 'alternates': None}", "version": 1 }, "geometry": { "type": "Point", "coordinates": [ -76.54002, 3.42554 ] } },
{ "type": "Feature", "properties": { "id": "e2e3fc02-a729-487b-9ba6-9466415d9404", "categories": "{'primary': 'furniture_store', 'alternate': None}", "confidence": 0.13801504671573639, "websites": null, "emails": [ "dekohogarvalle@gmail.com" ], "socials": [ "https://www.facebook.com/310338622154950" ], "phones": [ "+573153204911" ], "brand": "{'wikidata': None, 'names': {'primary': None, 'common': None, 'rules': None}}", "addresses": "[{'freeform': 'Avenida Roosevelt 36A-45', 'locality': 'Cali', 'postcode': '760042', 'region': None, 'country': 'CO'}]", "names": "{'primary': 'Dekohogar sillas reclinables', 'common': None, 'rules': None}", "sources": "[{'property': '', 'dataset': 'meta', 'license': 'CDLA-Permissive-2.0', 'record_id': '310338622154950', 'update_time': '2026-04-06T00:00:00.000Z', 'confidence': 0.1380150467157364, 'between': None}, {'property': '/properties/confidence', 'dataset': 'Overture', 'license': 'CDLA-Permissive-2.0', 'record_id': None, 'update_time': '2026-04-07T10:00:15Z', 'confidence': None, 'between': None}]", "operating_status": "open", "basic_category": "hardware_home_and_garden_store", "taxonomy": "{'primary': 'furniture_store', 'hierarchy': ['shopping', 'specialty_store', 'hardware_home_and_garden_store', 'furniture_store'], 'alternates': None}", "version": 7 }, "geometry": { "type": "Point", "coordinates": [ -76.54000214, 3.42560345 ] } },
{ "type": "Feature", "properties": { "id": "a52df87b-8416-442c-80d6-a82a60c3f53c", "categories": { "primary": "funeral_services_and_cemeteries", "alternate": [ "senior_citizen_services", "toy_store" ] }, "confidence": 0.62170588970184326, "websites": null, "emails": null, "socials": [ "https://www.facebook.com/475784972471108" ], "phones": null, "brand": "{'wikidata': None, 'names': {'primary': None, 'common': None, 'rules': None}}", "addresses": "[{'freeform': 'Cra. 36 #5BA-41', 'locality': 'Cali', 'postcode': '720025', 'region': None, 'country': 'CO'}]", "names": "{'primary': 'Funerales García', 'common': None, 'rules': None}", "sources": "[{'property': '', 'dataset': 'meta', 'license': 'CDLA-Permissive-2.0', 'record_id': '475784972471108', 'update_time': '2026-04-06T00:00:00.000Z', 'confidence': 0.6217058897018433, 'between': None}, {'property': '/properties/confidence', 'dataset': 'Overture', 'license': 'CDLA-Permissive-2.0', 'record_id': None, 'update_time': '2026-04-07T10:00:15Z', 'confidence': None, 'between': None}]", "operating_status": "open", "basic_category": "family_service", "taxonomy": "{'primary': 'funeral_service', 'hierarchy': ['services_and_business', 'family_service', 'funeral_service'], 'alternates': None}", "version": 7 }, "geometry": { "type": "Point", "coordinates": [ -76.54000142, 3.42732121 ] } },
{ "type": "Feature", "properties": { "id": "e16c35b5-f2d8-46fa-b02a-f289f6b64f8b", "categories": { "primary": "automotive_parts_and_accessories", "alternate": [ "automotive_repair", "car_stereo_store" ] }, "confidence": 0.27723610401153564, "websites": [ "https://autofix1A.negocio.site/" ], "emails": null, "socials": [ "https://www.facebook.com/102083781220197" ], "phones": [ "+573168921696" ], "brand": "{'wikidata': None, 'names': {'primary': None, 'common': None, 'rules': None}}", "addresses": "[{'freeform': 'Avenida Roosevelt 36A-21', 'locality': 'Cali', 'postcode': '760042', 'region': None, 'country': 'CO'}]", "names": "{'primary': 'Tecnic Hapas La 9', 'common': None, 'rules': None}", "sources": "[{'property': '', 'dataset': 'meta', 'license': 'CDLA-Permissive-2.0', 'record_id': '102083781220197', 'update_time': '2026-04-06T00:00:00.000Z', 'confidence': 0.27723610401153564, 'between': None}, {'property': '/properties/confidence', 'dataset': 'Overture', 'license': 'CDLA-Permissive-2.0', 'record_id': None, 'update_time': '2026-04-07T10:00:15Z', 'confidence': None, 'between': None}]", "operating_status": "open", "basic_category": "vehicle_parts_store", "taxonomy": "{'primary': 'auto_parts_store', 'hierarchy': ['shopping', 'specialty_store', 'vehicle_parts_store', 'auto_parts_store'], 'alternates': None}", "version": 3 }, "geometry": { "type": "Point", "coordinates": [ -76.53998473, 3.4257528 ] } },
{ "type": "Feature", "properties": { "id": "99710400-bdf7-45a6-9906-6e4a05b02215", "categories": { "primary": "community_services_non_profits", "alternate": [ "non_governmental_association" ] }, "confidence": 0.27458420395851135, "websites": [ "https://forosuroccidente.org/" ], "emails": [ "comunicaciones.suroccidente@foro.org.co" ], "socials": [ "https://www.facebook.com/167826419755350" ], "phones": [ "+573053675847" ], "brand": "{'wikidata': None, 'names': {'primary': None, 'common': None, 'rules': None}}", "addresses": "[{'freeform': 'Carrera 36A BIS 6-35', 'locality': 'Cali', 'postcode': '760042', 'region': None, 'country': 'CO'}]", "names": "{'primary': 'Fundación Foro Suroccidente', 'common': None, 'rules': None}", "sources": "[{'property': '', 'dataset': 'meta', 'license': 'CDLA-Permissive-2.0', 'record_id': '167826419755350', 'update_time': '2026-04-06T00:00:00.000Z', 'confidence': 0.27458420395851135, 'between': None}, {'property': '/properties/confidence', 'dataset': 'Overture', 'license': 'CDLA-Permissive-2.0', 'record_id': None, 'update_time': '2026-04-07T10:00:15Z', 'confidence': None, 'between': None}]", "operating_status": "open", "basic_category": "social_or_community_service", "taxonomy": "{'primary': 'social_or_community_service', 'hierarchy': ['community_and_government', 'social_or_community_service'], 'alternates': None}", "version": 7 }, "geometry": { "type": "Point", "coordinates": [ -76.53995759, 3.42522517 ] } },
{ "type": "Feature", "properties": { "id": "aa826fec-e493-499e-a6e0-e3fd68e902ce", "categories": { "primary": "marketing_agency", "alternate": [ "professional_services" ] }, "confidence": 0.24472102522850037, "websites": [ "http://www.cesantiasfacilretiro.com/" ], "emails": [ "cesantiasfacilretiro@gmail.com" ], "socials": [ "https://www.facebook.com/464073016778602" ], "phones": [ "+573207161895" ], "brand": "{'wikidata': None, 'names': {'primary': None, 'common': None, 'rules': None}}", "addresses": "[{'freeform': 'Calle 6 36B-30', 'locality': 'Cali', 'postcode': '760042', 'region': None, 'country': 'CO'}]", "names": "{'primary': 'Cesantías fácil retiro', 'common': None, 'rules': None}", "sources": "[{'property': '', 'dataset': 'meta', 'license': 'CDLA-Permissive-2.0', 'record_id': '464073016778602', 'update_time': '2026-04-06T00:00:00.000Z', 'confidence': 0.24472102522850037, 'between': None}, {'property': '/properties/confidence', 'dataset': 'Overture', 'license': 'CDLA-Permissive-2.0', 'record_id': None, 'update_time': '2026-04-07T10:00:15Z', 'confidence': None, 'between': None}]", "operating_status": "open", "basic_category": "professional_service", "taxonomy": "{'primary': 'marketing_agency', 'hierarchy': ['services_and_business', 'professional_service', 'marketing_agency'], 'alternates': None}", "version": 1 }, "geometry": { "type": "Point", "coordinates": [ -76.539952, 3.4258866 ] } },
{ "type": "Feature", "properties": { "id": "28d24e97-2dd7-4b53-b414-8db9ba78701d", "categories": { "primary": "hospital", "alternate": [ "doctor", "hotel" ] }, "confidence": 0.60166287422180176, "websites": [ "https://www.paginasamarillas.com.co/empresas/hogar-geriatrico-la-posada-del-abuelo/cali-15746480" ], "emails": [ "albalucia2868@gmail.com" ], "socials": [ "https://www.facebook.com/113005670120448" ], "phones": [ "+5723784501" ], "brand": "{'wikidata': None, 'names': {'primary': None, 'common': None, 'rules': None}}", "addresses": "[{'freeform': 'Carrera 36B 5F-47', 'locality': 'Cali', 'postcode': '760042', 'region': None, 'country': 'CO'}]", "names": "{'primary': 'Hogar Geriátrico San Marcos', 'common': None, 'rules': None}", "sources": "[{'property': '', 'dataset': 'meta', 'license': 'CDLA-Permissive-2.0', 'record_id': '113005670120448', 'update_time': '2026-04-06T00:00:00.000Z', 'confidence': 0.6016628742218018, 'between': None}, {'property': '/properties/confidence', 'dataset': 'Overture', 'license': 'CDLA-Permissive-2.0', 'record_id': None, 'update_time': '2026-04-07T10:00:15Z', 'confidence': None, 'between': None}]", "operating_status": "open", "basic_category": "hospital", "taxonomy": "{'primary': 'hospital', 'hierarchy': ['health_care', 'hospital'], 'alternates': None}", "version": 6 }, "geometry": { "type": "Point", "coordinates": [ -76.53972692, 3.42661965 ] } },
{ "type": "Feature", "properties": { "id": "25c9891f-3c34-4326-b4de-8df2a7e80b27", "categories": { "primary": "hotel", "alternate": [ "travel", "transportation" ] }, "confidence": 0.85100448131561279, "websites": null, "emails": [ "hotelcampestredanubiocartago@yahoo.es" ], "socials": [ "https://www.facebook.com/145249402330377" ], "phones": [ "+5722114247" ], "brand": "{'wikidata': None, 'names': {'primary': None, 'common': None, 'rules': None}}", "addresses": "[{'freeform': 'KL 6 VIA CARTAGO - CALI', 'locality': 'Cali', 'postcode': None, 'region': None, 'country': 'CO'}]", "names": "{'primary': 'El Danubio Hotel Campestre', 'common': None, 'rules': None}", "sources": "[{'property': '', 'dataset': 'meta', 'license': 'CDLA-Permissive-2.0', 'record_id': '145249402330377', 'update_time': '2026-04-06T00:00:00.000Z', 'confidence': 0.8510044813156128, 'between': None}, {'property': '/properties/confidence', 'dataset': 'Overture', 'license': 'CDLA-Permissive-2.0', 'record_id': None, 'update_time': '2026-04-07T10:00:15Z', 'confidence': None, 'between': None}]", "operating_status": "open", "basic_category": "hotel", "taxonomy": "{'primary': 'hotel', 'hierarchy': ['lodging', 'hotel'], 'alternates': None}", "version": 6 }, "geometry": { "type": "Point", "coordinates": [ -76.5397263, 3.4264801 ] } },
{ "type": "Feature", "properties": { "id": "da2b1637-aca2-4649-8473-7029d0f8d1a0", "categories": { "primary": "peruvian_restaurant", "alternate": [ "restaurant", "brewery" ] }, "confidence": 0.62135249376296997, "websites": null, "emails": null, "socials": [ "https://www.facebook.com/470698416596809" ], "phones": [ "+5723469107" ], "brand": "{'wikidata': None, 'names': {'primary': None, 'common': None, 'rules': None}}", "addresses": "[{'freeform': 'Avenida Roosevelt 34-66', 'locality': 'Cali', 'postcode': '760042', 'region': None, 'country': 'CO'}]", "names": "{'primary': 'Brasas Peruanas | Santiago de Cali', 'common': None, 'rules': None}", "sources": "[{'property': '', 'dataset': 'meta', 'license': 'CDLA-Permissive-2.0', 'record_id': '470698416596809', 'update_time': '2026-04-06T00:00:00.000Z', 'confidence': 0.62135249376297, 'between': None}, {'property': '/properties/confidence', 'dataset': 'Overture', 'license': 'CDLA-Permissive-2.0', 'record_id': None, 'update_time': '2026-04-07T10:00:15Z', 'confidence': None, 'between': None}]", "operating_status": "open", "basic_category": "restaurant", "taxonomy": "{'primary': 'peruvian_restaurant', 'hierarchy': ['food_and_drink', 'restaurant', 'latin_american_restaurant', 'south_american_restaurant', 'peruvian_restaurant'], 'alternates': None}", "version": 7 }, "geometry": { "type": "Point", "coordinates": [ -76.5397169, 3.42758331 ] } },
{ "type": "Feature", "properties": { "id": "174a933d-c69b-4847-82bb-f46ea40431d5", "categories": "{'primary': 'funeral_services_and_cemeteries', 'alternate': None}", "confidence": 0.80139058828353882, "websites": null, "emails": null, "socials": [ "https://www.facebook.com/948896365319441" ], "phones": [ "+573108432051" ], "brand": "{'wikidata': None, 'names': {'primary': None, 'common': None, 'rules': None}}", "addresses": "[{'freeform': 'Avenida Roosevelt 34-86', 'locality': 'Cali', 'postcode': '760042', 'region': None, 'country': 'CO'}]", "names": "{'primary': 'Capilla de Velación Fraternidad', 'common': None, 'rules': None}", "sources": "[{'property': '', 'dataset': 'meta', 'license': 'CDLA-Permissive-2.0', 'record_id': '948896365319441', 'update_time': '2026-04-06T00:00:00.000Z', 'confidence': 0.8013905882835388, 'between': None}, {'property': '/properties/confidence', 'dataset': 'Overture', 'license': 'CDLA-Permissive-2.0', 'record_id': None, 'update_time': '2026-04-07T10:00:15Z', 'confidence': None, 'between': None}]", "operating_status": "open", "basic_category": "family_service", "taxonomy": "{'primary': 'funeral_service', 'hierarchy': ['services_and_business', 'family_service', 'funeral_service'], 'alternates': None}", "version": 9 }, "geometry": { "type": "Point", "coordinates": [ -76.53971092, 3.42717918 ] } },
{ "type": "Feature", "properties": { "id": "21c10c03-6d4a-4eab-8efa-0135f4368a2f", "categories": { "primary": "occupational_safety", "alternate": [ "health_department", "commercial_industrial" ] }, "confidence": 0.62618935108184814, "websites": [ "http://www.caprapsi.com/" ], "emails": [ "caprapsiltda125@hotmail.com" ], "socials": [ "https://www.facebook.com/1532191017069129" ], "phones": [ "+570325240125" ], "brand": "{'wikidata': None, 'names': {'primary': None, 'common': None, 'rules': None}}", "addresses": "[{'freeform': 'Carrera 36A 6-34', 'locality': 'Cali', 'postcode': '760042', 'region': None, 'country': 'CO'}]", "names": "{'primary': 'Caprapsi', 'common': None, 'rules': None}", "sources": "[{'property': '', 'dataset': 'meta', 'license': 'CDLA-Permissive-2.0', 'record_id': '1532191017069129', 'update_time': '2026-04-06T00:00:00.000Z', 'confidence': 0.6261893510818481, 'between': None}, {'property': '/properties/confidence', 'dataset': 'Overture', 'license': 'CDLA-Permissive-2.0', 'record_id': None, 'update_time': '2026-04-07T10:00:15Z', 'confidence': None, 'between': None}]", "operating_status": "open", "basic_category": "b2b_industrial_and_machine_service", "taxonomy": "{'primary': 'occupational_safety', 'hierarchy': ['services_and_business', 'b2b_service', 'b2b_industrial_and_machine_service', 'occupational_safety'], 'alternates': None}", "version": 9 }, "geometry": { "type": "Point", "coordinates": [ -76.53966728, 3.42579515 ] } },
{ "type": "Feature", "properties": { "id": "ec8151eb-939a-4c07-ae6c-510cc6048bb2", "categories": { "primary": "restaurant", "alternate": [ "cafe", "barbecue_restaurant" ] }, "confidence": 0.69663494825363159, "websites": null, "emails": [ "juanosrestaurantecafe@hotmail.com" ], "socials": [ "https://www.facebook.com/356409974419517" ], "phones": [ "+573104746764" ], "brand": "{'wikidata': None, 'names': {'primary': None, 'common': None, 'rules': None}}", "addresses": "[{'freeform': 'Carrera 36A-50', 'locality': 'Cali', 'postcode': '760042', 'region': None, 'country': 'CO'}]", "names": "{'primary': 'Juanos Restaurante Café', 'common': None, 'rules': None}", "sources": "[{'property': '', 'dataset': 'meta', 'license': 'CDLA-Permissive-2.0', 'record_id': '356409974419517', 'update_time': '2026-04-06T00:00:00.000Z', 'confidence': 0.6966349482536316, 'between': None}, {'property': '/properties/confidence', 'dataset': 'Overture', 'license': 'CDLA-Permissive-2.0', 'record_id': None, 'update_time': '2026-04-07T10:00:15Z', 'confidence': None, 'between': None}]", "operating_status": "open", "basic_category": "restaurant", "taxonomy": "{'primary': 'restaurant', 'hierarchy': ['food_and_drink', 'restaurant'], 'alternates': None}", "version": 7 }, "geometry": { "type": "Point", "coordinates": [ -76.53963074, 3.42581441 ] } },
{ "type": "Feature", "properties": { "id": "f606b19b-f412-4414-bde4-8be0997b9563", "categories": { "primary": "bookstore", "alternate": [ "cafe", "tea_room" ] }, "confidence": 0.32366642355918884, "websites": [ "http://bookafecali.wix.com/bookafecali" ], "emails": [ "bookafe.cali@gmail.com" ], "socials": [ "https://www.facebook.com/331462973660614" ], "phones": [ "+573116803793" ], "brand": "{'wikidata': None, 'names': {'primary': None, 'common': None, 'rules': None}}", "addresses": "[{'freeform': 'Av. Roosevelt #34-66', 'locality': 'Cali', 'postcode': '760042', 'region': None, 'country': 'CO'}]", "names": "{'primary': 'Bookafé', 'common': None, 'rules': None}", "sources": "[{'property': '', 'dataset': 'meta', 'license': 'CDLA-Permissive-2.0', 'record_id': '331462973660614', 'update_time': '2026-04-06T00:00:00.000Z', 'confidence': 0.32366642355918884, 'between': None}, {'property': '/properties/confidence', 'dataset': 'Overture', 'license': 'CDLA-Permissive-2.0', 'record_id': None, 'update_time': '2026-04-07T10:00:15Z', 'confidence': None, 'between': None}]", "operating_status": "open", "basic_category": "books_music_and_video_store", "taxonomy": "{'primary': 'bookstore', 'hierarchy': ['shopping', 'specialty_store', 'books_music_and_video_store', 'bookstore'], 'alternates': None}", "version": 7 }, "geometry": { "type": "Point", "coordinates": [ -76.53960242, 3.42746374 ] } },
{ "type": "Feature", "properties": { "id": "8aae115a-4c21-4efc-bdbc-ea2dbc96adef", "categories": { "primary": "bakery", "alternate": [ "fast_food_restaurant" ] }, "confidence": 0.76232504844665527, "websites": [ "http://www.prapers.com/" ], "emails": [ "admin@prapers.com" ], "socials": [ "https://www.facebook.com/270299296468480" ], "phones": null, "brand": "{'wikidata': None, 'names': {'primary': None, 'common': None, 'rules': None}}", "addresses": "[{'freeform': 'Avenida Roosevelt 35-55', 'locality': 'Cali', 'postcode': '760042', 'region': None, 'country': 'CO'}]", "names": "{'primary': 'Panadería Florentina y Prapers', 'common': None, 'rules': None}", "sources": "[{'property': '', 'dataset': 'meta', 'license': 'CDLA-Permissive-2.0', 'record_id': '270299296468480', 'update_time': '2026-04-06T00:00:00.000Z', 'confidence': 0.7623250484466553, 'between': None}, {'property': '/properties/confidence', 'dataset': 'Overture', 'license': 'CDLA-Permissive-2.0', 'record_id': None, 'update_time': '2026-04-07T10:00:15Z', 'confidence': None, 'between': None}]", "operating_status": "open", "basic_category": "casual_eatery", "taxonomy": "{'primary': 'bakery', 'hierarchy': ['food_and_drink', 'casual_eatery', 'bakery'], 'alternates': None}", "version": 4 }, "geometry": { "type": "Point", "coordinates": [ -76.53958973, 3.42686642 ] } },
{ "type": "Feature", "properties": { "id": "0a5d388d-3aa7-4f2e-9f17-054bf61e3993", "categories": "{'primary': 'spas', 'alternate': None}", "confidence": 0.60402148962020874, "websites": [ "https://rejuveness.co/" ], "emails": [ "rejuvenessestetica23@gmail.com" ], "socials": [ "https://www.facebook.com/113621156853076" ], "phones": [ "+573219365768" ], "brand": "{'wikidata': None, 'names': {'primary': None, 'common': None, 'rules': None}}", "addresses": "[{'freeform': 'Avenida Roosevelt 34-54', 'locality': 'Cali', 'postcode': '760042', 'region': None, 'country': 'CO'}]", "names": "{'primary': 'Rejuveness Spa Facial y Corporal', 'common': None, 'rules': None}", "sources": "[{'property': '', 'dataset': 'meta', 'license': 'CDLA-Permissive-2.0', 'record_id': '113621156853076', 'update_time': '2026-04-06T00:00:00.000Z', 'confidence': 0.6040214896202087, 'between': None}, {'property': '/properties/confidence', 'dataset': 'Overture', 'license': 'CDLA-Permissive-2.0', 'record_id': None, 'update_time': '2026-04-07T10:00:15Z', 'confidence': None, 'between': None}]", "operating_status": "open", "basic_category": "wellness_service", "taxonomy": "{'primary': 'spa', 'hierarchy': ['lifestyle_services', 'wellness_service', 'spa'], 'alternates': None}", "version": 6 }, "geometry": { "type": "Point", "coordinates": [ -76.53956414, 3.42749892 ] } },
{ "type": "Feature", "properties": { "id": "796463a7-b99b-474e-8c07-849c54f9f5c6", "categories": { "primary": "restaurant", "alternate": [ "burger_restaurant", "fast_food_restaurant" ] }, "confidence": 0.50688445568084717, "websites": null, "emails": [ "lancherospradaviviana@hotmail.com" ], "socials": [ "https://www.facebook.com/136692776400594" ], "phones": [ "+13167813740" ], "brand": "{'wikidata': None, 'names': {'primary': None, 'common': None, 'rules': None}}", "addresses": "[{'freeform': 'Calle 6 35', 'locality': 'Cali', 'postcode': '760042', 'region': None, 'country': 'CO'}]", "names": "{'primary': \"Praper's\", 'common': None, 'rules': None}", "sources": "[{'property': '', 'dataset': 'meta', 'license': 'CDLA-Permissive-2.0', 'record_id': '136692776400594', 'update_time': '2026-04-06T00:00:00.000Z', 'confidence': 0.5068844556808472, 'between': None}, {'property': '/properties/confidence', 'dataset': 'Overture', 'license': 'CDLA-Permissive-2.0', 'record_id': None, 'update_time': '2026-04-07T10:00:15Z', 'confidence': None, 'between': None}]", "operating_status": "open", "basic_category": "restaurant", "taxonomy": "{'primary': 'restaurant', 'hierarchy': ['food_and_drink', 'restaurant'], 'alternates': None}", "version": 1 }, "geometry": { "type": "Point", "coordinates": [ -76.53951532, 3.42691324 ] } },
{ "type": "Feature", "properties": { "id": "b94e3d98-2482-4bb0-8402-de056c2cd7f7", "categories": { "primary": "social_service_organizations", "alternate": [ "event_planning", "professional_services" ] }, "confidence": 0.58197754621505737, "websites": [ "http://clubdenegocioscolombia.com/" ], "emails": [ "comercial@clubdenegocioscolombia.com" ], "socials": [ "https://www.facebook.com/714462498685060" ], "phones": [ "+573227897400" ], "brand": "{'wikidata': None, 'names': {'primary': None, 'common': None, 'rules': None}}", "addresses": "[{'freeform': 'Carrera 36A', 'locality': 'Cali', 'postcode': '760042', 'region': None, 'country': 'CO'}]", "names": "{'primary': 'Club de Negocios Colombia', 'common': None, 'rules': None}", "sources": "[{'property': '', 'dataset': 'meta', 'license': 'CDLA-Permissive-2.0', 'record_id': '714462498685060', 'update_time': '2026-04-06T00:00:00.000Z', 'confidence': 0.5819775462150574, 'between': None}, {'property': '/properties/confidence', 'dataset': 'Overture', 'license': 'CDLA-Permissive-2.0', 'record_id': None, 'update_time': '2026-04-07T10:00:15Z', 'confidence': None, 'between': None}]", "operating_status": "open", "basic_category": "social_or_community_service", "taxonomy": "{'primary': 'social_or_community_service', 'hierarchy': ['community_and_government', 'social_or_community_service'], 'alternates': None}", "version": 6 }, "geometry": { "type": "Point", "coordinates": [ -76.53949865, 3.42581557 ] } },
{ "type": "Feature", "properties": { "id": "55f9fc73-7dbf-40ed-9dc1-701c7d2c5924", "categories": { "primary": "lawyer", "alternate": [ "legal_services", "bail_bonds_service" ] }, "confidence": 0.029318105429410934, "websites": [ "https://zenasabogados.com/" ], "emails": null, "socials": [ "https://www.facebook.com/284501375455359" ], "phones": [ "+573176727614" ], "brand": "{'wikidata': None, 'names': {'primary': None, 'common': None, 'rules': None}}", "addresses": "[{'freeform': 'Carrera 36A 6-60', 'locality': 'Cali', 'postcode': '760042', 'region': None, 'country': 'CO'}]", "names": "{'primary': 'AV Abogados', 'common': None, 'rules': None}", "sources": "[{'property': '', 'dataset': 'meta', 'license': 'CDLA-Permissive-2.0', 'record_id': '284501375455359', 'update_time': '2026-04-06T00:00:00.000Z', 'confidence': 0.029318105429410934, 'between': None}, {'property': '/properties/confidence', 'dataset': 'Overture', 'license': 'CDLA-Permissive-2.0', 'record_id': None, 'update_time': '2026-04-07T10:00:15Z', 'confidence': None, 'between': None}]", "operating_status": "open", "basic_category": "attorney_or_law_firm", "taxonomy": "{'primary': 'attorney_or_law_firm', 'hierarchy': ['services_and_business', 'legal_service', 'attorney_or_law_firm'], 'alternates': None}", "version": 7 }, "geometry": { "type": "Point", "coordinates": [ -76.53947272, 3.42573323 ] } },
{ "type": "Feature", "properties": { "id": "bfb437db-f1f2-4d14-95fa-97d30377856d", "categories": { "primary": "counseling_and_mental_health", "alternate": [ "psychologist" ] }, "confidence": 0.2622038722038269, "websites": [ "https://crissalida.com.co/" ], "emails": null, "socials": [ "https://www.facebook.com/435864653880553" ], "phones": [ "+573184144625" ], "brand": "{'wikidata': None, 'names': {'primary': None, 'common': None, 'rules': None}}", "addresses": "[{'freeform': 'Carrera 36A 6-60', 'locality': 'Cali', 'postcode': '760042', 'region': None, 'country': 'CO'}]", "names": "{'primary': 'Crissalida', 'common': None, 'rules': None}", "sources": "[{'property': '', 'dataset': 'meta', 'license': 'CDLA-Permissive-2.0', 'record_id': '435864653880553', 'update_time': '2026-04-06T00:00:00.000Z', 'confidence': 0.2622038722038269, 'between': None}, {'property': '/properties/confidence', 'dataset': 'Overture', 'license': 'CDLA-Permissive-2.0', 'record_id': None, 'update_time': '2026-04-07T10:00:15Z', 'confidence': None, 'between': None}]", "operating_status": "open", "basic_category": "behavioral_or_mental_health_clinic", "taxonomy": "{'primary': 'behavioral_or_mental_health_clinic', 'hierarchy': ['health_care', 'outpatient_care_facility', 'behavioral_or_mental_health_clinic'], 'alternates': None}", "version": 1 }, "geometry": { "type": "Point", "coordinates": [ -76.53946227, 3.42577996 ] } },
{ "type": "Feature", "properties": { "id": "335e5c88-f399-4426-b693-1b84c423c4f8", "categories": { "primary": "b2b_jewelers", "alternate": [ "health_and_medical" ] }, "confidence": 0.13080240786075592, "websites": [ "https://www.baby-ear.com/" ], "emails": [ "servimedidbabyear@gmail.com" ], "socials": [ "https://www.facebook.com/1129295057148617" ], "phones": [ "+573117750826" ], "brand": "{'wikidata': None, 'names': {'primary': None, 'common': None, 'rules': None}}", "addresses": "[{'freeform': None, 'locality': 'Cali', 'postcode': None, 'region': None, 'country': 'CO'}]", "names": "{'primary': 'BABY EAR -Perforacion de orejas', 'common': None, 'rules': None}", "sources": "[{'property': '', 'dataset': 'meta', 'license': 'CDLA-Permissive-2.0', 'record_id': '1129295057148617', 'update_time': '2026-04-06T00:00:00.000Z', 'confidence': 0.13080240786075592, 'between': None}, {'property': '/properties/confidence', 'dataset': 'Overture', 'license': 'CDLA-Permissive-2.0', 'record_id': None, 'update_time': '2026-04-07T10:00:15Z', 'confidence': None, 'between': None}]", "operating_status": "open", "basic_category": "manufacturer", "taxonomy": "{'primary': 'jewelry_and_watches_manufacturer', 'hierarchy': ['services_and_business', 'b2b_service', 'manufacturer', 'jewelry_and_watches_manufacturer'], 'alternates': None}", "version": 6 }, "geometry": { "type": "Point", "coordinates": [ -76.53948, 3.425459225365 ] } },
{ "type": "Feature", "properties": { "id": "522d5ed0-c9b7-4e4d-8ae4-3a7251ad7241", "categories": { "primary": "travel", "alternate": [ "holiday_rental_home", "cottage" ] }, "confidence": 0.49676540493965149, "websites": [ "https://fincos.co/" ], "emails": [ "info@fincos.co" ], "socials": [ "https://www.facebook.com/188144191241136" ], "phones": [ "+573184227350" ], "brand": "{'wikidata': None, 'names': {'primary': None, 'common': None, 'rules': None}}", "addresses": "[{'freeform': 'Carrera 36A 6-60', 'locality': 'Cali', 'postcode': '760042', 'region': None, 'country': 'CO'}]", "names": "{'primary': 'Fincas de Colombia', 'common': None, 'rules': None}", "sources": "[{'property': '', 'dataset': 'meta', 'license': 'CDLA-Permissive-2.0', 'record_id': '188144191241136', 'update_time': '2026-04-06T00:00:00.000Z', 'confidence': 0.4967654049396515, 'between': None}, {'property': '/properties/confidence', 'dataset': 'Overture', 'license': 'CDLA-Permissive-2.0', 'record_id': None, 'update_time': '2026-04-07T10:00:15Z', 'confidence': None, 'between': None}]", "operating_status": "open", "basic_category": "travel_service", "taxonomy": "{'primary': 'travel_service', 'hierarchy': ['travel_and_transportation', 'travel_service'], 'alternates': None}", "version": 6 }, "geometry": { "type": "Point", "coordinates": [ -76.53945625, 3.42575746 ] } },
{ "type": "Feature", "properties": { "id": "d615b2c1-64f5-4901-b9ad-d836b036f8c5", "categories": null, "confidence": 0.55171108245849609, "websites": null, "emails": null, "socials": [ "https://www.facebook.com/252489111840994" ], "phones": [ "+573218277930" ], "brand": "{'wikidata': None, 'names': {'primary': None, 'common': None, 'rules': None}}", "addresses": "[{'freeform': 'Avenida del Estadio 5A-28', 'locality': 'Cali', 'postcode': '760042', 'region': None, 'country': 'CO'}]", "names": "{'primary': 'Tropicoco', 'common': None, 'rules': None}", "sources": "[{'property': '', 'dataset': 'meta', 'license': 'CDLA-Permissive-2.0', 'record_id': '252489111840994', 'update_time': '2026-04-06T00:00:00.000Z', 'confidence': 0.5517110824584961, 'between': None}, {'property': '/properties/confidence', 'dataset': 'Overture', 'license': 'CDLA-Permissive-2.0', 'record_id': None, 'update_time': '2026-04-07T10:00:15Z', 'confidence': None, 'between': None}]", "operating_status": "open", "basic_category": null, "taxonomy": null, "version": 1 }, "geometry": { "type": "Point", "coordinates": [ -76.53943, 3.4276 ] } },
{ "type": "Feature", "properties": { "id": "3548badc-6492-4371-9629-bc41e1b8d3bb", "categories": "{'primary': 'religious_organization', 'alternate': None}", "confidence": 0.54838532209396362, "websites": [ "https://amarresdeamorimposibles.com/" ], "emails": null, "socials": [ "https://www.facebook.com/108445067709899" ], "phones": [ "+573206932990" ], "brand": "{'wikidata': None, 'names': {'primary': None, 'common': None, 'rules': None}}", "addresses": "[{'freeform': 'Avenida Roosevelt 35-33', 'locality': 'Cali', 'postcode': '760042', 'region': None, 'country': 'CO'}]", "names": "{'primary': 'Espiritista Cali-Amarres De Amor', 'common': None, 'rules': None}", "sources": "[{'property': '', 'dataset': 'meta', 'license': 'CDLA-Permissive-2.0', 'record_id': '108445067709899', 'update_time': '2026-04-06T00:00:00.000Z', 'confidence': 0.5483853220939636, 'between': None}, {'property': '/properties/confidence', 'dataset': 'Overture', 'license': 'CDLA-Permissive-2.0', 'record_id': None, 'update_time': '2026-04-07T10:00:15Z', 'confidence': None, 'between': None}]", "operating_status": "open", "basic_category": "religious_organization", "taxonomy": "{'primary': 'religious_organization', 'hierarchy': ['cultural_and_historic', 'religious_organization'], 'alternates': None}", "version": 5 }, "geometry": { "type": "Point", "coordinates": [ -76.53937, 3.42704 ] } },
{ "type": "Feature", "properties": { "id": "d9705d84-00dc-4296-9de9-2c4abf02d997", "categories": { "primary": "church_cathedral", "alternate": [ "religious_organization" ] }, "confidence": 0.55086249113082886, "websites": null, "emails": null, "socials": [ "https://www.facebook.com/100454554942189" ], "phones": null, "brand": "{'wikidata': None, 'names': {'primary': None, 'common': None, 'rules': None}}", "addresses": "[{'freeform': 'Calle 6 34-66', 'locality': 'Cali', 'postcode': '760042', 'region': None, 'country': 'CO'}]", "names": "{'primary': 'Iglesia en Santiago de cali', 'common': None, 'rules': None}", "sources": "[{'property': '', 'dataset': 'meta', 'license': 'CDLA-Permissive-2.0', 'record_id': '100454554942189', 'update_time': '2026-04-06T00:00:00.000Z', 'confidence': 0.5508624911308289, 'between': None}, {'property': '/properties/confidence', 'dataset': 'Overture', 'license': 'CDLA-Permissive-2.0', 'record_id': None, 'update_time': '2026-04-07T10:00:15Z', 'confidence': None, 'between': None}]", "operating_status": "open", "basic_category": "christian_place_of_worship", "taxonomy": "{'primary': 'christian_place_of_worship', 'hierarchy': ['cultural_and_historic', 'religious_organization', 'place_of_worship', 'christian_place_of_worship'], 'alternates': None}", "version": 6 }, "geometry": { "type": "Point", "coordinates": [ -76.5393625, 3.4272232 ] } },
{ "type": "Feature", "properties": { "id": "23cfef94-0fac-446c-985b-7528bff8edfe", "categories": "{'primary': 'accommodation', 'alternate': None}", "confidence": 0.63180768489837646, "websites": [ "http://wa.me/573007008575" ], "emails": null, "socials": [ "https://www.facebook.com/103206291955361" ], "phones": null, "brand": "{'wikidata': None, 'names': {'primary': None, 'common': None, 'rules': None}}", "addresses": "[{'freeform': 'Carrera 35-4', 'locality': 'Cali', 'postcode': '760042', 'region': None, 'country': 'CO'}]", "names": "{'primary': 'lennahotel', 'common': None, 'rules': None}", "sources": "[{'property': '', 'dataset': 'meta', 'license': 'CDLA-Permissive-2.0', 'record_id': '103206291955361', 'update_time': '2026-04-06T00:00:00.000Z', 'confidence': 0.6318076848983765, 'between': None}, {'property': '/properties/confidence', 'dataset': 'Overture', 'license': 'CDLA-Permissive-2.0', 'record_id': None, 'update_time': '2026-04-07T10:00:15Z', 'confidence': None, 'between': None}]", "operating_status": "open", "basic_category": "lodging", "taxonomy": "{'primary': 'lodging', 'hierarchy': ['lodging'], 'alternates': None}", "version": 6 }, "geometry": { "type": "Point", "coordinates": [ -76.53932, 3.42715 ] } },
{ "type": "Feature", "properties": { "id": "b20f6f2e-f3a8-4656-afb7-256a7a9ff301", "categories": { "primary": "automotive_repair", "alternate": [ "diagnostic_services" ] }, "confidence": 0.97741413116455078, "websites": [ "http://www.amortitecadelsur.com/" ], "emails": [ "amortitecadelsurgerencia@gmail.com" ], "socials": [ "https://www.facebook.com/110258400602625" ], "phones": [ "+573232220017" ], "brand": "{'wikidata': None, 'names': {'primary': None, 'common': None, 'rules': None}}", "addresses": "[{'freeform': 'Avenida Roosevelt 34-55', 'locality': 'Cali', 'postcode': '760042', 'region': None, 'country': 'CO'}]", "names": "{'primary': 'Amortiteca del Sur', 'common': None, 'rules': None}", "sources": "[{'property': '', 'dataset': 'meta', 'license': 'CDLA-Permissive-2.0', 'record_id': '110258400602625', 'update_time': '2026-04-06T00:00:00.000Z', 'confidence': 0.9774141311645508, 'between': None}, {'property': '/properties/confidence', 'dataset': 'Overture', 'license': 'CDLA-Permissive-2.0', 'record_id': None, 'update_time': '2026-04-07T10:00:15Z', 'confidence': None, 'between': None}]", "operating_status": "open", "basic_category": "automotive_service", "taxonomy": "{'primary': 'automotive_repair', 'hierarchy': ['travel_and_transportation', 'vehicle_service', 'automotive_service', 'automotive_repair'], 'alternates': None}", "version": 7 }, "geometry": { "type": "Point", "coordinates": [ -76.53926217, 3.42755348 ] } },
{ "type": "Feature", "properties": { "id": "7a98eecc-9cd8-4f6c-879f-8a9834388dd6", "categories": { "primary": "tire_dealer_and_repair", "alternate": [ "automotive_parts_and_accessories", "automotive_repair" ] }, "confidence": 0.39656254649162292, "websites": [ "https://www.superllantas.com.co/" ], "emails": null, "socials": [ "https://www.facebook.com/1387605021253475" ], "phones": [ "+573013276609" ], "brand": "{'wikidata': None, 'names': {'primary': None, 'common': None, 'rules': None}}", "addresses": "[{'freeform': 'Avenida Roosevelt 34-65', 'locality': 'Cali', 'postcode': '760042', 'region': None, 'country': 'CO'}]", "names": "{'primary': 'Superllantas Y Servicios La Roosevelt', 'common': None, 'rules': None}", "sources": "[{'property': '', 'dataset': 'meta', 'license': 'CDLA-Permissive-2.0', 'record_id': '1387605021253475', 'update_time': '2026-04-06T00:00:00.000Z', 'confidence': 0.3965625464916229, 'between': None}, {'property': '/properties/confidence', 'dataset': 'Overture', 'license': 'CDLA-Permissive-2.0', 'record_id': None, 'update_time': '2026-04-07T10:00:15Z', 'confidence': None, 'between': None}]", "operating_status": "open", "basic_category": "automotive_service", "taxonomy": "{'primary': 'tire_dealer_and_repair', 'hierarchy': ['travel_and_transportation', 'vehicle_service', 'automotive_service', 'automotive_repair', 'tire_dealer_and_repair'], 'alternates': None}", "version": 6 }, "geometry": { "type": "Point", "coordinates": [ -76.53921653, 3.42760352 ] } },
{ "type": "Feature", "properties": { "id": "e985dbd2-817a-48a8-8ade-8d3d5d11ca7e", "categories": { "primary": "transportation", "alternate": [ "travel" ] }, "confidence": 0.11851181834936142, "websites": null, "emails": [ "operaciones@specialservicefrontiers.com" ], "socials": [ "https://www.facebook.com/101583124811157" ], "phones": [ "+573176433699" ], "brand": "{'wikidata': None, 'names': {'primary': None, 'common': None, 'rules': None}}", "addresses": "[{'freeform': 'Carrera 35 6-27', 'locality': 'Cali', 'postcode': '760042', 'region': None, 'country': 'CO'}]", "names": "{'primary': 'Special Service Frontiers', 'common': None, 'rules': None}", "sources": "[{'property': '', 'dataset': 'meta', 'license': 'CDLA-Permissive-2.0', 'record_id': '101583124811157', 'update_time': '2026-04-06T00:00:00.000Z', 'confidence': 0.11851181834936142, 'between': None}, {'property': '/properties/confidence', 'dataset': 'Overture', 'license': 'CDLA-Permissive-2.0', 'record_id': None, 'update_time': '2026-04-07T10:00:15Z', 'confidence': None, 'between': None}]", "operating_status": "open", "basic_category": null, "taxonomy": "{'primary': 'travel_and_transportation', 'hierarchy': ['travel_and_transportation'], 'alternates': None}", "version": 6 }, "geometry": { "type": "Point", "coordinates": [ -76.53914729, 3.42728828 ] } },
{ "type": "Feature", "properties": { "id": "70d79657-22ff-4967-a034-5ae02b80bef2", "categories": { "primary": "shopping", "alternate": [ "professional_services" ] }, "confidence": 0.037791591137647629, "websites": [ "https://www.dmmpaz.co/" ], "emails": [ "info@dmmpaz.co" ], "socials": [ "https://www.facebook.com/100874498418757" ], "phones": [ "+573105146776" ], "brand": "{'wikidata': None, 'names': {'primary': None, 'common': None, 'rules': None}}", "addresses": "[{'freeform': 'Avenida Roosevelt 34-45', 'locality': 'Cali', 'postcode': '760042', 'region': None, 'country': 'CO'}]", "names": "{'primary': 'De Mano en Mano', 'common': None, 'rules': None}", "sources": "[{'property': '', 'dataset': 'meta', 'license': 'CDLA-Permissive-2.0', 'record_id': '100874498418757', 'update_time': '2026-04-06T00:00:00.000Z', 'confidence': 0.03779159113764763, 'between': None}, {'property': '/properties/confidence', 'dataset': 'Overture', 'license': 'CDLA-Permissive-2.0', 'record_id': None, 'update_time': '2026-04-07T10:00:15Z', 'confidence': None, 'between': None}]", "operating_status": "open", "basic_category": null, "taxonomy": "{'primary': 'shopping', 'hierarchy': ['shopping'], 'alternates': None}", "version": 3 }, "geometry": { "type": "Point", "coordinates": [ -76.53913165, 3.42757149 ] } },
{ "type": "Feature", "properties": { "id": "bb2c9d68-1f0b-4d0b-996c-bdb54027fd9d", "categories": "{'primary': 'catholic_church', 'alternate': None}", "confidence": 0.680461585521698, "websites": [ "https://ocdcolombia.org/" ], "emails": [ "centrodemistica.edithstein@gmail.com" ], "socials": [ "https://www.facebook.com/107143490857154" ], "phones": [ "+573134393676" ], "brand": "{'wikidata': None, 'names': {'primary': None, 'common': None, 'rules': None}}", "addresses": "[{'freeform': 'Carrera 36A-60', 'locality': 'Cali', 'postcode': '760042', 'region': None, 'country': 'CO'}]", "names": "{'primary': 'Centro de Mística - Edith Stein', 'common': None, 'rules': None}", "sources": "[{'property': '', 'dataset': 'meta', 'license': 'CDLA-Permissive-2.0', 'record_id': '107143490857154', 'update_time': '2026-04-06T00:00:00.000Z', 'confidence': 0.680461585521698, 'between': None}, {'property': '/properties/confidence', 'dataset': 'Overture', 'license': 'CDLA-Permissive-2.0', 'record_id': None, 'update_time': '2026-04-07T10:00:15Z', 'confidence': None, 'between': None}]", "operating_status": "open", "basic_category": "christian_place_of_worship", "taxonomy": "{'primary': 'roman_catholic_place_of_worship', 'hierarchy': ['cultural_and_historic', 'religious_organization', 'place_of_worship', 'christian_place_of_worship', 'roman_catholic_place_of_worship'], 'alternates': None}", "version": 4 }, "geometry": { "type": "Point", "coordinates": [ -76.53902, 3.42588 ] } },
{ "type": "Feature", "properties": { "id": "472106f9-3bb2-450b-8ca9-c89cc46ae9a8", "categories": "{'primary': 'transportation', 'alternate': None}", "confidence": 0.32126665115356445, "websites": [ "https://wa.link/mmata8" ], "emails": null, "socials": [ "https://www.facebook.com/396061873583124" ], "phones": [ "+573148681819" ], "brand": "{'wikidata': None, 'names': {'primary': None, 'common': None, 'rules': None}}", "addresses": "[{'freeform': 'Carrera 35-36', 'locality': 'Cali', 'postcode': '760042', 'region': None, 'country': 'CO'}]", "names": "{'primary': 'Logistica y Servicios Empresariales Especiales Aloha', 'common': None, 'rules': None}", "sources": "[{'property': '', 'dataset': 'meta', 'license': 'CDLA-Permissive-2.0', 'record_id': '396061873583124', 'update_time': '2026-04-06T00:00:00.000Z', 'confidence': 0.32126665115356445, 'between': None}, {'property': '/properties/confidence', 'dataset': 'Overture', 'license': 'CDLA-Permissive-2.0', 'record_id': None, 'update_time': '2026-04-07T10:00:15Z', 'confidence': None, 'between': None}]", "operating_status": "open", "basic_category": null, "taxonomy": "{'primary': 'travel_and_transportation', 'hierarchy': ['travel_and_transportation'], 'alternates': None}", "version": 7 }, "geometry": { "type": "Point", "coordinates": [ -76.53903196, 3.42715416 ] } },
{ "type": "Feature", "properties": { "id": "c6f88c78-427c-4324-a601-ae8b0e8b3cea", "categories": { "primary": "dentist", "alternate": [ "cosmetic_dentist" ] }, "confidence": 0.50922846794128418, "websites": null, "emails": [ "nh.odontologia.esteticadental@gmail.com" ], "socials": [ "https://www.facebook.com/1342830142522382" ], "phones": [ "+573156343497" ], "brand": "{'wikidata': None, 'names': {'primary': None, 'common': None, 'rules': None}}", "addresses": "[{'freeform': 'Carrera 35-6', 'locality': 'Cali', 'postcode': '760042', 'region': None, 'country': 'CO'}]", "names": "{'primary': 'Natalia Hernandez, Odontología Integral.', 'common': None, 'rules': None}", "sources": "[{'property': '', 'dataset': 'meta', 'license': 'CDLA-Permissive-2.0', 'record_id': '1342830142522382', 'update_time': '2026-04-06T00:00:00.000Z', 'confidence': 0.5092284679412842, 'between': None}, {'property': '/properties/confidence', 'dataset': 'Overture', 'license': 'CDLA-Permissive-2.0', 'record_id': None, 'update_time': '2026-04-07T10:00:15Z', 'confidence': None, 'between': None}]", "operating_status": "open", "basic_category": "dental_clinic", "taxonomy": "{'primary': 'dental_clinic', 'hierarchy': ['health_care', 'outpatient_care_facility', 'dental_clinic'], 'alternates': None}", "version": 1 }, "geometry": { "type": "Point", "coordinates": [ -76.5389999, 3.4272908 ] } },
{ "type": "Feature", "properties": { "id": "dc17170e-3978-4942-ab76-639f6b7fca73", "categories": { "primary": "bakery", "alternate": [ "cafe", "professional_services" ] }, "confidence": 0.54865354299545288, "websites": [ "https://klaussartesanal.com/" ], "emails": [ "artesanal.klauss@gmail.com" ], "socials": [ "https://www.facebook.com/521332038037104" ], "phones": [ "+573177022033" ], "brand": "{'wikidata': None, 'names': {'primary': None, 'common': None, 'rules': None}}", "addresses": "[{'freeform': 'Carrera 35 6-49', 'locality': 'Cali', 'postcode': '760042', 'region': None, 'country': 'CO'}]", "names": "{'primary': 'Klauss Artesanal', 'common': None, 'rules': None}", "sources": "[{'property': '', 'dataset': 'meta', 'license': 'CDLA-Permissive-2.0', 'record_id': '521332038037104', 'update_time': '2026-04-06T00:00:00.000Z', 'confidence': 0.5486535429954529, 'between': None}, {'property': '/properties/confidence', 'dataset': 'Overture', 'license': 'CDLA-Permissive-2.0', 'record_id': None, 'update_time': '2026-04-07T10:00:15Z', 'confidence': None, 'between': None}]", "operating_status": "open", "basic_category": "casual_eatery", "taxonomy": "{'primary': 'bakery', 'hierarchy': ['food_and_drink', 'casual_eatery', 'bakery'], 'alternates': None}", "version": 7 }, "geometry": { "type": "Point", "coordinates": [ -76.53896643, 3.42725263 ] } },
{ "type": "Feature", "properties": { "id": "63cd4e06-ac33-4ee2-a605-8212e8e131e3", "categories": { "primary": "beauty_salon", "alternate": [ "beauty_and_spa", "hair_salon" ] }, "confidence": 0.56302064657211304, "websites": [ "https://peluqueria-luis-angel.negocio.site/?m=true" ], "emails": null, "socials": [ "https://www.facebook.com/287227604659678" ], "phones": [ "+573168648494" ], "brand": "{'wikidata': None, 'names': {'primary': None, 'common': None, 'rules': None}}", "addresses": "[{'freeform': 'Calle 7 35-46', 'locality': 'Cali', 'postcode': '760042', 'region': None, 'country': 'CO'}]", "names": "{'primary': 'Peluqueria Luis Angel', 'common': None, 'rules': None}", "sources": "[{'property': '', 'dataset': 'meta', 'license': 'CDLA-Permissive-2.0', 'record_id': '287227604659678', 'update_time': '2026-04-06T00:00:00.000Z', 'confidence': 0.563020646572113, 'between': None}, {'property': '/properties/confidence', 'dataset': 'Overture', 'license': 'CDLA-Permissive-2.0', 'record_id': None, 'update_time': '2026-04-07T10:00:15Z', 'confidence': None, 'between': None}]", "operating_status": "open", "basic_category": "personal_or_beauty_service", "taxonomy": "{'primary': 'beauty_salon', 'hierarchy': ['lifestyle_services', 'personal_or_beauty_service', 'beauty_salon'], 'alternates': None}", "version": 6 }, "geometry": { "type": "Point", "coordinates": [ -76.53894849, 3.42665772 ] } },
{ "type": "Feature", "properties": { "id": "4b0a64e5-3020-4055-a084-31ac2a9d0ece", "categories": { "primary": "car_dealer", "alternate": [ "automotive_dealer", "motorcycle_dealer" ] }, "confidence": 0.69223582744598389, "websites": [ "www.jabc.com.co" ], "emails": [ "contacto@jabc.com.co" ], "socials": [ "https://www.facebook.com/112060263944328" ], "phones": null, "brand": "{'wikidata': None, 'names': {'primary': None, 'common': None, 'rules': None}}", "addresses": "[{'freeform': 'Calle 7 35-20', 'locality': 'Cali', 'postcode': '760042', 'region': None, 'country': 'CO'}]", "names": "{'primary': 'Vehiculos y Automotores Jabc', 'common': None, 'rules': None}", "sources": "[{'property': '', 'dataset': 'meta', 'license': 'CDLA-Permissive-2.0', 'record_id': '112060263944328', 'update_time': '2026-04-06T00:00:00.000Z', 'confidence': 0.6922358274459839, 'between': None}, {'property': '/properties/confidence', 'dataset': 'Overture', 'license': 'CDLA-Permissive-2.0', 'record_id': None, 'update_time': '2026-04-07T10:00:15Z', 'confidence': None, 'between': None}]", "operating_status": "open", "basic_category": "auto_dealer", "taxonomy": "{'primary': 'auto_dealer', 'hierarchy': ['shopping', 'vehicle_dealer', 'auto_dealer'], 'alternates': None}", "version": 9 }, "geometry": { "type": "Point", "coordinates": [ -76.53890487, 3.42690943 ] } },
{ "type": "Feature", "properties": { "id": "eee31037-878c-4fc7-b9da-9ad5c4ccb733", "categories": { "primary": "high_school", "alternate": [ "day_care_preschool", "education" ] }, "confidence": 0.71143490076065063, "websites": null, "emails": [ "fundarosita@hotmail.com" ], "socials": [ "https://www.facebook.com/232270060124294" ], "phones": [ "+5725565927" ], "brand": "{'wikidata': None, 'names': {'primary': None, 'common': None, 'rules': None}}", "addresses": "[{'freeform': 'Calle 7 35-83', 'locality': 'Cali', 'postcode': '760042', 'region': None, 'country': 'CO'}]", "names": "{'primary': 'Liceo Rosita', 'common': None, 'rules': None}", "sources": "[{'property': '', 'dataset': 'meta', 'license': 'CDLA-Permissive-2.0', 'record_id': '232270060124294', 'update_time': '2026-04-06T00:00:00.000Z', 'confidence': 0.7114349007606506, 'between': None}, {'property': '/properties/confidence', 'dataset': 'Overture', 'license': 'CDLA-Permissive-2.0', 'record_id': None, 'update_time': '2026-04-07T10:00:15Z', 'confidence': None, 'between': None}]", "operating_status": "open", "basic_category": "high_school", "taxonomy": "{'primary': 'high_school', 'hierarchy': ['education', 'place_of_learning', 'school', 'high_school'], 'alternates': None}", "version": 6 }, "geometry": { "type": "Point", "coordinates": [ -76.538865777498316, 3.426380627512998 ] } },
{ "type": "Feature", "properties": { "id": "589e9205-0d9e-4124-b85c-b0f394a311ae", "categories": { "primary": "church_cathedral", "alternate": [ "catholic_church" ] }, "confidence": 0.93522113561630249, "websites": null, "emails": null, "socials": [ "https://www.facebook.com/2294928080579590" ], "phones": null, "brand": "{'wikidata': None, 'names': {'primary': None, 'common': None, 'rules': None}}", "addresses": "[{'freeform': 'Carrera 37 7', 'locality': 'Cali', 'postcode': '760042', 'region': None, 'country': 'CO'}]", "names": "{'primary': 'Iglesia Templete', 'common': None, 'rules': None}", "sources": "[{'property': '', 'dataset': 'meta', 'license': 'CDLA-Permissive-2.0', 'record_id': '2294928080579590', 'update_time': '2026-04-06T00:00:00.000Z', 'confidence': 0.9352211356163025, 'between': None}, {'property': '/properties/confidence', 'dataset': 'Overture', 'license': 'CDLA-Permissive-2.0', 'record_id': None, 'update_time': '2026-04-07T10:00:15Z', 'confidence': None, 'between': None}]", "operating_status": "open", "basic_category": "christian_place_of_worship", "taxonomy": "{'primary': 'christian_place_of_worship', 'hierarchy': ['cultural_and_historic', 'religious_organization', 'place_of_worship', 'christian_place_of_worship'], 'alternates': None}", "version": 5 }, "geometry": { "type": "Point", "coordinates": [ -76.538827079533164, 3.425763298311923 ] } },
{ "type": "Feature", "properties": { "id": "78179708-1f82-4e90-a1e5-0a3017cd87e0", "categories": { "primary": "architectural_designer", "alternate": [ "professional_services", "construction_services" ] }, "confidence": 0.21806055307388306, "websites": [ "https://esquemaarquitectos.com/" ], "emails": [ "proyectos@esquemaarquitectos.com" ], "socials": [ "https://www.facebook.com/1097880033716149" ], "phones": [ "+573008020244" ], "brand": "{'wikidata': None, 'names': {'primary': None, 'common': None, 'rules': None}}", "addresses": "[{'freeform': 'Calle 8 9-36 Ap 606', 'locality': 'Cali', 'postcode': '720025', 'region': None, 'country': 'CO'}]", "names": "{'primary': 'Sociedad Colombiana de Arquitectos Paisajistas', 'common': None, 'rules': None}", "sources": "[{'property': '', 'dataset': 'meta', 'license': 'CDLA-Permissive-2.0', 'record_id': '1097880033716149', 'update_time': '2026-04-06T00:00:00.000Z', 'confidence': 0.21806055307388306, 'between': None}, {'property': '/properties/confidence', 'dataset': 'Overture', 'license': 'CDLA-Permissive-2.0', 'record_id': None, 'update_time': '2026-04-07T10:00:15Z', 'confidence': None, 'between': None}]", "operating_status": "open", "basic_category": "design_service", "taxonomy": "{'primary': 'architectural_designer', 'hierarchy': ['services_and_business', 'design_service', 'architectural_designer'], 'alternates': None}", "version": 7 }, "geometry": { "type": "Point", "coordinates": [ -76.53883072, 3.42537111 ] } },
{ "type": "Feature", "properties": { "id": "36879cbf-c69f-4171-b5ef-04fb668e0156", "categories": { "primary": "church_cathedral", "alternate": [ "catholic_church", "religious_organization" ] }, "confidence": 0.8178941011428833, "websites": [ "http://iglesiaeltemplete.placeweb.site" ], "emails": null, "socials": [ "https://www.facebook.com/213139752068514" ], "phones": null, "brand": "{'wikidata': None, 'names': {'primary': None, 'common': None, 'rules': None}}", "addresses": "[{'freeform': 'Carrera 36 7-60', 'locality': 'Cali', 'postcode': '760042', 'region': None, 'country': 'CO'}]", "names": "{'primary': 'Iglesia El Templete', 'common': None, 'rules': None}", "sources": "[{'property': '', 'dataset': 'meta', 'license': 'CDLA-Permissive-2.0', 'record_id': '213139752068514', 'update_time': '2026-04-06T00:00:00.000Z', 'confidence': 0.8178941011428833, 'between': None}, {'property': '/properties/confidence', 'dataset': 'Overture', 'license': 'CDLA-Permissive-2.0', 'record_id': None, 'update_time': '2026-04-07T10:00:15Z', 'confidence': None, 'between': None}]", "operating_status": "open", "basic_category": "christian_place_of_worship", "taxonomy": "{'primary': 'christian_place_of_worship', 'hierarchy': ['cultural_and_historic', 'religious_organization', 'place_of_worship', 'christian_place_of_worship'], 'alternates': None}", "version": 2 }, "geometry": { "type": "Point", "coordinates": [ -76.538734669983327, 3.425643536128136 ] } },
{ "type": "Feature", "properties": { "id": "a27fef15-6009-403c-b056-9a34ecabe21a", "categories": "{'primary': 'funeral_services_and_cemeteries', 'alternate': None}", "confidence": 0.81323611736297607, "websites": null, "emails": null, "socials": [ "https://www.facebook.com/430977017274351" ], "phones": [ "+5726616830" ], "brand": "{'wikidata': None, 'names': {'primary': None, 'common': None, 'rules': None}}", "addresses": "[{'freeform': 'Carrera 36 7-39', 'locality': 'Cali', 'postcode': '760042', 'region': None, 'country': 'CO'}]", "names": "{'primary': 'Funerales del Valle Templo', 'common': None, 'rules': None}", "sources": "[{'property': '', 'dataset': 'meta', 'license': 'CDLA-Permissive-2.0', 'record_id': '430977017274351', 'update_time': '2026-04-06T00:00:00.000Z', 'confidence': 0.8132361173629761, 'between': None}, {'property': '/properties/confidence', 'dataset': 'Overture', 'license': 'CDLA-Permissive-2.0', 'record_id': None, 'update_time': '2026-04-07T10:00:15Z', 'confidence': None, 'between': None}]", "operating_status": "open", "basic_category": "family_service", "taxonomy": "{'primary': 'funeral_service', 'hierarchy': ['services_and_business', 'family_service', 'funeral_service'], 'alternates': None}", "version": 1 }, "geometry": { "type": "Point", "coordinates": [ -76.53870147, 3.42594259 ] } },
{ "type": "Feature", "properties": { "id": "9ae6a687-63a9-4abc-9a07-396d21e1fe03", "categories": { "primary": "church_cathedral", "alternate": [ "catholic_church", "religious_organization" ] }, "confidence": 0.94975847005844116, "websites": [ "http://ocdcolombia.org/" ], "emails": [ "parroquiatempletecali@hotmail.com" ], "socials": [ "https://www.facebook.com/220610004815348" ], "phones": [ "+5725565849" ], "brand": "{'wikidata': None, 'names': {'primary': None, 'common': None, 'rules': None}}", "addresses": "[{'freeform': 'Carrera 36 7-60', 'locality': 'Cali', 'postcode': '760042', 'region': None, 'country': 'CO'}]", "names": "{'primary': 'Santisimo Sacramento', 'common': None, 'rules': None}", "sources": "[{'property': '', 'dataset': 'meta', 'license': 'CDLA-Permissive-2.0', 'record_id': '220610004815348', 'update_time': '2026-04-06T00:00:00.000Z', 'confidence': 0.9497584700584412, 'between': None}, {'property': '/properties/confidence', 'dataset': 'Overture', 'license': 'CDLA-Permissive-2.0', 'record_id': None, 'update_time': '2026-04-07T10:00:15Z', 'confidence': None, 'between': None}]", "operating_status": "open", "basic_category": "christian_place_of_worship", "taxonomy": "{'primary': 'christian_place_of_worship', 'hierarchy': ['cultural_and_historic', 'religious_organization', 'place_of_worship', 'christian_place_of_worship'], 'alternates': None}", "version": 7 }, "geometry": { "type": "Point", "coordinates": [ -76.53862621, 3.42571517 ] } },
{ "type": "Feature", "properties": { "id": "9326d508-a101-4eec-9c1e-975555e2c567", "categories": "{'primary': 'hospital', 'alternate': None}", "confidence": 0.77, "websites": [ "http://cosmitet.net" ], "emails": null, "socials": [ "https://www.facebook.com/102763856574426" ], "phones": null, "brand": null, "addresses": "[{'freeform': None, 'locality': 'Cali', 'postcode': None, 'region': 'Valle del Cauca', 'country': 'CO'}]", "names": "{'primary': 'Clinica Rey David', 'common': None, 'rules': None}", "sources": "[{'property': '', 'dataset': 'Foursquare', 'license': 'Apache-2.0', 'record_id': '4bf54eb26a31d13a43b2962e', 'update_time': '2025-08-26T00:00:00.000', 'confidence': 0.77, 'between': None}, {'property': '/properties/confidence', 'dataset': 'Overture', 'license': 'CDLA-Permissive-2.0', 'record_id': None, 'update_time': '2026-04-07T10:00:15Z', 'confidence': None, 'between': None}]", "operating_status": "open", "basic_category": "hospital", "taxonomy": "{'primary': 'hospital', 'hierarchy': ['health_care', 'hospital'], 'alternates': None}", "version": 3 }, "geometry": { "type": "Point", "coordinates": [ -76.538541072118591, 3.426963174168706 ] } },
{ "type": "Feature", "properties": { "id": "00e7704f-bbe8-4734-8922-0010651d6957", "categories": { "primary": "college_university", "alternate": [ "education", "web_designer" ] }, "confidence": 0.65520220994949341, "websites": [ "http://escuelavallecaucanadeventas.weebly.com/" ], "emails": [ "escuelavalleventas@gmail.com" ], "socials": [ "https://www.facebook.com/292391914229621" ], "phones": [ "+573185140628" ], "brand": "{'wikidata': None, 'names': {'primary': None, 'common': None, 'rules': None}}", "addresses": "[{'freeform': 'Carrera 34 7-5', 'locality': 'Cali', 'postcode': '760042', 'region': None, 'country': 'CO'}]", "names": "{'primary': 'Escuela Vallecaucana de Ventas EVAV', 'common': None, 'rules': None}", "sources": "[{'property': '', 'dataset': 'meta', 'license': 'CDLA-Permissive-2.0', 'record_id': '292391914229621', 'update_time': '2026-04-06T00:00:00.000Z', 'confidence': 0.6552022099494934, 'between': None}, {'property': '/properties/confidence', 'dataset': 'Overture', 'license': 'CDLA-Permissive-2.0', 'record_id': None, 'update_time': '2026-04-07T10:00:15Z', 'confidence': None, 'between': None}]", "operating_status": "open", "basic_category": "college_university", "taxonomy": "{'primary': 'college_university', 'hierarchy': ['education', 'place_of_learning', 'college_university'], 'alternates': None}", "version": 6 }, "geometry": { "type": "Point", "coordinates": [ -76.53844, 3.42763 ] } },
{ "type": "Feature", "properties": { "id": "14986eb6-3b73-4830-abb2-24923f8c253e", "categories": { "primary": "barber", "alternate": [ "beauty_salon", "spas" ] }, "confidence": 0.53607308864593506, "websites": null, "emails": null, "socials": [ "https://www.facebook.com/853271684865462" ], "phones": [ "+25586593" ], "brand": "{'wikidata': None, 'names': {'primary': None, 'common': None, 'rules': None}}", "addresses": "[{'freeform': 'Calle 8 34-93', 'locality': 'Cali', 'postcode': '760042', 'region': None, 'country': 'CO'}]", "names": "{'primary': 'Argenius Peluquería Y Spa', 'common': None, 'rules': None}", "sources": "[{'property': '', 'dataset': 'meta', 'license': 'CDLA-Permissive-2.0', 'record_id': '853271684865462', 'update_time': '2026-04-06T00:00:00.000Z', 'confidence': 0.5360730886459351, 'between': None}, {'property': '/properties/confidence', 'dataset': 'Overture', 'license': 'CDLA-Permissive-2.0', 'record_id': None, 'update_time': '2026-04-07T10:00:15Z', 'confidence': None, 'between': None}]", "operating_status": "open", "basic_category": "personal_or_beauty_service", "taxonomy": "{'primary': 'barber', 'hierarchy': ['lifestyle_services', 'personal_or_beauty_service', 'barber'], 'alternates': None}", "version": 6 }, "geometry": { "type": "Point", "coordinates": [ -76.53842746, 3.4260405 ] } },
{ "type": "Feature", "properties": { "id": "b0eada86-5cd5-4c19-be69-3a7f2efc3e6a", "categories": { "primary": "restaurant", "alternate": [ "german_restaurant", "fast_food_restaurant" ] }, "confidence": 0.60219109058380127, "websites": null, "emails": null, "socials": [ "https://www.facebook.com/1691180844486586" ], "phones": null, "brand": "{'wikidata': None, 'names': {'primary': None, 'common': None, 'rules': None}}", "addresses": "[{'freeform': 'Carrera 36A BIS 8-08', 'locality': 'Cali', 'postcode': '760042', 'region': None, 'country': 'CO'}]", "names": "{'primary': 'templete gourmet', 'common': None, 'rules': None}", "sources": "[{'property': '', 'dataset': 'meta', 'license': 'CDLA-Permissive-2.0', 'record_id': '1691180844486586', 'update_time': '2026-04-06T00:00:00.000Z', 'confidence': 0.6021910905838013, 'between': None}, {'property': '/properties/confidence', 'dataset': 'Overture', 'license': 'CDLA-Permissive-2.0', 'record_id': None, 'update_time': '2026-04-07T10:00:15Z', 'confidence': None, 'between': None}]", "operating_status": "open", "basic_category": "restaurant", "taxonomy": "{'primary': 'restaurant', 'hierarchy': ['food_and_drink', 'restaurant'], 'alternates': None}", "version": 6 }, "geometry": { "type": "Point", "coordinates": [ -76.53840313, 3.42541082 ] } },
{ "type": "Feature", "properties": { "id": "fd31585a-9ec7-4762-a78e-4cc1caf9f289", "categories": { "primary": "restaurant", "alternate": [ "fast_food_restaurant", "bar" ] }, "confidence": 0.43863716721534729, "websites": null, "emails": null, "socials": [ "https://www.facebook.com/355537461757938" ], "phones": [ "+5725564646" ], "brand": "{'wikidata': None, 'names': {'primary': None, 'common': None, 'rules': None}}", "addresses": "[{'freeform': 'Carrera 36 8-5', 'locality': 'Cali', 'postcode': '760042', 'region': None, 'country': 'CO'}]", "names": "{'primary': 'La Tasca del Sur', 'common': None, 'rules': None}", "sources": "[{'property': '', 'dataset': 'meta', 'license': 'CDLA-Permissive-2.0', 'record_id': '355537461757938', 'update_time': '2026-04-06T00:00:00.000Z', 'confidence': 0.4386371672153473, 'between': None}, {'property': '/properties/confidence', 'dataset': 'Overture', 'license': 'CDLA-Permissive-2.0', 'record_id': None, 'update_time': '2026-04-07T10:00:15Z', 'confidence': None, 'between': None}]", "operating_status": "open", "basic_category": "restaurant", "taxonomy": "{'primary': 'restaurant', 'hierarchy': ['food_and_drink', 'restaurant'], 'alternates': None}", "version": 6 }, "geometry": { "type": "Point", "coordinates": [ -76.53837569, 3.42588807 ] } },
{ "type": "Feature", "properties": { "id": "ccc74f95-650a-4878-9af8-7d9e6619c40a", "categories": { "primary": "eat_and_drink", "alternate": [ "organic_grocery_store", "health_food_store" ] }, "confidence": 0.36682108044624329, "websites": [ "https://www.instagram.com/vitalyscompany/" ], "emails": [ "disenovitalys@gmail.com" ], "socials": [ "https://www.facebook.com/100929262302099" ], "phones": [ "+573104612522" ], "brand": "{'wikidata': None, 'names': {'primary': None, 'common': None, 'rules': None}}", "addresses": "[{'freeform': 'Carrera 34 7-21', 'locality': 'Cali', 'postcode': '760042', 'region': None, 'country': 'CO'}]", "names": "{'primary': 'Vitalys Company Sas', 'common': None, 'rules': None}", "sources": "[{'property': '', 'dataset': 'meta', 'license': 'CDLA-Permissive-2.0', 'record_id': '100929262302099', 'update_time': '2026-04-06T00:00:00.000Z', 'confidence': 0.3668210804462433, 'between': None}, {'property': '/properties/confidence', 'dataset': 'Overture', 'license': 'CDLA-Permissive-2.0', 'record_id': None, 'update_time': '2026-04-07T10:00:15Z', 'confidence': None, 'between': None}]", "operating_status": "open", "basic_category": null, "taxonomy": "{'primary': 'food_and_drink', 'hierarchy': ['food_and_drink'], 'alternates': None}", "version": 6 }, "geometry": { "type": "Point", "coordinates": [ -76.53832191, 3.42758335 ] } },
{ "type": "Feature", "properties": { "id": "2e3648ad-79e3-45fe-996b-acbde64bf354", "categories": { "primary": "hospital", "alternate": [ "pharmacy", "health_and_medical", "retail" ] }, "confidence": 0.77, "websites": [ "http://www.duanaltda.com/" ], "emails": null, "socials": null, "phones": [ "6025185000" ], "brand": null, "addresses": [ { "freeform": "CRA 34 #7 - 00", "locality": "CALI", "postcode": "760042", "region": "VALLE DEL CAUCA", "country": "CO" } ], "names": "{'primary': 'DUANA - REY DAVID', 'common': None, 'rules': None}", "sources": "[{'property': '', 'dataset': 'Microsoft', 'license': 'CDLA-Permissive-2.0', 'record_id': '2251799821239006', 'update_time': '2023-11-16T20:01:31.237Z', 'confidence': 0.77, 'between': None}, {'property': '/properties/confidence', 'dataset': 'Overture', 'license': 'CDLA-Permissive-2.0', 'record_id': None, 'update_time': '2026-04-07T10:00:15Z', 'confidence': None, 'between': None}]", "operating_status": "open", "basic_category": "hospital", "taxonomy": "{'primary': 'hospital', 'hierarchy': ['health_care', 'hospital'], 'alternates': None}", "version": 5 }, "geometry": { "type": "Point", "coordinates": [ -76.538319493431402, 3.42680991071358 ] } },
{ "type": "Feature", "properties": { "id": "d73b1f30-2e1c-4099-9248-d6af791ff044", "categories": { "primary": "restaurant", "alternate": [ "fast_food_restaurant", "colombian_restaurant" ] }, "confidence": 0.61830413341522217, "websites": [ "https://www.consultaamarillas.com/17667-DISTRIBUIDORA-DE-AREPAS-EN-CALI---AREPER%C3%8DA-LA-CUADRIAREPA" ], "emails": [ "lacuadriarepa@hotmail.com" ], "socials": [ "https://www.facebook.com/1536554726561647" ], "phones": [ "+573113098951" ], "brand": "{'wikidata': None, 'names': {'primary': None, 'common': None, 'rules': None}}", "addresses": "[{'freeform': 'Calle 8 34-85', 'locality': 'Cali', 'postcode': '760042', 'region': None, 'country': 'CO'}]", "names": "{'primary': 'La CuadriArepa', 'common': None, 'rules': None}", "sources": "[{'property': '', 'dataset': 'meta', 'license': 'CDLA-Permissive-2.0', 'record_id': '1536554726561647', 'update_time': '2026-04-06T00:00:00.000Z', 'confidence': 0.6183041334152222, 'between': None}, {'property': '/properties/confidence', 'dataset': 'Overture', 'license': 'CDLA-Permissive-2.0', 'record_id': None, 'update_time': '2026-04-07T10:00:15Z', 'confidence': None, 'between': None}]", "operating_status": "open", "basic_category": "restaurant", "taxonomy": "{'primary': 'restaurant', 'hierarchy': ['food_and_drink', 'restaurant'], 'alternates': None}", "version": 7 }, "geometry": { "type": "Point", "coordinates": [ -76.53828526, 3.42606061 ] } },
{ "type": "Feature", "properties": { "id": "a6d25e5d-9267-4f41-9c1d-6acac551da1b", "categories": "{'primary': 'pizza_restaurant', 'alternate': None}", "confidence": 0.62097930908203125, "websites": [ "http://jhonjpineda.wix.com/eventosprofesionales" ], "emails": null, "socials": [ "https://www.facebook.com/2118851675049173" ], "phones": [ "+573105008396" ], "brand": "{'wikidata': None, 'names': {'primary': None, 'common': None, 'rules': None}}", "addresses": "[{'freeform': 'Calle 8 34-52', 'locality': 'Cali', 'postcode': '760042', 'region': None, 'country': 'CO'}]", "names": "{'primary': 'Pikos Pizza en kono y', 'common': None, 'rules': None}", "sources": "[{'property': '', 'dataset': 'meta', 'license': 'CDLA-Permissive-2.0', 'record_id': '2118851675049173', 'update_time': '2026-04-06T00:00:00.000Z', 'confidence': 0.6209793090820312, 'between': None}, {'property': '/properties/confidence', 'dataset': 'Overture', 'license': 'CDLA-Permissive-2.0', 'record_id': None, 'update_time': '2026-04-07T10:00:15Z', 'confidence': None, 'between': None}]", "operating_status": "open", "basic_category": "restaurant", "taxonomy": "{'primary': 'pizza_restaurant', 'hierarchy': ['food_and_drink', 'restaurant', 'european_restaurant', 'mediterranean_restaurant', 'italian_restaurant', 'pizza_restaurant'], 'alternates': None}", "version": 6 }, "geometry": { "type": "Point", "coordinates": [ -76.5382379, 3.42619741 ] } },
{ "type": "Feature", "properties": { "id": "3186926c-53e6-4d27-af03-b7ed14778f1c", "categories": { "primary": "uniform_store", "alternate": [ "fashion" ] }, "confidence": 0.53015607595443726, "websites": null, "emails": [ "seven.seven.uniformes@hotmail.com" ], "socials": [ "https://www.facebook.com/1649291785392483" ], "phones": [ "+573137454067" ], "brand": "{'wikidata': None, 'names': {'primary': None, 'common': None, 'rules': None}}", "addresses": "[{'freeform': 'Carrera 34 7-37', 'locality': 'Cali', 'postcode': '760042', 'region': None, 'country': 'CO'}]", "names": "{'primary': 'Seven and Seven Uniformes', 'common': None, 'rules': None}", "sources": "[{'property': '', 'dataset': 'meta', 'license': 'CDLA-Permissive-2.0', 'record_id': '1649291785392483', 'update_time': '2026-04-06T00:00:00.000Z', 'confidence': 0.5301560759544373, 'between': None}, {'property': '/properties/confidence', 'dataset': 'Overture', 'license': 'CDLA-Permissive-2.0', 'record_id': None, 'update_time': '2026-04-07T10:00:15Z', 'confidence': None, 'between': None}]", "operating_status": "open", "basic_category": "fashion_and_apparel_store", "taxonomy": "{'primary': 'uniform_store', 'hierarchy': ['shopping', 'fashion_and_apparel_store', 'clothing_store', 'uniform_store'], 'alternates': None}", "version": 6 }, "geometry": { "type": "Point", "coordinates": [ -76.53820218, 3.42739572 ] } },
{ "type": "Feature", "properties": { "id": "73d63a8a-a55d-4248-b6f5-dc9adb42e728", "categories": { "primary": "clothing_store", "alternate": [ "medical_service_organizations", "naturopathic_holistic" ] }, "confidence": 0.32818236947059631, "websites": [ "http://www.7-cueros.com" ], "emails": null, "socials": [ "https://www.facebook.com/410515709735011" ], "phones": [ "+25563037" ], "brand": "{'wikidata': None, 'names': {'primary': None, 'common': None, 'rules': None}}", "addresses": "[{'freeform': 'Carrera 34 7-37', 'locality': 'Cali', 'postcode': '760042', 'region': None, 'country': 'CO'}]", "names": "{'primary': 'Akemi Uniformes', 'common': None, 'rules': None}", "sources": "[{'property': '', 'dataset': 'meta', 'license': 'CDLA-Permissive-2.0', 'record_id': '410515709735011', 'update_time': '2026-04-06T00:00:00.000Z', 'confidence': 0.3281823694705963, 'between': None}, {'property': '/properties/confidence', 'dataset': 'Overture', 'license': 'CDLA-Permissive-2.0', 'record_id': None, 'update_time': '2026-04-07T10:00:15Z', 'confidence': None, 'between': None}]", "operating_status": "open", "basic_category": "fashion_and_apparel_store", "taxonomy": "{'primary': 'clothing_store', 'hierarchy': ['shopping', 'fashion_and_apparel_store', 'clothing_store'], 'alternates': None}", "version": 7 }, "geometry": { "type": "Point", "coordinates": [ -76.53817646, 3.42736768 ] } },
{ "type": "Feature", "properties": { "id": "88d2ea93-bbef-4244-bd9f-c589c52779af", "categories": "{'primary': 'sports_wear', 'alternate': None}", "confidence": 0.28195670247077942, "websites": null, "emails": [ "exilionsports@gmail.com" ], "socials": [ "https://www.facebook.com/407708875770077" ], "phones": [ "+573226137756" ], "brand": "{'wikidata': None, 'names': {'primary': None, 'common': None, 'rules': None}}", "addresses": "[{'freeform': 'Calle 8 34-67', 'locality': 'Cali', 'postcode': '760042', 'region': None, 'country': 'CO'}]", "names": "{'primary': 'Exilion Ropa Deportiva', 'common': None, 'rules': None}", "sources": "[{'property': '', 'dataset': 'meta', 'license': 'CDLA-Permissive-2.0', 'record_id': '407708875770077', 'update_time': '2026-04-06T00:00:00.000Z', 'confidence': 0.2819567024707794, 'between': None}, {'property': '/properties/confidence', 'dataset': 'Overture', 'license': 'CDLA-Permissive-2.0', 'record_id': None, 'update_time': '2026-04-07T10:00:15Z', 'confidence': None, 'between': None}]", "operating_status": "open", "basic_category": "sporting_goods_store", "taxonomy": "{'primary': 'sportswear_store', 'hierarchy': ['shopping', 'specialty_store', 'sporting_goods_store', 'sportswear_store'], 'alternates': None}", "version": 1 }, "geometry": { "type": "Point", "coordinates": [ -76.53814, 3.42628 ] } },
{ "type": "Feature", "properties": { "id": "7c449492-75a7-47a0-871a-9bd31f622407", "categories": { "primary": "church_cathedral", "alternate": [ "religious_organization" ] }, "confidence": 0.74706095457077026, "websites": null, "emails": [ "remanenteiglesiacali@gmail.com" ], "socials": [ "https://www.facebook.com/289740111475808" ], "phones": [ "+573136860369" ], "brand": "{'wikidata': None, 'names': {'primary': None, 'common': None, 'rules': None}}", "addresses": "[{'freeform': 'Carrera 34 6-42', 'locality': 'Cali', 'postcode': '760042', 'region': None, 'country': 'CO'}]", "names": "{'primary': 'Iglesia Remanente Cali', 'common': None, 'rules': None}", "sources": "[{'property': '', 'dataset': 'meta', 'license': 'CDLA-Permissive-2.0', 'record_id': '289740111475808', 'update_time': '2026-04-06T00:00:00.000Z', 'confidence': 0.7470609545707703, 'between': None}, {'property': '/properties/confidence', 'dataset': 'Overture', 'license': 'CDLA-Permissive-2.0', 'record_id': None, 'update_time': '2026-04-07T10:00:15Z', 'confidence': None, 'between': None}]", "operating_status": "open", "basic_category": "christian_place_of_worship", "taxonomy": "{'primary': 'christian_place_of_worship', 'hierarchy': ['cultural_and_historic', 'religious_organization', 'place_of_worship', 'christian_place_of_worship'], 'alternates': None}", "version": 8 }, "geometry": { "type": "Point", "coordinates": [ -76.538121700286993, 3.4270837798648 ] } },
{ "type": "Feature", "properties": { "id": "2380e1b4-8649-4c84-af1c-9ba017129fd2", "categories": "{'primary': 'dentist', 'alternate': None}", "confidence": 0.77, "websites": [ "http://www.clinicamatizz.com" ], "emails": null, "socials": "['https://www.twitter.com/clinicamatizz'\n 'https://www.facebook.com/234548196691214']", "phones": [ "(602) 5242727" ], "brand": null, "addresses": "[{'freeform': None, 'locality': 'Santiago de Cali', 'postcode': None, 'region': 'Valle Del Cauca', 'country': 'CO'}]", "names": "{'primary': 'Matizz Clínicas Odontológicas', 'common': None, 'rules': None}", "sources": "[{'property': '', 'dataset': 'Foursquare', 'license': 'Apache-2.0', 'record_id': '4e0b6fcfe4cdfb543c6466a9', 'update_time': '2023-08-09T00:00:00.000', 'confidence': 0.77, 'between': None}, {'property': '/properties/confidence', 'dataset': 'Overture', 'license': 'CDLA-Permissive-2.0', 'record_id': None, 'update_time': '2026-04-07T10:00:15Z', 'confidence': None, 'between': None}]", "operating_status": "open", "basic_category": "dental_clinic", "taxonomy": "{'primary': 'dental_clinic', 'hierarchy': ['health_care', 'outpatient_care_facility', 'dental_clinic'], 'alternates': None}", "version": 4 }, "geometry": { "type": "Point", "coordinates": [ -76.53807253073083, 3.427122277959821 ] } },
{ "type": "Feature", "properties": { "id": "1cbb8f5f-b1da-4cbf-81c4-fabcea24dde0", "categories": { "primary": "barber", "alternate": [ "beauty_salon", "coffee_shop" ] }, "confidence": 0.63394832611083984, "websites": null, "emails": [ "contacto.henaospeluqueria@gmail.com" ], "socials": [ "https://www.facebook.com/1187036448126598" ], "phones": [ "+573152890709" ], "brand": "{'wikidata': None, 'names': {'primary': None, 'common': None, 'rules': None}}", "addresses": "[{'freeform': 'Carrera 34 8-32', 'locality': 'Cali', 'postcode': '760042', 'region': None, 'country': 'CO'}]", "names": "{'primary': 'HENAO´S Barberia y Centro de Belleza', 'common': None, 'rules': None}", "sources": "[{'property': '', 'dataset': 'meta', 'license': 'CDLA-Permissive-2.0', 'record_id': '1187036448126598', 'update_time': '2026-04-06T00:00:00.000Z', 'confidence': 0.6339483261108398, 'between': None}, {'property': '/properties/confidence', 'dataset': 'Overture', 'license': 'CDLA-Permissive-2.0', 'record_id': None, 'update_time': '2026-04-07T10:00:15Z', 'confidence': None, 'between': None}]", "operating_status": "open", "basic_category": "personal_or_beauty_service", "taxonomy": "{'primary': 'barber', 'hierarchy': ['lifestyle_services', 'personal_or_beauty_service', 'barber'], 'alternates': None}", "version": 1 }, "geometry": { "type": "Point", "coordinates": [ -76.53801509, 3.42646221 ] } },
{ "type": "Feature", "properties": { "id": "fd12f012-69bc-4433-a41a-4600e4eb933d", "categories": { "primary": "shopping_center", "alternate": [ "internet_marketing_service" ] }, "confidence": 0.10621835291385651, "websites": [ "https://www.instagram.com/tiendaexpoemprendedores" ], "emails": [ "tiendaexpoemprendedores@gmail.com" ], "socials": [ "https://www.facebook.com/103204807771297" ], "phones": [ "+573175008714" ], "brand": "{'wikidata': None, 'names': {'primary': None, 'common': None, 'rules': None}}", "addresses": "[{'freeform': 'Cra. 34 # 8 - 36', 'locality': 'Cali', 'postcode': '760042', 'region': None, 'country': 'CO'}]", "names": "{'primary': 'Tienda Expoemprendedores', 'common': None, 'rules': None}", "sources": "[{'property': '', 'dataset': 'meta', 'license': 'CDLA-Permissive-2.0', 'record_id': '103204807771297', 'update_time': '2026-04-06T00:00:00.000Z', 'confidence': 0.1062183529138565, 'between': None}, {'property': '/properties/confidence', 'dataset': 'Overture', 'license': 'CDLA-Permissive-2.0', 'record_id': None, 'update_time': '2026-04-07T10:00:15Z', 'confidence': None, 'between': None}]", "operating_status": "open", "basic_category": "shopping_mall", "taxonomy": "{'primary': 'shopping_mall', 'hierarchy': ['shopping', 'shopping_mall'], 'alternates': None}", "version": 6 }, "geometry": { "type": "Point", "coordinates": [ -76.53799717, 3.42671593 ] } },
{ "type": "Feature", "properties": { "id": "31391013-cbcc-45df-9ee4-21240b02d65e", "categories": { "primary": "yoga_studio", "alternate": [ "cafe", "professional_services" ] }, "confidence": 0.47388586401939392, "websites": null, "emails": null, "socials": [ "https://www.facebook.com/433914443842602" ], "phones": null, "brand": "{'wikidata': None, 'names': {'primary': None, 'common': None, 'rules': None}}", "addresses": "[{'freeform': 'Calle 8 34-2', 'locality': 'Cali', 'postcode': '760042', 'region': None, 'country': 'CO'}]", "names": "{'primary': 'Rucafe', 'common': None, 'rules': None}", "sources": "[{'property': '', 'dataset': 'meta', 'license': 'CDLA-Permissive-2.0', 'record_id': '433914443842602', 'update_time': '2026-04-06T00:00:00.000Z', 'confidence': 0.4738858640193939, 'between': None}, {'property': '/properties/confidence', 'dataset': 'Overture', 'license': 'CDLA-Permissive-2.0', 'record_id': None, 'update_time': '2026-04-07T10:00:15Z', 'confidence': None, 'between': None}]", "operating_status": "open", "basic_category": "fitness_studio", "taxonomy": "{'primary': 'yoga_studio', 'hierarchy': ['sports_and_recreation', 'sport_or_fitness_facility', 'fitness_studio', 'yoga_studio'], 'alternates': None}", "version": 6 }, "geometry": { "type": "Point", "coordinates": [ -76.5379941, 3.42560964 ] } },
{ "type": "Feature", "properties": { "id": "b7c9cbd5-4d83-433b-af60-dbf0e5ca26c8", "categories": "{'primary': 'community_services_non_profits', 'alternate': None}", "confidence": 0.66834145784378052, "websites": [ "http://www.escueladetangopiazzolla.org/" ], "emails": null, "socials": [ "https://www.facebook.com/1509559299293024" ], "phones": null, "brand": "{'wikidata': None, 'names': {'primary': None, 'common': None, 'rules': None}}", "addresses": "[{'freeform': 'Carrera 36 8', 'locality': 'Cali', 'postcode': '760042', 'region': None, 'country': 'CO'}]", "names": "{'primary': 'Cafe Piazzolla Cali', 'common': None, 'rules': None}", "sources": "[{'property': '', 'dataset': 'meta', 'license': 'CDLA-Permissive-2.0', 'record_id': '1509559299293024', 'update_time': '2026-04-06T00:00:00.000Z', 'confidence': 0.6683414578437805, 'between': None}, {'property': '/properties/confidence', 'dataset': 'Overture', 'license': 'CDLA-Permissive-2.0', 'record_id': None, 'update_time': '2026-04-07T10:00:15Z', 'confidence': None, 'between': None}]", "operating_status": "open", "basic_category": "social_or_community_service", "taxonomy": "{'primary': 'social_or_community_service', 'hierarchy': ['community_and_government', 'social_or_community_service'], 'alternates': None}", "version": 1 }, "geometry": { "type": "Point", "coordinates": [ -76.53791961, 3.42564271 ] } },
{ "type": "Feature", "properties": { "id": "a6f5250a-5dd7-47c6-bafb-739a05dfcac5", "categories": "{'primary': 'dance_school', 'alternate': None}", "confidence": 0.57993942499160767, "websites": [ "http://escueladetangopiazzolla.org/" ], "emails": [ "fundacionescueladetango@gmail.com" ], "socials": [ "https://www.facebook.com/916452628386477" ], "phones": [ "+573206146218" ], "brand": "{'wikidata': None, 'names': {'primary': None, 'common': None, 'rules': None}}", "addresses": "[{'freeform': 'Carrera 36 8-49', 'locality': 'Cali', 'postcode': '760042', 'region': None, 'country': 'CO'}]", "names": "{'primary': 'Escuela de Tango Piazzolla', 'common': None, 'rules': None}", "sources": "[{'property': '', 'dataset': 'meta', 'license': 'CDLA-Permissive-2.0', 'record_id': '916452628386477', 'update_time': '2026-04-06T00:00:00.000Z', 'confidence': 0.5799394249916077, 'between': None}, {'property': '/properties/confidence', 'dataset': 'Overture', 'license': 'CDLA-Permissive-2.0', 'record_id': None, 'update_time': '2026-04-07T10:00:15Z', 'confidence': None, 'between': None}]", "operating_status": "open", "basic_category": "sport_or_fitness_facility", "taxonomy": "{'primary': 'dance_studio', 'hierarchy': ['sports_and_recreation', 'sport_or_fitness_facility', 'dance_studio'], 'alternates': None}", "version": 6 }, "geometry": { "type": "Point", "coordinates": [ -76.5378998, 3.42558703 ] } },
{ "type": "Feature", "properties": { "id": "26a5d8cd-56cd-416e-b72d-2117b491ebc9", "categories": "{'primary': 'jewelry_store', 'alternate': None}", "confidence": 0.082316942512989044, "websites": null, "emails": null, "socials": [ "https://www.facebook.com/107054631120122" ], "phones": [ "+573164882533" ], "brand": "{'wikidata': None, 'names': {'primary': None, 'common': None, 'rules': None}}", "addresses": "[{'freeform': 'Cra. 34', 'locality': 'Cali', 'postcode': '760042', 'region': None, 'country': 'CO'}]", "names": "{'primary': 'Outlet Joyas En Acero', 'common': None, 'rules': None}", "sources": "[{'property': '', 'dataset': 'meta', 'license': 'CDLA-Permissive-2.0', 'record_id': '107054631120122', 'update_time': '2026-04-06T00:00:00.000Z', 'confidence': 0.08231694251298904, 'between': None}, {'property': '/properties/confidence', 'dataset': 'Overture', 'license': 'CDLA-Permissive-2.0', 'record_id': None, 'update_time': '2026-04-07T10:00:15Z', 'confidence': None, 'between': None}]", "operating_status": "open", "basic_category": "fashion_and_apparel_store", "taxonomy": "{'primary': 'jewelry_store', 'hierarchy': ['shopping', 'fashion_and_apparel_store', 'jewelry_store'], 'alternates': None}", "version": 7 }, "geometry": { "type": "Point", "coordinates": [ -76.53786024, 3.42637115 ] } },
{ "type": "Feature", "properties": { "id": "48af49ee-0b70-4306-95ca-7c06bd9f67cf", "categories": { "primary": "jewelry_store", "alternate": [ "professional_services" ] }, "confidence": 0.23221798241138458, "websites": null, "emails": null, "socials": [ "https://www.facebook.com/101724542280000" ], "phones": [ "+573158179172" ], "brand": "{'wikidata': None, 'names': {'primary': None, 'common': None, 'rules': None}}", "addresses": "[{'freeform': 'CENTRO COMERCIAL CENTRO SUR, Cl. 9 #LOCAL 2-22', 'locality': 'Cali', 'postcode': '760032', 'region': None, 'country': 'CO'}]", "names": "{'primary': 'Oro Export', 'common': None, 'rules': None}", "sources": "[{'property': '', 'dataset': 'meta', 'license': 'CDLA-Permissive-2.0', 'record_id': '101724542280000', 'update_time': '2026-04-06T00:00:00.000Z', 'confidence': 0.23221798241138458, 'between': None}, {'property': '/properties/confidence', 'dataset': 'Overture', 'license': 'CDLA-Permissive-2.0', 'record_id': None, 'update_time': '2026-04-07T10:00:15Z', 'confidence': None, 'between': None}]", "operating_status": "open", "basic_category": "fashion_and_apparel_store", "taxonomy": "{'primary': 'jewelry_store', 'hierarchy': ['shopping', 'fashion_and_apparel_store', 'jewelry_store'], 'alternates': None}", "version": 6 }, "geometry": { "type": "Point", "coordinates": [ -76.53783264, 3.42694864 ] } },
{ "type": "Feature", "properties": { "id": "0842bb6c-0bb1-4690-9046-de29e0912f4c", "categories": { "primary": "flowers_and_gifts_shop", "alternate": [ "event_planning", "shopping" ] }, "confidence": 0.4956195056438446, "websites": null, "emails": [ "floristeriabosquesdelibano@hotmail.com" ], "socials": [ "https://www.facebook.com/185180275153816" ], "phones": [ "+5725243112" ], "brand": "{'wikidata': None, 'names': {'primary': None, 'common': None, 'rules': None}}", "addresses": "[{'freeform': 'Calle 34-28', 'locality': 'Cali', 'postcode': '760013', 'region': None, 'country': 'CO'}]", "names": "{'primary': 'Floristeria Bosques del Libano', 'common': None, 'rules': None}", "sources": "[{'property': '', 'dataset': 'meta', 'license': 'CDLA-Permissive-2.0', 'record_id': '185180275153816', 'update_time': '2026-04-06T00:00:00.000Z', 'confidence': 0.4956195056438446, 'between': None}, {'property': '/properties/confidence', 'dataset': 'Overture', 'license': 'CDLA-Permissive-2.0', 'record_id': None, 'update_time': '2026-04-07T10:00:15Z', 'confidence': None, 'between': None}]", "operating_status": "open", "basic_category": "flowers_and_gifts_store", "taxonomy": "{'primary': 'flowers_and_gifts_shop', 'hierarchy': ['shopping', 'specialty_store', 'flowers_and_gifts_store'], 'alternates': None}", "version": 7 }, "geometry": { "type": "Point", "coordinates": [ -76.53778285, 3.42600992 ] } },
{ "type": "Feature", "properties": { "id": "bbf73075-d53c-4ee7-b7af-a5bbc6b1ca15", "categories": { "primary": "active_life", "alternate": [ "gym", "health_and_medical" ] }, "confidence": 0.32269957661628723, "websites": null, "emails": [ "healtfitnesscali@gmail.com" ], "socials": [ "https://www.facebook.com/915155248562241" ], "phones": [ "+573203310853" ], "brand": "{'wikidata': None, 'names': {'primary': None, 'common': None, 'rules': None}}", "addresses": "[{'freeform': 'Calle 10-9', 'locality': 'Cali', 'postcode': '760042', 'region': None, 'country': 'CO'}]", "names": "{'primary': 'Health and Fitness Store', 'common': None, 'rules': None}", "sources": "[{'property': '', 'dataset': 'meta', 'license': 'CDLA-Permissive-2.0', 'record_id': '915155248562241', 'update_time': '2026-04-06T00:00:00.000Z', 'confidence': 0.32269957661628723, 'between': None}, {'property': '/properties/confidence', 'dataset': 'Overture', 'license': 'CDLA-Permissive-2.0', 'record_id': None, 'update_time': '2026-04-07T10:00:15Z', 'confidence': None, 'between': None}]", "operating_status": "open", "basic_category": null, "taxonomy": "{'primary': 'sports_and_recreation', 'hierarchy': ['sports_and_recreation'], 'alternates': None}", "version": 7 }, "geometry": { "type": "Point", "coordinates": [ -76.53771537, 3.42613075 ] } },
{ "type": "Feature", "properties": { "id": "3fa0d977-5227-48c0-868c-85274799f8a3", "categories": { "primary": "event_planning", "alternate": [ "grocery_store" ] }, "confidence": 0.44535121321678162, "websites": [ "http://www.inflablesdelta.com" ], "emails": null, "socials": [ "https://www.facebook.com/183907895590491" ], "phones": [ "+25577663" ], "brand": "{'wikidata': None, 'names': {'primary': None, 'common': None, 'rules': None}}", "addresses": "[{'freeform': 'Carrera 32A 8-19', 'locality': 'Cali', 'postcode': '760042', 'region': None, 'country': 'CO'}]", "names": "{'primary': 'Eventos Continental', 'common': None, 'rules': None}", "sources": "[{'property': '', 'dataset': 'meta', 'license': 'CDLA-Permissive-2.0', 'record_id': '183907895590491', 'update_time': '2026-04-06T00:00:00.000Z', 'confidence': 0.4453512132167816, 'between': None}, {'property': '/properties/confidence', 'dataset': 'Overture', 'license': 'CDLA-Permissive-2.0', 'record_id': None, 'update_time': '2026-04-07T10:00:15Z', 'confidence': None, 'between': None}]", "operating_status": "open", "basic_category": "event_or_party_service", "taxonomy": "{'primary': 'event_or_party_service', 'hierarchy': ['services_and_business', 'event_or_party_service'], 'alternates': None}", "version": 6 }, "geometry": { "type": "Point", "coordinates": [ -76.53766138, 3.42749967 ] } },
{ "type": "Feature", "properties": { "id": "09ae476d-d8c2-4b55-bb5e-5dd1d2143402", "categories": { "primary": "occupational_safety", "alternate": [ "health_and_medical" ] }, "confidence": 0.27963382005691528, "websites": null, "emails": null, "socials": [ "https://www.facebook.com/101280609501856" ], "phones": [ "+573002533272" ], "brand": "{'wikidata': None, 'names': {'primary': None, 'common': None, 'rules': None}}", "addresses": "[{'freeform': 'Carrera 32A 8-33', 'locality': 'Cali', 'postcode': '760042', 'region': None, 'country': 'CO'}]", "names": "{'primary': 'Servicios Empresariales MSM', 'common': None, 'rules': None}", "sources": "[{'property': '', 'dataset': 'meta', 'license': 'CDLA-Permissive-2.0', 'record_id': '101280609501856', 'update_time': '2026-04-06T00:00:00.000Z', 'confidence': 0.2796338200569153, 'between': None}, {'property': '/properties/confidence', 'dataset': 'Overture', 'license': 'CDLA-Permissive-2.0', 'record_id': None, 'update_time': '2026-04-07T10:00:15Z', 'confidence': None, 'between': None}]", "operating_status": "open", "basic_category": "b2b_industrial_and_machine_service", "taxonomy": "{'primary': 'occupational_safety', 'hierarchy': ['services_and_business', 'b2b_service', 'b2b_industrial_and_machine_service', 'occupational_safety'], 'alternates': None}", "version": 1 }, "geometry": { "type": "Point", "coordinates": [ -76.5375813, 3.42758763 ] } },
{ "type": "Feature", "properties": { "id": "3571ccb3-3d11-4b48-be19-187f8808aba6", "categories": { "primary": "shopping_center", "alternate": [ "shopping", "landmark_and_historical_building" ] }, "confidence": 0.96812486708164214, "websites": [ "https://centrosurplaza.com/" ], "emails": [ "administracion@centrosurplaza.com" ], "socials": [ "https://www.facebook.com/424903550906169" ], "phones": [ "+25583392" ], "brand": "{'wikidata': None, 'names': {'primary': None, 'common': None, 'rules': None}}", "addresses": "[{'freeform': 'Calle 9 32A-16', 'locality': 'Cali', 'postcode': '760042', 'region': None, 'country': 'CO'}]", "names": "{'primary': 'Centrosur Plaza', 'common': None, 'rules': None}", "sources": "[{'property': '', 'dataset': 'meta', 'license': 'CDLA-Permissive-2.0', 'record_id': '424903550906169', 'update_time': '2026-04-06T00:00:00.000Z', 'confidence': 0.8614124655723572, 'between': None}, {'property': '/properties/confidence', 'dataset': 'Overture', 'license': 'CDLA-Permissive-2.0', 'record_id': None, 'update_time': '2026-04-07T10:00:15Z', 'confidence': None, 'between': None}]", "operating_status": "open", "basic_category": "shopping_mall", "taxonomy": "{'primary': 'shopping_mall', 'hierarchy': ['shopping', 'shopping_mall'], 'alternates': None}", "version": 7 }, "geometry": { "type": "Point", "coordinates": [ -76.53738978, 3.42705536 ] } },
{ "type": "Feature", "properties": { "id": "e3db5223-5928-4ca0-9da3-2c44094f3fc2", "categories": "{'primary': 'bank_credit_union', 'alternate': None}", "confidence": 0.77, "websites": [ "https://www.bancolombia.com/gmb" ], "emails": null, "socials": null, "phones": [ "018000912345" ], "brand": null, "addresses": [ { "freeform": "CALLE 9 # 32 A - 16", "locality": "Cali", "postcode": "760042", "region": "", "country": "CO" } ], "names": "{'primary': 'Sucursal Bancolombia', 'common': None, 'rules': None}", "sources": "[{'property': '', 'dataset': 'Microsoft', 'license': 'CDLA-Permissive-2.0', 'record_id': '844424933713726', 'update_time': '2023-02-06T13:50:01.997Z', 'confidence': 0.77, 'between': None}, {'property': '/properties/confidence', 'dataset': 'Overture', 'license': 'CDLA-Permissive-2.0', 'record_id': None, 'update_time': '2026-04-07T10:00:15Z', 'confidence': None, 'between': None}]", "operating_status": "open", "basic_category": "bank_or_credit_union", "taxonomy": "{'primary': 'bank_credit_union', 'hierarchy': ['services_and_business', 'financial_service', 'bank_or_credit_union'], 'alternates': None}", "version": 6 }, "geometry": { "type": "Point", "coordinates": [ -76.537376, 3.426983 ] } },
{ "type": "Feature", "properties": { "id": "15dab44a-a47e-4c65-ac9c-2c27b781b87a", "categories": null, "confidence": 0.77, "websites": [ "http://lilipink.ec" ], "emails": [ "servicioalcliente@lilipink.com" ], "socials": [ "https://www.facebook.com/302829403950774" ], "phones": [ "310 5756438" ], "brand": null, "addresses": [ { "freeform": "Calle 9 32A-16", "locality": "CALI", "postcode": "760001", "region": "Valle de Cauca", "country": "CO" } ], "names": "{'primary': 'INTIMA LILI PINK CALI SUR PLAZA', 'common': None, 'rules': None}", "sources": "[{'property': '', 'dataset': 'Foursquare', 'license': 'Apache-2.0', 'record_id': '5cc135c80d173f002cfce428', 'update_time': '2020-07-23T00:00:00.000', 'confidence': 0.77, 'between': None}, {'property': '/properties/confidence', 'dataset': 'Overture', 'license': 'CDLA-Permissive-2.0', 'record_id': None, 'update_time': '2026-04-07T10:00:15Z', 'confidence': None, 'between': None}]", "operating_status": "open", "basic_category": null, "taxonomy": null, "version": 1 }, "geometry": { "type": "Point", "coordinates": [ -76.537351165012353, 3.426962290146 ] } },
{ "type": "Feature", "properties": { "id": "7069d9e6-c641-4c68-896f-d00c35edae10", "categories": { "primary": "community_services_non_profits", "alternate": [ "soccer_field", "esports_league" ] }, "confidence": 0.29374739527702332, "websites": [ "http://www.salesianosjb.edu.co" ], "emails": [ "ligabeisbolvalle@gmail.com" ], "socials": [ "https://www.facebook.com/962617103890245" ], "phones": [ "+25144253" ], "brand": "{'wikidata': None, 'names': {'primary': None, 'common': None, 'rules': None}}", "addresses": "[{'freeform': 'Calle 9 34-03', 'locality': 'Cali', 'postcode': '760042', 'region': None, 'country': 'CO'}]", "names": "{'primary': 'Liga Vallecaucana de Beisbol', 'common': None, 'rules': None}", "sources": "[{'property': '', 'dataset': 'meta', 'license': 'CDLA-Permissive-2.0', 'record_id': '962617103890245', 'update_time': '2026-04-06T00:00:00.000Z', 'confidence': 0.2937473952770233, 'between': None}, {'property': '/properties/confidence', 'dataset': 'Overture', 'license': 'CDLA-Permissive-2.0', 'record_id': None, 'update_time': '2026-04-07T10:00:15Z', 'confidence': None, 'between': None}]", "operating_status": "open", "basic_category": "social_or_community_service", "taxonomy": "{'primary': 'social_or_community_service', 'hierarchy': ['community_and_government', 'social_or_community_service'], 'alternates': None}", "version": 5 }, "geometry": { "type": "Point", "coordinates": [ -76.53734191, 3.42681557 ] } },
{ "type": "Feature", "properties": { "id": "0c6bc971-62d5-4ff2-bfa6-3a482b47cd33", "categories": { "primary": "hotel", "alternate": [ "casino", "arts_and_entertainment" ] }, "confidence": 0.58073937892913818, "websites": null, "emails": null, "socials": [ "https://www.facebook.com/499023373497847" ], "phones": [ "+5726553350" ], "brand": "{'wikidata': None, 'names': {'primary': None, 'common': None, 'rules': None}}", "addresses": "[{'freeform': 'Carrera 32A-69', 'locality': 'Cali', 'postcode': '760042', 'region': None, 'country': 'CO'}]", "names": "{'primary': 'Motel Ibiza', 'common': None, 'rules': None}", "sources": "[{'property': '', 'dataset': 'meta', 'license': 'CDLA-Permissive-2.0', 'record_id': '499023373497847', 'update_time': '2026-04-06T00:00:00.000Z', 'confidence': 0.5807393789291382, 'between': None}, {'property': '/properties/confidence', 'dataset': 'Overture', 'license': 'CDLA-Permissive-2.0', 'record_id': None, 'update_time': '2026-04-07T10:00:15Z', 'confidence': None, 'between': None}]", "operating_status": "open", "basic_category": "hotel", "taxonomy": "{'primary': 'hotel', 'hierarchy': ['lodging', 'hotel'], 'alternates': None}", "version": 6 }, "geometry": { "type": "Point", "coordinates": [ -76.53733, 3.42745 ] } },
{ "type": "Feature", "properties": { "id": "17be60d0-6823-4a2f-ace0-2e18cdf21bd5", "categories": { "primary": "pharmaceutical_companies", "alternate": [ "health_and_medical", "vitamins_and_supplements" ] }, "confidence": 0.59501099586486816, "websites": null, "emails": null, "socials": [ "https://www.facebook.com/101058011956531" ], "phones": [ "+576023808906" ], "brand": "{'wikidata': None, 'names': {'primary': 'Nutrabiotics S.A.S', 'common': None, 'rules': None}}", "addresses": "[{'freeform': 'Calle 9B 28-16', 'locality': 'Cali', 'postcode': '760042', 'region': None, 'country': 'CO'}]", "names": "{'primary': 'Nutrabiotics', 'common': None, 'rules': None}", "sources": "[{'property': '', 'dataset': 'meta', 'license': 'CDLA-Permissive-2.0', 'record_id': '101058011956531', 'update_time': '2026-04-06T00:00:00.000Z', 'confidence': 0.5950109958648682, 'between': None}, {'property': '/properties/confidence', 'dataset': 'Overture', 'license': 'CDLA-Permissive-2.0', 'record_id': None, 'update_time': '2026-04-07T10:00:15Z', 'confidence': None, 'between': None}]", "operating_status": "open", "basic_category": "corporate_or_business_office", "taxonomy": "{'primary': 'pharmaceutical_company', 'hierarchy': ['services_and_business', 'corporate_or_business_office', 'pharmaceutical_company'], 'alternates': None}", "version": 8 }, "geometry": { "type": "Point", "coordinates": [ -76.53731872, 3.42680299 ] } },
{ "type": "Feature", "properties": { "id": "05a81b44-5082-47ad-adc7-b9c3504f19a5", "categories": "{'primary': 'clothing_store', 'alternate': None}", "confidence": 0.36031198501586914, "websites": [ "http://www.gef.com.co/" ], "emails": null, "socials": [ "https://www.facebook.com/175089763087395" ], "phones": [ "+5718000517536" ], "brand": "{'wikidata': None, 'names': {'primary': 'Gef', 'common': None, 'rules': None}}", "addresses": "[{'freeform': 'Calle 9 32', 'locality': 'Cali', 'postcode': '760042', 'region': None, 'country': 'CO'}]", "names": "{'primary': 'GEF', 'common': None, 'rules': None}", "sources": "[{'property': '', 'dataset': 'meta', 'license': 'CDLA-Permissive-2.0', 'record_id': '175089763087395', 'update_time': '2026-04-06T00:00:00.000Z', 'confidence': 0.36031198501586914, 'between': None}, {'property': '/properties/confidence', 'dataset': 'Overture', 'license': 'CDLA-Permissive-2.0', 'record_id': None, 'update_time': '2026-04-07T10:00:15Z', 'confidence': None, 'between': None}]", "operating_status": "open", "basic_category": "fashion_and_apparel_store", "taxonomy": "{'primary': 'clothing_store', 'hierarchy': ['shopping', 'fashion_and_apparel_store', 'clothing_store'], 'alternates': None}", "version": 9 }, "geometry": { "type": "Point", "coordinates": [ -76.53731888, 3.42682586 ] } },
{ "type": "Feature", "properties": { "id": "a8cc389c-4d1a-4d3c-b042-4b77c9fc03e1", "categories": { "primary": "furniture_store", "alternate": [ "storage_facility" ] }, "confidence": 0.54955244064331055, "websites": [ "https://www.closetsmodularesdeoccidente.com" ], "emails": [ "marisvel03@hotmail.com" ], "socials": [ "https://www.facebook.com/385841561476237" ], "phones": [ "+573128915290" ], "brand": "{'wikidata': None, 'names': {'primary': None, 'common': None, 'rules': None}}", "addresses": "[{'freeform': 'Calle 9 32A-21', 'locality': 'Cali', 'postcode': '760042', 'region': None, 'country': 'CO'}]", "names": "{'primary': 'A. Closets Modulares de Occidente', 'common': None, 'rules': None}", "sources": "[{'property': '', 'dataset': 'meta', 'license': 'CDLA-Permissive-2.0', 'record_id': '385841561476237', 'update_time': '2026-04-06T00:00:00.000Z', 'confidence': 0.5495524406433105, 'between': None}, {'property': '/properties/confidence', 'dataset': 'Overture', 'license': 'CDLA-Permissive-2.0', 'record_id': None, 'update_time': '2026-04-07T10:00:15Z', 'confidence': None, 'between': None}]", "operating_status": "open", "basic_category": "hardware_home_and_garden_store", "taxonomy": "{'primary': 'furniture_store', 'hierarchy': ['shopping', 'specialty_store', 'hardware_home_and_garden_store', 'furniture_store'], 'alternates': None}", "version": 7 }, "geometry": { "type": "Point", "coordinates": [ -76.53726918, 3.42710669 ] } },
{ "type": "Feature", "properties": { "id": "164d00f8-1cea-4b48-b7ab-9c9a990420ac", "categories": { "primary": "laboratory_testing", "alternate": [ "medical_service_organizations", "naturopathic_holistic" ] }, "confidence": 0.69114029407501221, "websites": null, "emails": null, "socials": [ "https://www.facebook.com/2343093409257999" ], "phones": null, "brand": "{'wikidata': None, 'names': {'primary': None, 'common': None, 'rules': None}}", "addresses": "[{'freeform': 'Calle 8 32A-73', 'locality': 'Cali', 'postcode': '760042', 'region': None, 'country': 'CO'}]", "names": "{'primary': 'Cristus Sinergia Laboratorio Clínico', 'common': None, 'rules': None}", "sources": "[{'property': '', 'dataset': 'meta', 'license': 'CDLA-Permissive-2.0', 'record_id': '2343093409257999', 'update_time': '2026-04-06T00:00:00.000Z', 'confidence': 0.6911402940750122, 'between': None}, {'property': '/properties/confidence', 'dataset': 'Overture', 'license': 'CDLA-Permissive-2.0', 'record_id': None, 'update_time': '2026-04-07T10:00:15Z', 'confidence': None, 'between': None}]", "operating_status": "open", "basic_category": "diagnostics_imaging_or_lab_service", "taxonomy": "{'primary': 'laboratory_testing', 'hierarchy': ['health_care', 'outpatient_care_facility', 'diagnostics_imaging_or_lab_service', 'laboratory_testing'], 'alternates': None}", "version": 6 }, "geometry": { "type": "Point", "coordinates": [ -76.53726092, 3.42703024 ] } },
{ "type": "Feature", "properties": { "id": "50fe98f3-00d7-4f9f-8904-1fa99576d950", "categories": { "primary": "travel_services", "alternate": [ "accommodation" ] }, "confidence": 0.40603664517402649, "websites": [ "https://www.atom.bio/colombiaviajaa" ], "emails": [ "colombiaviajaa@gmail.com" ], "socials": [ "https://www.facebook.com/234687013646477" ], "phones": null, "brand": "{'wikidata': None, 'names': {'primary': None, 'common': None, 'rules': None}}", "addresses": "[{'freeform': None, 'locality': 'Cali', 'postcode': None, 'region': None, 'country': 'CO'}]", "names": "{'primary': 'Colombia Viaja', 'common': None, 'rules': None}", "sources": "[{'property': '', 'dataset': 'meta', 'license': 'CDLA-Permissive-2.0', 'record_id': '234687013646477', 'update_time': '2026-04-06T00:00:00.000Z', 'confidence': 0.4060366451740265, 'between': None}, {'property': '/properties/confidence', 'dataset': 'Overture', 'license': 'CDLA-Permissive-2.0', 'record_id': None, 'update_time': '2026-04-07T10:00:15Z', 'confidence': None, 'between': None}]", "operating_status": "open", "basic_category": "travel_service", "taxonomy": "{'primary': 'travel_service', 'hierarchy': ['travel_and_transportation', 'travel_service'], 'alternates': None}", "version": 5 }, "geometry": { "type": "Point", "coordinates": [ -76.5372307, 3.4270919 ] } },
{ "type": "Feature", "properties": { "id": "0674cf4e-f797-4c4e-9209-1c6bd67f0336", "categories": null, "confidence": 0.61304372549057007, "websites": null, "emails": [ "kaomacafeexpress@gmail.com" ], "socials": [ "https://www.facebook.com/106069148931708" ], "phones": null, "brand": "{'wikidata': None, 'names': {'primary': None, 'common': None, 'rules': None}}", "addresses": "[{'freeform': 'Calle 9 32A-16', 'locality': 'Cali', 'postcode': '760042', 'region': None, 'country': 'CO'}]", "names": "{'primary': 'Kaoma cafe express', 'common': None, 'rules': None}", "sources": "[{'property': '', 'dataset': 'meta', 'license': 'CDLA-Permissive-2.0', 'record_id': '106069148931708', 'update_time': '2026-04-06T00:00:00.000Z', 'confidence': 0.6130437254905701, 'between': None}, {'property': '/properties/confidence', 'dataset': 'Overture', 'license': 'CDLA-Permissive-2.0', 'record_id': None, 'update_time': '2026-04-07T10:00:15Z', 'confidence': None, 'between': None}]", "operating_status": "open", "basic_category": null, "taxonomy": null, "version": 1 }, "geometry": { "type": "Point", "coordinates": [ -76.5372164, 3.4270943 ] } },
{ "type": "Feature", "properties": { "id": "92f48da4-73fd-40c0-928b-91a18e47ef3c", "categories": { "primary": "clothing_store", "alternate": [ "fashion" ] }, "confidence": 0.31790542602539062, "websites": [ "http://www.puntoblanco.com.co" ], "emails": null, "socials": [ "https://www.facebook.com/614467612373341" ], "phones": null, "brand": "{'wikidata': None, 'names': {'primary': 'Punto Blanco', 'common': None, 'rules': None}}", "addresses": "[{'freeform': 'Calle 9 32A-1', 'locality': 'Cali', 'postcode': '760042', 'region': None, 'country': 'CO'}]", "names": "{'primary': 'Punto Blanco', 'common': None, 'rules': None}", "sources": "[{'property': '', 'dataset': 'meta', 'license': 'CDLA-Permissive-2.0', 'record_id': '614467612373341', 'update_time': '2026-04-06T00:00:00.000Z', 'confidence': 0.3179054260253906, 'between': None}, {'property': '/properties/confidence', 'dataset': 'Overture', 'license': 'CDLA-Permissive-2.0', 'record_id': None, 'update_time': '2026-04-07T10:00:15Z', 'confidence': None, 'between': None}]", "operating_status": "open", "basic_category": "fashion_and_apparel_store", "taxonomy": "{'primary': 'clothing_store', 'hierarchy': ['shopping', 'fashion_and_apparel_store', 'clothing_store'], 'alternates': None}", "version": 6 }, "geometry": { "type": "Point", "coordinates": [ -76.53708347, 3.42738166 ] } },
{ "type": "Feature", "properties": { "id": "b28b0e29-d236-4677-a9f4-1ea37fad42eb", "categories": { "primary": "clothing_store", "alternate": [ "uniform_store", "industrial_company" ] }, "confidence": 0.60022890567779541, "websites": [ "http://www.isamoda.com.co/" ], "emails": [ "isamoda@emcali.net.co" ], "socials": [ "https://www.facebook.com/142764742535239" ], "phones": [ "+5725580109" ], "brand": "{'wikidata': None, 'names': {'primary': None, 'common': None, 'rules': None}}", "addresses": "[{'freeform': 'Calle 9 32-34', 'locality': 'Cali', 'postcode': '760042', 'region': None, 'country': 'CO'}]", "names": "{'primary': 'Isamoda SAS', 'common': None, 'rules': None}", "sources": "[{'property': '', 'dataset': 'meta', 'license': 'CDLA-Permissive-2.0', 'record_id': '142764742535239', 'update_time': '2026-04-06T00:00:00.000Z', 'confidence': 0.6002289056777954, 'between': None}, {'property': '/properties/confidence', 'dataset': 'Overture', 'license': 'CDLA-Permissive-2.0', 'record_id': None, 'update_time': '2026-04-07T10:00:15Z', 'confidence': None, 'between': None}]", "operating_status": "open", "basic_category": "fashion_and_apparel_store", "taxonomy": "{'primary': 'clothing_store', 'hierarchy': ['shopping', 'fashion_and_apparel_store', 'clothing_store'], 'alternates': None}", "version": 6 }, "geometry": { "type": "Point", "coordinates": [ -76.53704583, 3.42750703 ] } },
{ "type": "Feature", "properties": { "id": "7b4942e8-01af-4b35-92df-b4a4ea23e501", "categories": "{'primary': 'furniture_store', 'alternate': None}", "confidence": 0.14308705925941467, "websites": null, "emails": null, "socials": [ "https://www.facebook.com/626038773924315" ], "phones": [ "+5723087386" ], "brand": "{'wikidata': None, 'names': {'primary': None, 'common': None, 'rules': None}}", "addresses": "[{'freeform': 'Calle 9 32A', 'locality': 'Cali', 'postcode': '760042', 'region': None, 'country': 'CO'}]", "names": "{'primary': 'Furniture Innovacion Jhonny III', 'common': None, 'rules': None}", "sources": "[{'property': '', 'dataset': 'meta', 'license': 'CDLA-Permissive-2.0', 'record_id': '626038773924315', 'update_time': '2026-04-06T00:00:00.000Z', 'confidence': 0.14308705925941467, 'between': None}, {'property': '/properties/confidence', 'dataset': 'Overture', 'license': 'CDLA-Permissive-2.0', 'record_id': None, 'update_time': '2026-04-07T10:00:15Z', 'confidence': None, 'between': None}]", "operating_status": "open", "basic_category": "hardware_home_and_garden_store", "taxonomy": "{'primary': 'furniture_store', 'hierarchy': ['shopping', 'specialty_store', 'hardware_home_and_garden_store', 'furniture_store'], 'alternates': None}", "version": 4 }, "geometry": { "type": "Point", "coordinates": [ -76.53702908, 3.42757262 ] } },
{ "type": "Feature", "properties": { "id": "39371863-c736-414f-8b78-1267ae4c3a70", "categories": { "primary": "art_school", "alternate": [ "school", "topic_concert_venue" ] }, "confidence": 0.62424582242965698, "websites": [ "http://www.bembelequa.com" ], "emails": [ "bembelequa.info2013@gmail.com" ], "socials": [ "https://www.facebook.com/550931161618210" ], "phones": [ "+573113149145" ], "brand": "{'wikidata': None, 'names': {'primary': None, 'common': None, 'rules': None}}", "addresses": "[{'freeform': 'Carrera 36 5 B-03 56 Brr. San Fernando', 'locality': 'Cali', 'postcode': '760042', 'region': None, 'country': 'CO'}]", "names": "{'primary': 'Fundacion Artistica y Academia de Baile Bembelequa', 'common': None, 'rules': None}", "sources": "[{'property': '', 'dataset': 'meta', 'license': 'CDLA-Permissive-2.0', 'record_id': '550931161618210', 'update_time': '2026-04-06T00:00:00.000Z', 'confidence': 0.624245822429657, 'between': None}, {'property': '/properties/confidence', 'dataset': 'Overture', 'license': 'CDLA-Permissive-2.0', 'record_id': None, 'update_time': '2026-04-07T10:00:15Z', 'confidence': None, 'between': None}]", "operating_status": "open", "basic_category": "specialty_school", "taxonomy": "{'primary': 'art_school', 'hierarchy': ['education', 'place_of_learning', 'specialty_school', 'art_school'], 'alternates': None}", "version": 8 }, "geometry": { "type": "Point", "coordinates": [ -76.5407607, 3.42795895 ] } },
{ "type": "Feature", "properties": { "id": "91050511-488b-481c-a3bc-15a3329827a9", "categories": "{'primary': 'colombian_restaurant', 'alternate': None}", "confidence": 0.36122399568557739, "websites": null, "emails": null, "socials": [ "https://www.facebook.com/1050914635110512" ], "phones": [ "+573166286939" ], "brand": "{'wikidata': None, 'names': {'primary': None, 'common': None, 'rules': None}}", "addresses": "[{'freeform': 'Carrera 36 5B3-52', 'locality': 'Cali', 'postcode': '760042', 'region': None, 'country': 'CO'}]", "names": "{'primary': 'Restaurante y Cafetería de Juanes', 'common': None, 'rules': None}", "sources": "[{'property': '', 'dataset': 'meta', 'license': 'CDLA-Permissive-2.0', 'record_id': '1050914635110512', 'update_time': '2026-04-06T00:00:00.000Z', 'confidence': 0.3612239956855774, 'between': None}, {'property': '/properties/confidence', 'dataset': 'Overture', 'license': 'CDLA-Permissive-2.0', 'record_id': None, 'update_time': '2026-04-07T10:00:15Z', 'confidence': None, 'between': None}]", "operating_status": "open", "basic_category": "restaurant", "taxonomy": "{'primary': 'colombian_restaurant', 'hierarchy': ['food_and_drink', 'restaurant', 'latin_american_restaurant', 'south_american_restaurant', 'colombian_restaurant'], 'alternates': None}", "version": 4 }, "geometry": { "type": "Point", "coordinates": [ -76.54069581, 3.42797434 ] } },
{ "type": "Feature", "properties": { "id": "1bc10c0a-7a56-42b9-af8a-cbeef4ce75a1", "categories": { "primary": "beauty_salon", "alternate": [ "beauty_and_spa" ] }, "confidence": 0.062954530119895935, "websites": null, "emails": null, "socials": [ "https://www.facebook.com/332027823319598" ], "phones": [ "+573013580856" ], "brand": "{'wikidata': None, 'names': {'primary': None, 'common': None, 'rules': None}}", "addresses": "[{'freeform': 'Cra. 36 #56', 'locality': 'Cali', 'postcode': '760042', 'region': None, 'country': 'CO'}]", "names": "{'primary': 'Centro de estética Stetic Siluet | tratamientos corporales y faciales | reducción y moldeo', 'common': None, 'rules': None}", "sources": "[{'property': '', 'dataset': 'meta', 'license': 'CDLA-Permissive-2.0', 'record_id': '332027823319598', 'update_time': '2026-04-06T00:00:00.000Z', 'confidence': 0.06295453011989594, 'between': None}, {'property': '/properties/confidence', 'dataset': 'Overture', 'license': 'CDLA-Permissive-2.0', 'record_id': None, 'update_time': '2026-04-07T10:00:15Z', 'confidence': None, 'between': None}]", "operating_status": "open", "basic_category": "personal_or_beauty_service", "taxonomy": "{'primary': 'beauty_salon', 'hierarchy': ['lifestyle_services', 'personal_or_beauty_service', 'beauty_salon'], 'alternates': None}", "version": 7 }, "geometry": { "type": "Point", "coordinates": [ -76.54065324, 3.42777886 ] } },
{ "type": "Feature", "properties": { "id": "c898944e-7ffb-46de-ad6f-6204a7a14491", "categories": { "primary": "sports_and_recreation_venue", "alternate": [ "gym", "public_and_government_association" ] }, "confidence": 0.9142492413520813, "websites": [ "http://www.indervalle.gov.co/" ], "emails": [ "comunicaciones@indervalle.gov.co" ], "socials": [ "https://www.facebook.com/1411993282389538" ], "phones": [ "+576025569242" ], "brand": "{'wikidata': None, 'names': {'primary': None, 'common': None, 'rules': None}}", "addresses": "[{'freeform': 'Carrera 36 5B3-65', 'locality': 'Cali', 'postcode': '760042', 'region': None, 'country': 'CO'}]", "names": "{'primary': 'Indervalle', 'common': None, 'rules': None}", "sources": "[{'property': '', 'dataset': 'meta', 'license': 'CDLA-Permissive-2.0', 'record_id': '1411993282389538', 'update_time': '2026-04-06T00:00:00.000Z', 'confidence': 0.9142492413520813, 'between': None}, {'property': '/properties/confidence', 'dataset': 'Overture', 'license': 'CDLA-Permissive-2.0', 'record_id': None, 'update_time': '2026-04-07T10:00:15Z', 'confidence': None, 'between': None}]", "operating_status": "open", "basic_category": "sport_or_fitness_facility", "taxonomy": "{'primary': 'sport_or_fitness_facility', 'hierarchy': ['sports_and_recreation', 'sport_or_fitness_facility'], 'alternates': None}", "version": 3 }, "geometry": { "type": "Point", "coordinates": [ -76.54036149, 3.42787229 ] } },
{ "type": "Feature", "properties": { "id": "a9df2f0f-48a9-4f35-aeb3-1acd473d6418", "categories": "{'primary': 'restaurant', 'alternate': None}", "confidence": 0.26726910471916199, "websites": null, "emails": null, "socials": [ "https://www.facebook.com/106735697846599" ], "phones": [ "+573183087363" ], "brand": "{'wikidata': None, 'names': {'primary': None, 'common': None, 'rules': None}}", "addresses": "[{'freeform': 'Carrera 34 5B2-15', 'locality': 'Cali', 'postcode': '760042', 'region': None, 'country': 'CO'}]", "names": "{'primary': 'Restaurante Semigourmet', 'common': None, 'rules': None}", "sources": "[{'property': '', 'dataset': 'meta', 'license': 'CDLA-Permissive-2.0', 'record_id': '106735697846599', 'update_time': '2026-04-06T00:00:00.000Z', 'confidence': 0.267269104719162, 'between': None}, {'property': '/properties/confidence', 'dataset': 'Overture', 'license': 'CDLA-Permissive-2.0', 'record_id': None, 'update_time': '2026-04-07T10:00:15Z', 'confidence': None, 'between': None}]", "operating_status": "open", "basic_category": "restaurant", "taxonomy": "{'primary': 'restaurant', 'hierarchy': ['food_and_drink', 'restaurant'], 'alternates': None}", "version": 6 }, "geometry": { "type": "Point", "coordinates": [ -76.54006504, 3.42990424 ] } },
{ "type": "Feature", "properties": { "id": "e883eba2-2022-4e0a-b386-e195d7dced46", "categories": "{'primary': 'insurance_agency', 'alternate': None}", "confidence": 0.43459022045135498, "websites": [ "http://www.logyseg.com.co/" ], "emails": null, "socials": [ "https://www.facebook.com/111985287141334" ], "phones": [ "+573238036801" ], "brand": "{'wikidata': None, 'names': {'primary': None, 'common': None, 'rules': None}}", "addresses": "[{'freeform': 'Carrera 29 5B-49', 'locality': 'Cali', 'postcode': '760042', 'region': None, 'country': 'CO'}]", "names": "{'primary': 'Logística y Seguros', 'common': None, 'rules': None}", "sources": "[{'property': '', 'dataset': 'meta', 'license': 'CDLA-Permissive-2.0', 'record_id': '111985287141334', 'update_time': '2026-04-06T00:00:00.000Z', 'confidence': 0.434590220451355, 'between': None}, {'property': '/properties/confidence', 'dataset': 'Overture', 'license': 'CDLA-Permissive-2.0', 'record_id': None, 'update_time': '2026-04-07T10:00:15Z', 'confidence': None, 'between': None}]", "operating_status": "open", "basic_category": "financial_service", "taxonomy": "{'primary': 'insurance_agency', 'hierarchy': ['services_and_business', 'financial_service', 'insurance_agency'], 'alternates': None}", "version": 1 }, "geometry": { "type": "Point", "coordinates": [ -76.54025151, 3.43201119 ] } },
{ "type": "Feature", "properties": { "id": "4ab4b43a-6972-4b1a-856a-e2ee61f343cf", "categories": { "primary": "laboratory_testing", "alternate": [ "hospital" ] }, "confidence": 0.95079332590103149, "websites": [ "http://medicalstetic.com.co/" ], "emails": [ "medicalsteticips@gmail.com" ], "socials": [ "https://www.facebook.com/1600872590159717" ], "phones": [ "+573233486984" ], "brand": "{'wikidata': None, 'names': {'primary': None, 'common': None, 'rules': None}}", "addresses": "[{'freeform': 'Carrera 28 5B-43', 'locality': 'Cali', 'postcode': '760042', 'region': None, 'country': 'CO'}]", "names": "{'primary': 'Medical Stetic Ips', 'common': None, 'rules': None}", "sources": "[{'property': '', 'dataset': 'meta', 'license': 'CDLA-Permissive-2.0', 'record_id': '1600872590159717', 'update_time': '2026-04-06T00:00:00.000Z', 'confidence': 0.9507933259010315, 'between': None}, {'property': '/properties/confidence', 'dataset': 'Overture', 'license': 'CDLA-Permissive-2.0', 'record_id': None, 'update_time': '2026-04-07T10:00:15Z', 'confidence': None, 'between': None}]", "operating_status": "open", "basic_category": "diagnostics_imaging_or_lab_service", "taxonomy": "{'primary': 'laboratory_testing', 'hierarchy': ['health_care', 'outpatient_care_facility', 'diagnostics_imaging_or_lab_service', 'laboratory_testing'], 'alternates': None}", "version": 8 }, "geometry": { "type": "Point", "coordinates": [ -76.54018524, 3.43267576 ] } },
{ "type": "Feature", "properties": { "id": "6069bbf4-b63b-4b48-9693-ec2670454fa6", "categories": "{'primary': 'professional_services', 'alternate': None}", "confidence": 0.10500970482826233, "websites": [ "http://www.managerscol.com/" ], "emails": [ "gerencia@managerscol.com" ], "socials": [ "https://www.facebook.com/577528092732940" ], "phones": [ "+573206966524" ], "brand": "{'wikidata': None, 'names': {'primary': None, 'common': None, 'rules': None}}", "addresses": "[{'freeform': 'Cra. 28', 'locality': 'Cali', 'postcode': '760042', 'region': None, 'country': 'CO'}]", "names": "{'primary': 'Revenue Managers', 'common': None, 'rules': None}", "sources": "[{'property': '', 'dataset': 'meta', 'license': 'CDLA-Permissive-2.0', 'record_id': '577528092732940', 'update_time': '2026-04-06T00:00:00.000Z', 'confidence': 0.10500970482826233, 'between': None}, {'property': '/properties/confidence', 'dataset': 'Overture', 'license': 'CDLA-Permissive-2.0', 'record_id': None, 'update_time': '2026-04-07T10:00:15Z', 'confidence': None, 'between': None}]", "operating_status": "open", "basic_category": "professional_service", "taxonomy": "{'primary': 'professional_service', 'hierarchy': ['services_and_business', 'professional_service'], 'alternates': None}", "version": 6 }, "geometry": { "type": "Point", "coordinates": [ -76.54010197, 3.4323801 ] } },
{ "type": "Feature", "properties": { "id": "2ad6a2aa-ecd4-4906-b230-c644fb217449", "categories": "{'primary': 'health_and_medical', 'alternate': None}", "confidence": 0.27348101139068604, "websites": [ "https://drakarentorres.com/" ], "emails": null, "socials": [ "https://www.facebook.com/591804950692434" ], "phones": [ "+573004013691" ], "brand": "{'wikidata': None, 'names': {'primary': None, 'common': None, 'rules': None}}", "addresses": "[{'freeform': 'Carrera 28 5B-43', 'locality': 'Cali', 'postcode': '760042', 'region': None, 'country': 'CO'}]", "names": "{'primary': 'Dra. Karen Torres ', 'common': None, 'rules': None}", "sources": "[{'property': '', 'dataset': 'meta', 'license': 'CDLA-Permissive-2.0', 'record_id': '591804950692434', 'update_time': '2026-04-06T00:00:00.000Z', 'confidence': 0.27348101139068604, 'between': None}, {'property': '/properties/confidence', 'dataset': 'Overture', 'license': 'CDLA-Permissive-2.0', 'record_id': None, 'update_time': '2026-04-07T10:00:15Z', 'confidence': None, 'between': None}]", "operating_status": "open", "basic_category": null, "taxonomy": "{'primary': 'health_care', 'hierarchy': ['health_care'], 'alternates': None}", "version": 6 }, "geometry": { "type": "Point", "coordinates": [ -76.54012, 3.43266 ] } },
{ "type": "Feature", "properties": { "id": "fa60c76c-124d-47af-ba85-3fa1276efbdd", "categories": { "primary": "hotel", "alternate": [ "motel", "accommodation" ] }, "confidence": 0.97430825233459473, "websites": [ "http://hotelcasavallecaucana.com/" ], "emails": [ "reservas@hotelcasavallecaucana.com" ], "socials": [ "https://www.facebook.com/1151089458335340" ], "phones": [ "+573104496448" ], "brand": "{'wikidata': None, 'names': {'primary': None, 'common': None, 'rules': None}}", "addresses": "[{'freeform': 'Carrera 28-5b', 'locality': 'Cali', 'postcode': '760042', 'region': None, 'country': 'CO'}]", "names": "{'primary': 'Hotel Casa Vallecaucana', 'common': None, 'rules': None}", "sources": "[{'property': '', 'dataset': 'meta', 'license': 'CDLA-Permissive-2.0', 'record_id': '1151089458335340', 'update_time': '2026-04-06T00:00:00.000Z', 'confidence': 0.9743082523345947, 'between': None}, {'property': '/properties/confidence', 'dataset': 'Overture', 'license': 'CDLA-Permissive-2.0', 'record_id': None, 'update_time': '2026-04-07T10:00:15Z', 'confidence': None, 'between': None}]", "operating_status": "open", "basic_category": "hotel", "taxonomy": "{'primary': 'hotel', 'hierarchy': ['lodging', 'hotel'], 'alternates': None}", "version": 6 }, "geometry": { "type": "Point", "coordinates": [ -76.54011706, 3.43250062 ] } },
{ "type": "Feature", "properties": { "id": "87c868ea-bd5f-4dd9-a789-e463763407b6", "categories": "{'primary': 'insurance_agency', 'alternate': None}", "confidence": 0.77, "websites": [ "http://www.saevseguros.com" ], "emails": [ "roymontano@saevseguros.com" ], "socials": [ "https://www.facebook.com/111985287141334" ], "phones": [ "301 5408559" ], "brand": null, "addresses": "[{'freeform': 'CARRERA 29 5B 49', 'locality': 'Cali', 'postcode': None, 'region': 'Valle de Cauca', 'country': 'CO'}]", "names": "{'primary': 'SAEV SEGUROS', 'common': None, 'rules': None}", "sources": "[{'property': '', 'dataset': 'Foursquare', 'license': 'Apache-2.0', 'record_id': '5f05041cc963f06a4e45e242', 'update_time': '2020-07-23T00:00:00.000', 'confidence': 0.77, 'between': None}, {'property': '/properties/confidence', 'dataset': 'Overture', 'license': 'CDLA-Permissive-2.0', 'record_id': None, 'update_time': '2026-04-07T10:00:15Z', 'confidence': None, 'between': None}]", "operating_status": "open", "basic_category": "financial_service", "taxonomy": "{'primary': 'insurance_agency', 'hierarchy': ['services_and_business', 'financial_service', 'insurance_agency'], 'alternates': None}", "version": 4 }, "geometry": { "type": "Point", "coordinates": [ -76.5401709, 3.432068 ] } },
{ "type": "Feature", "properties": { "id": "3dc4a81e-a215-4174-b33c-d62e115173ee", "categories": { "primary": "thrift_store", "alternate": [ "clothing_store" ] }, "confidence": 0.31668433547019958, "websites": null, "emails": null, "socials": [ "https://www.facebook.com/111321637998795" ], "phones": [ "+573216309994" ], "brand": "{'wikidata': None, 'names': {'primary': None, 'common': None, 'rules': None}}", "addresses": "[{'freeform': 'Carrera 27 5B-20', 'locality': 'Cali', 'postcode': '760042', 'region': None, 'country': 'CO'}]", "names": "{'primary': 'Casi Usados', 'common': None, 'rules': None}", "sources": "[{'property': '', 'dataset': 'meta', 'license': 'CDLA-Permissive-2.0', 'record_id': '111321637998795', 'update_time': '2026-04-06T00:00:00.000Z', 'confidence': 0.3166843354701996, 'between': None}, {'property': '/properties/confidence', 'dataset': 'Overture', 'license': 'CDLA-Permissive-2.0', 'record_id': None, 'update_time': '2026-04-07T10:00:15Z', 'confidence': None, 'between': None}]", "operating_status": "open", "basic_category": "second_hand_store", "taxonomy": "{'primary': 'second_hand_store', 'hierarchy': ['shopping', 'second_hand_store'], 'alternates': None}", "version": 6 }, "geometry": { "type": "Point", "coordinates": [ -76.54016973, 3.43312757 ] } },
{ "type": "Feature", "properties": { "id": "fc25ea11-6d3d-4c69-9cb9-c386cb1208c1", "categories": "{'primary': 'beauty_and_spa', 'alternate': None}", "confidence": 0.26262971758842468, "websites": null, "emails": null, "socials": [ "https://www.facebook.com/571495612714493" ], "phones": [ "+573187037039" ], "brand": "{'wikidata': None, 'names': {'primary': None, 'common': None, 'rules': None}}", "addresses": "[{'freeform': 'Carrera 27 5B-49', 'locality': 'Cali', 'postcode': '760042', 'region': None, 'country': 'CO'}]", "names": "{'primary': 'Master Esthetic', 'common': None, 'rules': None}", "sources": "[{'property': '', 'dataset': 'meta', 'license': 'CDLA-Permissive-2.0', 'record_id': '571495612714493', 'update_time': '2026-04-06T00:00:00.000Z', 'confidence': 0.2626297175884247, 'between': None}, {'property': '/properties/confidence', 'dataset': 'Overture', 'license': 'CDLA-Permissive-2.0', 'record_id': None, 'update_time': '2026-04-07T10:00:15Z', 'confidence': None, 'between': None}]", "operating_status": "open", "basic_category": "personal_or_beauty_service", "taxonomy": "{'primary': 'beauty_service', 'hierarchy': ['lifestyle_services', 'personal_or_beauty_service'], 'alternates': None}", "version": 4 }, "geometry": { "type": "Point", "coordinates": [ -76.54011, 3.43346 ] } },
{ "type": "Feature", "properties": { "id": "0cf5e622-81c9-4a24-a74e-35fbe518ffae", "categories": null, "confidence": 0.071290932595729828, "websites": null, "emails": [ "soporte@descubreloco.com" ], "socials": [ "https://www.facebook.com/408935105630322" ], "phones": [ "+573147283019" ], "brand": "{'wikidata': None, 'names': {'primary': None, 'common': None, 'rules': None}}", "addresses": "[{'freeform': 'Carrera 27 5B-33', 'locality': 'Cali', 'postcode': '760042', 'region': None, 'country': 'CO'}]", "names": "{'primary': 'Descubrelo Store', 'common': None, 'rules': None}", "sources": "[{'property': '', 'dataset': 'meta', 'license': 'CDLA-Permissive-2.0', 'record_id': '408935105630322', 'update_time': '2026-04-06T00:00:00.000Z', 'confidence': 0.07129093259572983, 'between': None}, {'property': '/properties/confidence', 'dataset': 'Overture', 'license': 'CDLA-Permissive-2.0', 'record_id': None, 'update_time': '2026-04-07T10:00:15Z', 'confidence': None, 'between': None}]", "operating_status": "open", "basic_category": null, "taxonomy": null, "version": 1 }, "geometry": { "type": "Point", "coordinates": [ -76.5402, 3.43346 ] } },
{ "type": "Feature", "properties": { "id": "d9191c9f-cfb9-4e82-9765-936acba0708c", "categories": { "primary": "specialty_school", "alternate": [ "education" ] }, "confidence": 0.77, "websites": [ "https://sondeluz.co/" ], "emails": null, "socials": null, "phones": [ "3248191388" ], "brand": null, "addresses": [ { "freeform": "Carrera 28 No 9 - 68", "locality": "Cali", "postcode": "760042", "region": "", "country": "CO" } ], "names": "{'primary': 'Sondeluz Escuela y Academia de Baile', 'common': None, 'rules': None}", "sources": "[{'property': '', 'dataset': 'Microsoft', 'license': 'CDLA-Permissive-2.0', 'record_id': '1970324841982661', 'update_time': '2025-08-05T02:09:37.747Z', 'confidence': 0.77, 'between': None}, {'property': '/properties/confidence', 'dataset': 'Overture', 'license': 'CDLA-Permissive-2.0', 'record_id': None, 'update_time': '2026-04-07T10:00:15Z', 'confidence': None, 'between': None}]", "operating_status": "open", "basic_category": "specialty_school", "taxonomy": "{'primary': 'specialty_school', 'hierarchy': ['education', 'place_of_learning', 'specialty_school'], 'alternates': None}", "version": 7 }, "geometry": { "type": "Point", "coordinates": [ -76.5402939, 3.4338121 ] } },
{ "type": "Feature", "properties": { "id": "80612422-797a-4802-a0b3-8254bc2df31e", "categories": "{'primary': 'community_services_non_profits', 'alternate': None}", "confidence": 0.59108930826187134, "websites": [ "https://sondeluz.co/" ], "emails": [ "info@sondeluz.co" ], "socials": [ "https://www.facebook.com/100149685695768" ], "phones": [ "+573103779586" ], "brand": "{'wikidata': None, 'names': {'primary': None, 'common': None, 'rules': None}}", "addresses": "[{'freeform': 'Calle 5B 26-65', 'locality': 'Cali', 'postcode': '760042', 'region': None, 'country': 'CO'}]", "names": "{'primary': 'Fundación Sondeluz', 'common': None, 'rules': None}", "sources": "[{'property': '', 'dataset': 'meta', 'license': 'CDLA-Permissive-2.0', 'record_id': '100149685695768', 'update_time': '2026-04-06T00:00:00.000Z', 'confidence': 0.5910893082618713, 'between': None}, {'property': '/properties/confidence', 'dataset': 'Overture', 'license': 'CDLA-Permissive-2.0', 'record_id': None, 'update_time': '2026-04-07T10:00:15Z', 'confidence': None, 'between': None}]", "operating_status": "open", "basic_category": "social_or_community_service", "taxonomy": "{'primary': 'social_or_community_service', 'hierarchy': ['community_and_government', 'social_or_community_service'], 'alternates': None}", "version": 6 }, "geometry": { "type": "Point", "coordinates": [ -76.540299654007001, 3.4338201256644 ] } },
{ "type": "Feature", "properties": { "id": "9d3ba6dd-f56c-435a-a14e-2aca494c011e", "categories": { "primary": "burger_restaurant", "alternate": [ "fast_food_restaurant", "restaurant" ] }, "confidence": 0.38979542255401611, "websites": [ "https://www.instagram.com/elpapotas/" ], "emails": null, "socials": [ "https://www.facebook.com/205935076870246" ], "phones": null, "brand": "{'wikidata': None, 'names': {'primary': None, 'common': None, 'rules': None}}", "addresses": "[{'freeform': 'Calle 5B 27-01', 'locality': 'Cali', 'postcode': '760042', 'region': None, 'country': 'CO'}]", "names": "{'primary': 'El Papotas', 'common': None, 'rules': None}", "sources": "[{'property': '', 'dataset': 'meta', 'license': 'CDLA-Permissive-2.0', 'record_id': '205935076870246', 'update_time': '2026-04-06T00:00:00.000Z', 'confidence': 0.3897954225540161, 'between': None}, {'property': '/properties/confidence', 'dataset': 'Overture', 'license': 'CDLA-Permissive-2.0', 'record_id': None, 'update_time': '2026-04-07T10:00:15Z', 'confidence': None, 'between': None}]", "operating_status": "open", "basic_category": "restaurant", "taxonomy": "{'primary': 'burger_restaurant', 'hierarchy': ['food_and_drink', 'restaurant', 'meat_restaurant', 'burger_restaurant'], 'alternates': None}", "version": 5 }, "geometry": { "type": "Point", "coordinates": [ -76.5403851, 3.4331908 ] } },
{ "type": "Feature", "properties": { "id": "3b1a65bb-2f86-4419-a75f-f5e5b44e119e", "categories": "{'primary': 'carpenter', 'alternate': None}", "confidence": 0.44489201903343201, "websites": null, "emails": [ "dulcey.muebleriaycarpinteria@gmail.com" ], "socials": [ "https://www.facebook.com/109149323918624" ], "phones": [ "+573135778465" ], "brand": "{'wikidata': None, 'names': {'primary': None, 'common': None, 'rules': None}}", "addresses": "[{'freeform': 'Carrera 27 5B-16', 'locality': 'Cali', 'postcode': '760042', 'region': None, 'country': 'CO'}]", "names": "{'primary': 'Dulcey - Muebleria & Carpinteria', 'common': None, 'rules': None}", "sources": "[{'property': '', 'dataset': 'meta', 'license': 'CDLA-Permissive-2.0', 'record_id': '109149323918624', 'update_time': '2026-04-06T00:00:00.000Z', 'confidence': 0.444892019033432, 'between': None}, {'property': '/properties/confidence', 'dataset': 'Overture', 'license': 'CDLA-Permissive-2.0', 'record_id': None, 'update_time': '2026-04-07T10:00:15Z', 'confidence': None, 'between': None}]", "operating_status": "open", "basic_category": "home_service", "taxonomy": "{'primary': 'carpenter', 'hierarchy': ['services_and_business', 'home_service', 'carpenter'], 'alternates': None}", "version": 1 }, "geometry": { "type": "Point", "coordinates": [ -76.54032, 3.43331 ] } },
{ "type": "Feature", "properties": { "id": "b0fd1c85-0a9b-4a2c-9b5a-9c32e5f20d78", "categories": { "primary": "software_development", "alternate": [ "information_technology_company" ] }, "confidence": 0.33764159679412842, "websites": [ "https://www.nexura.com/" ], "emails": [ "comunicaciones@nexura.com" ], "socials": [ "https://www.facebook.com/323986547475392" ], "phones": [ "+573003655693" ], "brand": "{'wikidata': None, 'names': {'primary': None, 'common': None, 'rules': None}}", "addresses": "[{'freeform': 'Calle 5B 34-71', 'locality': 'Cali', 'postcode': '760042', 'region': None, 'country': 'CO'}]", "names": "{'primary': 'Nexura Internacional S.A.S', 'common': None, 'rules': None}", "sources": "[{'property': '', 'dataset': 'meta', 'license': 'CDLA-Permissive-2.0', 'record_id': '323986547475392', 'update_time': '2026-04-06T00:00:00.000Z', 'confidence': 0.3376415967941284, 'between': None}, {'property': '/properties/confidence', 'dataset': 'Overture', 'license': 'CDLA-Permissive-2.0', 'record_id': None, 'update_time': '2026-04-07T10:00:15Z', 'confidence': None, 'between': None}]", "operating_status": "open", "basic_category": "technical_service", "taxonomy": "{'primary': 'software_development', 'hierarchy': ['services_and_business', 'technical_service', 'software_development'], 'alternates': None}", "version": 6 }, "geometry": { "type": "Point", "coordinates": [ -76.54039671, 3.43266982 ] } },
{ "type": "Feature", "properties": { "id": "6e1689b7-a6b8-4d44-a3b9-89159ef88271", "categories": "{'primary': 'religious_organization', 'alternate': None}", "confidence": 0.26519384980201721, "websites": null, "emails": null, "socials": [ "https://www.facebook.com/833089613228451" ], "phones": null, "brand": "{'wikidata': None, 'names': {'primary': None, 'common': None, 'rules': None}}", "addresses": "[{'freeform': 'Calle 5B 28-17', 'locality': 'Cali', 'postcode': '760042', 'region': None, 'country': 'CO'}]", "names": "{'primary': 'TSL Cali', 'common': None, 'rules': None}", "sources": "[{'property': '', 'dataset': 'meta', 'license': 'CDLA-Permissive-2.0', 'record_id': '833089613228451', 'update_time': '2026-04-06T00:00:00.000Z', 'confidence': 0.2651938498020172, 'between': None}, {'property': '/properties/confidence', 'dataset': 'Overture', 'license': 'CDLA-Permissive-2.0', 'record_id': None, 'update_time': '2026-04-07T10:00:15Z', 'confidence': None, 'between': None}]", "operating_status": "open", "basic_category": "religious_organization", "taxonomy": "{'primary': 'religious_organization', 'hierarchy': ['cultural_and_historic', 'religious_organization'], 'alternates': None}", "version": 3 }, "geometry": { "type": "Point", "coordinates": [ -76.5404809, 3.4323033 ] } },
{ "type": "Feature", "properties": { "id": "d2b6f49f-c42f-4d07-b13d-f6b012fe97f6", "categories": { "primary": "nursing_school", "alternate": [ "college_university" ] }, "confidence": 0.92694342136383057, "websites": [ "http://www.edenv.edu.co/" ], "emails": [ "preinscripciones@edenv.edu.co" ], "socials": [ "https://www.facebook.com/104317389631839" ], "phones": [ "+5726206868" ], "brand": "{'wikidata': None, 'names': {'primary': None, 'common': None, 'rules': None}}", "addresses": "[{'freeform': 'Calle 5B 25-109', 'locality': 'Cali', 'postcode': '760042', 'region': None, 'country': 'CO'}]", "names": "{'primary': 'Escuela de Enfermería del Valle Edenv', 'common': None, 'rules': None}", "sources": "[{'property': '', 'dataset': 'meta', 'license': 'CDLA-Permissive-2.0', 'record_id': '104317389631839', 'update_time': '2026-04-06T00:00:00.000Z', 'confidence': 0.9269434213638306, 'between': None}, {'property': '/properties/confidence', 'dataset': 'Overture', 'license': 'CDLA-Permissive-2.0', 'record_id': None, 'update_time': '2026-04-07T10:00:15Z', 'confidence': None, 'between': None}]", "operating_status": "open", "basic_category": "specialty_school", "taxonomy": "{'primary': 'nursing_school', 'hierarchy': ['education', 'place_of_learning', 'specialty_school', 'nursing_school'], 'alternates': None}", "version": 7 }, "geometry": { "type": "Point", "coordinates": [ -76.54041036, 3.43452236 ] } },
{ "type": "Feature", "properties": { "id": "94cfc0a9-24f0-4ecf-aa51-a1ea9c3c4ed7", "categories": { "primary": "automotive_repair", "alternate": [ "wheel_and_rim_repair", "automotive_wheel_polishing_service" ] }, "confidence": 0.39115199446678162, "websites": null, "emails": [ "elamigovulcanizadora@gmail.com" ], "socials": [ "https://www.facebook.com/237843686079503" ], "phones": [ "+3225356400" ], "brand": "{'wikidata': None, 'names': {'primary': None, 'common': None, 'rules': None}}", "addresses": "[{'freeform': 'Calle 5B 25-33', 'locality': 'Cali', 'postcode': '760042', 'region': None, 'country': 'CO'}]", "names": "{'primary': 'Vulcanizadora la 5ta', 'common': None, 'rules': None}", "sources": "[{'property': '', 'dataset': 'meta', 'license': 'CDLA-Permissive-2.0', 'record_id': '237843686079503', 'update_time': '2026-04-06T00:00:00.000Z', 'confidence': 0.3911519944667816, 'between': None}, {'property': '/properties/confidence', 'dataset': 'Overture', 'license': 'CDLA-Permissive-2.0', 'record_id': None, 'update_time': '2026-04-07T10:00:15Z', 'confidence': None, 'between': None}]", "operating_status": "open", "basic_category": "automotive_service", "taxonomy": "{'primary': 'automotive_repair', 'hierarchy': ['travel_and_transportation', 'vehicle_service', 'automotive_service', 'automotive_repair'], 'alternates': None}", "version": 7 }, "geometry": { "type": "Point", "coordinates": [ -76.54030148, 3.43531159 ] } },
{ "type": "Feature", "properties": { "id": "1a8fe4f6-13ee-4548-b978-38015982f3f4", "categories": "{'primary': 'uniform_store', 'alternate': None}", "confidence": 0.71071308851242065, "websites": [ "https://www.instagram.com/mguni_formes/" ], "emails": [ "uniformesjack@gmail.com" ], "socials": [ "https://www.facebook.com/107181694658528" ], "phones": [ "+573222366834" ], "brand": "{'wikidata': None, 'names': {'primary': None, 'common': None, 'rules': None}}", "addresses": "[{'freeform': 'Calle 5B 25-55', 'locality': 'Cali', 'postcode': '760042', 'region': None, 'country': 'CO'}]", "names": "{'primary': 'Dulces Uniformes M.G', 'common': None, 'rules': None}", "sources": "[{'property': '', 'dataset': 'meta', 'license': 'CDLA-Permissive-2.0', 'record_id': '107181694658528', 'update_time': '2026-04-06T00:00:00.000Z', 'confidence': 0.7107130885124207, 'between': None}, {'property': '/properties/confidence', 'dataset': 'Overture', 'license': 'CDLA-Permissive-2.0', 'record_id': None, 'update_time': '2026-04-07T10:00:15Z', 'confidence': None, 'between': None}]", "operating_status": "open", "basic_category": "fashion_and_apparel_store", "taxonomy": "{'primary': 'uniform_store', 'hierarchy': ['shopping', 'fashion_and_apparel_store', 'clothing_store', 'uniform_store'], 'alternates': None}", "version": 1 }, "geometry": { "type": "Point", "coordinates": [ -76.54030929, 3.43531501 ] } },
{ "type": "Feature", "properties": { "id": "11868b0f-cb1c-4597-ae54-a8ffecd43cb5", "categories": null, "confidence": 0.69759267568588257, "websites": null, "emails": [ "estilodental.co@gmail.com" ], "socials": [ "https://www.facebook.com/426188297397165" ], "phones": [ "+573164454101" ], "brand": "{'wikidata': None, 'names': {'primary': None, 'common': None, 'rules': None}}", "addresses": "[{'freeform': 'Calle 5B 25-33', 'locality': 'Cali', 'postcode': '760042', 'region': None, 'country': 'CO'}]", "names": "{'primary': 'Estilo Dental', 'common': None, 'rules': None}", "sources": "[{'property': '', 'dataset': 'meta', 'license': 'CDLA-Permissive-2.0', 'record_id': '426188297397165', 'update_time': '2026-04-06T00:00:00.000Z', 'confidence': 0.6975926756858826, 'between': None}, {'property': '/properties/confidence', 'dataset': 'Overture', 'license': 'CDLA-Permissive-2.0', 'record_id': None, 'update_time': '2026-04-07T10:00:15Z', 'confidence': None, 'between': None}]", "operating_status": "open", "basic_category": null, "taxonomy": null, "version": 1 }, "geometry": { "type": "Point", "coordinates": [ -76.54039485, 3.43533444 ] } },
{ "type": "Feature", "properties": { "id": "778e0f58-cb0c-4593-bf97-a4e1a7385b64", "categories": { "primary": "bar", "alternate": [ "beer_bar", "cocktail_bar" ] }, "confidence": 0.9400794506072998, "websites": null, "emails": [ "sebastianvillotaserna@gmail.com" ], "socials": [ "https://www.facebook.com/1548216342113075" ], "phones": [ "+573104458446" ], "brand": "{'wikidata': None, 'names': {'primary': None, 'common': None, 'rules': None}}", "addresses": "[{'freeform': 'Calle 5B 25-23', 'locality': 'Cali', 'postcode': '760042', 'region': None, 'country': 'CO'}]", "names": "{'primary': 'Rainbow Bar', 'common': None, 'rules': None}", "sources": "[{'property': '', 'dataset': 'meta', 'license': 'CDLA-Permissive-2.0', 'record_id': '1548216342113075', 'update_time': '2026-04-06T00:00:00.000Z', 'confidence': 0.9400794506072998, 'between': None}, {'property': '/properties/confidence', 'dataset': 'Overture', 'license': 'CDLA-Permissive-2.0', 'record_id': None, 'update_time': '2026-04-07T10:00:15Z', 'confidence': None, 'between': None}]", "operating_status": "open", "basic_category": "bar", "taxonomy": "{'primary': 'bar', 'hierarchy': ['food_and_drink', 'alcoholic_beverage_venue', 'bar'], 'alternates': None}", "version": 7 }, "geometry": { "type": "Point", "coordinates": [ -76.54035242, 3.43544865 ] } },
{ "type": "Feature", "properties": { "id": "c5268bc6-4a64-49ef-91cc-1624f013b1ff", "categories": "{'primary': 'lingerie_store', 'alternate': None}", "confidence": 0.41326674818992615, "websites": [ "http://www.tangaloca.com/" ], "emails": [ "juandiegoxxx@gmail.com" ], "socials": [ "https://www.facebook.com/687480848294172" ], "phones": [ "+573053448295" ], "brand": "{'wikidata': None, 'names': {'primary': None, 'common': None, 'rules': None}}", "addresses": "[{'freeform': 'Calle 5B 25-45', 'locality': 'Cali', 'postcode': '760042', 'region': None, 'country': 'CO'}]", "names": "{'primary': 'TangaLoca', 'common': None, 'rules': None}", "sources": "[{'property': '', 'dataset': 'meta', 'license': 'CDLA-Permissive-2.0', 'record_id': '687480848294172', 'update_time': '2026-04-06T00:00:00.000Z', 'confidence': 0.41326674818992615, 'between': None}, {'property': '/properties/confidence', 'dataset': 'Overture', 'license': 'CDLA-Permissive-2.0', 'record_id': None, 'update_time': '2026-04-07T10:00:15Z', 'confidence': None, 'between': None}]", "operating_status": "open", "basic_category": "fashion_and_apparel_store", "taxonomy": "{'primary': 'lingerie_store', 'hierarchy': ['shopping', 'fashion_and_apparel_store', 'clothing_store', 'lingerie_store'], 'alternates': None}", "version": 9 }, "geometry": { "type": "Point", "coordinates": [ -76.54036784, 3.43514523 ] } },
{ "type": "Feature", "properties": { "id": "cccbf250-f01f-4020-9a48-00a66ac7c854", "categories": { "primary": "bike_repair_maintenance", "alternate": [ "bicycle_shop" ] }, "confidence": 0.58883589506149292, "websites": null, "emails": null, "socials": [ "https://www.facebook.com/104243602760237" ], "phones": [ "+573157758503" ], "brand": "{'wikidata': None, 'names': {'primary': None, 'common': None, 'rules': None}}", "addresses": "[{'freeform': 'Calle 5B 25-33', 'locality': 'Cali', 'postcode': '760042', 'region': None, 'country': 'CO'}]", "names": "{'primary': 'Biciparche', 'common': None, 'rules': None}", "sources": "[{'property': '', 'dataset': 'meta', 'license': 'CDLA-Permissive-2.0', 'record_id': '104243602760237', 'update_time': '2026-04-06T00:00:00.000Z', 'confidence': 0.5888358950614929, 'between': None}, {'property': '/properties/confidence', 'dataset': 'Overture', 'license': 'CDLA-Permissive-2.0', 'record_id': None, 'update_time': '2026-04-07T10:00:15Z', 'confidence': None, 'between': None}]", "operating_status": "open", "basic_category": "technical_service", "taxonomy": "{'primary': 'bike_repair_maintenance', 'hierarchy': ['services_and_business', 'technical_service', 'bike_repair_maintenance'], 'alternates': None}", "version": 6 }, "geometry": { "type": "Point", "coordinates": [ -76.54037336, 3.43528535 ] } },
{ "type": "Feature", "properties": { "id": "e4267018-f2a0-4a36-b33c-e1b510aeaf8a", "categories": null, "confidence": 0.17473922669887543, "websites": [ "https://instagram.com/ivelioss_verde?igshid=YmMyMTA2M2Y%3D" ], "emails": [ "iveliossverde@gmail.com" ], "socials": [ "https://www.facebook.com/103859088226985" ], "phones": [ "+573145930979" ], "brand": "{'wikidata': None, 'names': {'primary': None, 'common': None, 'rules': None}}", "addresses": "[{'freeform': None, 'locality': 'Cali', 'postcode': None, 'region': None, 'country': 'CO'}]", "names": "{'primary': 'Ivelioss Verde', 'common': None, 'rules': None}", "sources": "[{'property': '', 'dataset': 'meta', 'license': 'CDLA-Permissive-2.0', 'record_id': '103859088226985', 'update_time': '2026-04-06T00:00:00.000Z', 'confidence': 0.17473922669887543, 'between': None}, {'property': '/properties/confidence', 'dataset': 'Overture', 'license': 'CDLA-Permissive-2.0', 'record_id': None, 'update_time': '2026-04-07T10:00:15Z', 'confidence': None, 'between': None}]", "operating_status": "open", "basic_category": null, "taxonomy": null, "version": 1 }, "geometry": { "type": "Point", "coordinates": [ -76.540387130761218, 3.434768315710057 ] } },
{ "type": "Feature", "properties": { "id": "9685efc8-cd49-4d11-b5b5-9fd432ef57f7", "categories": "{'primary': 'dentist', 'alternate': None}", "confidence": 0.59042155742645264, "websites": [ "http://lfjimenez1981.wix.com/coldental" ], "emails": [ "linischic@hotmail.com" ], "socials": [ "https://www.facebook.com/292585364163651" ], "phones": [ "+573022922725" ], "brand": "{'wikidata': None, 'names': {'primary': None, 'common': None, 'rules': None}}", "addresses": "[{'freeform': '760001', 'locality': 'Cali', 'postcode': '760001', 'region': None, 'country': 'CO'}]", "names": "{'primary': 'Odontología Integral e Implantes', 'common': None, 'rules': None}", "sources": "[{'property': '', 'dataset': 'meta', 'license': 'CDLA-Permissive-2.0', 'record_id': '292585364163651', 'update_time': '2026-04-06T00:00:00.000Z', 'confidence': 0.5904215574264526, 'between': None}, {'property': '/properties/confidence', 'dataset': 'Overture', 'license': 'CDLA-Permissive-2.0', 'record_id': None, 'update_time': '2026-04-07T10:00:15Z', 'confidence': None, 'between': None}]", "operating_status": "open", "basic_category": "dental_clinic", "taxonomy": "{'primary': 'dental_clinic', 'hierarchy': ['health_care', 'outpatient_care_facility', 'dental_clinic'], 'alternates': None}", "version": 7 }, "geometry": { "type": "Point", "coordinates": [ -76.540353298187, 3.4348161155281 ] } },
{ "type": "Feature", "properties": { "id": "c12eee28-1713-437e-9d31-4c2daa41b758", "categories": "{'primary': 'laboratory_testing', 'alternate': None}", "confidence": 0.87099277973175049, "websites": [ "https://www.laboratoriosneo.com/" ], "emails": [ "practicomercioex.jsc@univalle.edu.co" ], "socials": [ "https://www.facebook.com/883636631840014" ], "phones": [ "+125567442" ], "brand": "{'wikidata': None, 'names': {'primary': None, 'common': None, 'rules': None}}", "addresses": "[{'freeform': 'Calle 5B 25-91', 'locality': 'Cali', 'postcode': '760042', 'region': None, 'country': 'CO'}]", "names": "{'primary': 'Laboratorios Neo Ltda.', 'common': None, 'rules': None}", "sources": "[{'property': '', 'dataset': 'meta', 'license': 'CDLA-Permissive-2.0', 'record_id': '883636631840014', 'update_time': '2026-04-06T00:00:00.000Z', 'confidence': 0.8709927797317505, 'between': None}, {'property': '/properties/confidence', 'dataset': 'Overture', 'license': 'CDLA-Permissive-2.0', 'record_id': None, 'update_time': '2026-04-07T10:00:15Z', 'confidence': None, 'between': None}]", "operating_status": "open", "basic_category": "diagnostics_imaging_or_lab_service", "taxonomy": "{'primary': 'laboratory_testing', 'hierarchy': ['health_care', 'outpatient_care_facility', 'diagnostics_imaging_or_lab_service', 'laboratory_testing'], 'alternates': None}", "version": 7 }, "geometry": { "type": "Point", "coordinates": [ -76.54033765, 3.43486885 ] } },
{ "type": "Feature", "properties": { "id": "c138eeb8-8b6c-4c1e-ba6f-919071176bf7", "categories": { "primary": "professional_services", "alternate": [ "event_photography" ] }, "confidence": 0.54183322191238403, "websites": [ "http://fotoart.com.co/" ], "emails": [ "fotoartstudio@outlook.com" ], "socials": [ "https://www.facebook.com/1382309125162258" ], "phones": [ "+573012870457" ], "brand": "{'wikidata': None, 'names': {'primary': None, 'common': None, 'rules': None}}", "addresses": "[{'freeform': 'Calle 5B 25-33', 'locality': 'Cali', 'postcode': '760042', 'region': None, 'country': 'CO'}]", "names": "{'primary': 'FotoArt Studio', 'common': None, 'rules': None}", "sources": "[{'property': '', 'dataset': 'meta', 'license': 'CDLA-Permissive-2.0', 'record_id': '1382309125162258', 'update_time': '2026-04-06T00:00:00.000Z', 'confidence': 0.541833221912384, 'between': None}, {'property': '/properties/confidence', 'dataset': 'Overture', 'license': 'CDLA-Permissive-2.0', 'record_id': None, 'update_time': '2026-04-07T10:00:15Z', 'confidence': None, 'between': None}]", "operating_status": "open", "basic_category": "professional_service", "taxonomy": "{'primary': 'professional_service', 'hierarchy': ['services_and_business', 'professional_service'], 'alternates': None}", "version": 7 }, "geometry": { "type": "Point", "coordinates": [ -76.5402665, 3.4351197 ] } },
{ "type": "Feature", "properties": { "id": "e71bc7cb-202c-46ad-a847-0c70a74ee2bc", "categories": { "primary": "bar", "alternate": [ "cocktail_bar" ] }, "confidence": 0.67718356847763062, "websites": null, "emails": [ "katzegranizados@gmail.com" ], "socials": [ "https://www.facebook.com/102596682740652" ], "phones": [ "+573104438418" ], "brand": "{'wikidata': None, 'names': {'primary': None, 'common': None, 'rules': None}}", "addresses": "[{'freeform': 'Calle 5-104', 'locality': 'Cali', 'postcode': '760044', 'region': None, 'country': 'CO'}]", "names": "{'primary': \"katze cocktail's\", 'common': None, 'rules': None}", "sources": "[{'property': '', 'dataset': 'meta', 'license': 'CDLA-Permissive-2.0', 'record_id': '102596682740652', 'update_time': '2026-04-06T00:00:00.000Z', 'confidence': 0.6771835684776306, 'between': None}, {'property': '/properties/confidence', 'dataset': 'Overture', 'license': 'CDLA-Permissive-2.0', 'record_id': None, 'update_time': '2026-04-07T10:00:15Z', 'confidence': None, 'between': None}]", "operating_status": "open", "basic_category": "bar", "taxonomy": "{'primary': 'bar', 'hierarchy': ['food_and_drink', 'alcoholic_beverage_venue', 'bar'], 'alternates': None}", "version": 1 }, "geometry": { "type": "Point", "coordinates": [ -76.54027, 3.43526 ] } },
{ "type": "Feature", "properties": { "id": "f77cb8a5-bc2b-451b-b954-cdbccb010f5c", "categories": "{'primary': 'dance_club', 'alternate': None}", "confidence": 0.91227525472640991, "websites": [ "https://instagram.com/elultimopisocali?igshid=YmMyMTA2M2Y%3D" ], "emails": null, "socials": [ "https://www.facebook.com/110863188299719" ], "phones": [ "+573246044099" ], "brand": "{'wikidata': None, 'names': {'primary': None, 'common': None, 'rules': None}}", "addresses": "[{'freeform': 'Carrera 25-4', 'locality': 'Cali', 'postcode': '760042', 'region': None, 'country': 'CO'}]", "names": "{'primary': 'El Ultimo Piso', 'common': None, 'rules': None}", "sources": "[{'property': '', 'dataset': 'meta', 'license': 'CDLA-Permissive-2.0', 'record_id': '110863188299719', 'update_time': '2026-04-06T00:00:00.000Z', 'confidence': 0.9122752547264099, 'between': None}, {'property': '/properties/confidence', 'dataset': 'Overture', 'license': 'CDLA-Permissive-2.0', 'record_id': None, 'update_time': '2026-04-07T10:00:15Z', 'confidence': None, 'between': None}]", "operating_status": "open", "basic_category": "dance_club", "taxonomy": "{'primary': 'dance_club', 'hierarchy': ['arts_and_entertainment', 'nightlife_venue', 'dance_club'], 'alternates': None}", "version": 7 }, "geometry": { "type": "Point", "coordinates": [ -76.5401796, 3.43546238 ] } },
{ "type": "Feature", "properties": { "id": "39a09b63-18ec-4566-b78b-5a90deee7d0d", "categories": { "primary": "bar", "alternate": [ "karaoke" ] }, "confidence": 0.49762725830078125, "websites": null, "emails": null, "socials": [ "https://www.facebook.com/2742730975951316" ], "phones": null, "brand": "{'wikidata': None, 'names': {'primary': None, 'common': None, 'rules': None}}", "addresses": "[{'freeform': 'Carrera 26 5B', 'locality': 'Cali', 'postcode': '760042', 'region': None, 'country': 'CO'}]", "names": "{'primary': 'Bar La Quinta Estación', 'common': None, 'rules': None}", "sources": "[{'property': '', 'dataset': 'meta', 'license': 'CDLA-Permissive-2.0', 'record_id': '2742730975951316', 'update_time': '2026-04-06T00:00:00.000Z', 'confidence': 0.49762725830078125, 'between': None}, {'property': '/properties/confidence', 'dataset': 'Overture', 'license': 'CDLA-Permissive-2.0', 'record_id': None, 'update_time': '2026-04-07T10:00:15Z', 'confidence': None, 'between': None}]", "operating_status": "open", "basic_category": "bar", "taxonomy": "{'primary': 'bar', 'hierarchy': ['food_and_drink', 'alcoholic_beverage_venue', 'bar'], 'alternates': None}", "version": 6 }, "geometry": { "type": "Point", "coordinates": [ -76.540093456117006, 3.4348007663167 ] } },
{ "type": "Feature", "properties": { "id": "a393a3a9-9e05-420d-ad86-704a53e3f5b3", "categories": { "primary": "hotel", "alternate": [ "accommodation", "motel" ] }, "confidence": 0.88654202222824097, "websites": [ "http://www.casahotelvida.com/" ], "emails": [ "gerencia@casahotelvida.com" ], "socials": [ "https://www.facebook.com/522410391595689" ], "phones": [ "+573162978564" ], "brand": "{'wikidata': None, 'names': {'primary': None, 'common': None, 'rules': None}}", "addresses": "[{'freeform': 'Cra. 26 #5b-45', 'locality': 'Cali', 'postcode': '760042', 'region': None, 'country': 'CO'}]", "names": "{'primary': 'Casa Hotel Vida', 'common': None, 'rules': None}", "sources": "[{'property': '', 'dataset': 'meta', 'license': 'CDLA-Permissive-2.0', 'record_id': '522410391595689', 'update_time': '2026-04-06T00:00:00.000Z', 'confidence': 0.886542022228241, 'between': None}, {'property': '/properties/confidence', 'dataset': 'Overture', 'license': 'CDLA-Permissive-2.0', 'record_id': None, 'update_time': '2026-04-07T10:00:15Z', 'confidence': None, 'between': None}]", "operating_status": "open", "basic_category": "hotel", "taxonomy": "{'primary': 'hotel', 'hierarchy': ['lodging', 'hotel'], 'alternates': None}", "version": 8 }, "geometry": { "type": "Point", "coordinates": [ -76.54008222, 3.43449444 ] } },
{ "type": "Feature", "properties": { "id": "08609ef7-c660-4624-8391-0709bf1cee27", "categories": { "primary": "hotel", "alternate": [ "motel", "hospital" ] }, "confidence": 0.94191539287567139, "websites": [ "https://insituhotelcali.com/" ], "emails": [ "bookinginsituhotel@gmail.com" ], "socials": [ "https://www.facebook.com/1743819302599118" ], "phones": [ "+573156251082" ], "brand": "{'wikidata': None, 'names': {'primary': None, 'common': None, 'rules': None}}", "addresses": "[{'freeform': 'Carrera 26 5B-45', 'locality': 'Cali', 'postcode': '760042', 'region': None, 'country': 'CO'}]", "names": "{'primary': 'In Situ Hotel', 'common': None, 'rules': None}", "sources": "[{'property': '', 'dataset': 'meta', 'license': 'CDLA-Permissive-2.0', 'record_id': '1743819302599118', 'update_time': '2026-04-06T00:00:00.000Z', 'confidence': 0.9419153928756714, 'between': None}, {'property': '/properties/confidence', 'dataset': 'Overture', 'license': 'CDLA-Permissive-2.0', 'record_id': None, 'update_time': '2026-04-07T10:00:15Z', 'confidence': None, 'between': None}]", "operating_status": "open", "basic_category": "hotel", "taxonomy": "{'primary': 'hotel', 'hierarchy': ['lodging', 'hotel'], 'alternates': None}", "version": 8 }, "geometry": { "type": "Point", "coordinates": [ -76.54007, 3.43457 ] } },
{ "type": "Feature", "properties": { "id": "509857b8-d719-4334-bd8c-1cc8085238b8", "categories": { "primary": "nursing_school", "alternate": [ "college_university", "school" ] }, "confidence": 0.88811993598937988, "websites": [ "https://www.facebook.com/share/19F2pQsmZD/?mibextid=wwXIfr" ], "emails": [ "info@intelvalle.com.co" ], "socials": [ "https://www.facebook.com/314466012628428" ], "phones": [ "+573103268634" ], "brand": "{'wikidata': None, 'names': {'primary': None, 'common': None, 'rules': None}}", "addresses": "[{'freeform': 'Carrera 25 5-20', 'locality': 'Cali', 'postcode': '760042', 'region': None, 'country': 'CO'}]", "names": "{'primary': 'INTELVALLE - Diplomados y cursos de Salud en Cali.', 'common': None, 'rules': None}", "sources": "[{'property': '', 'dataset': 'meta', 'license': 'CDLA-Permissive-2.0', 'record_id': '314466012628428', 'update_time': '2026-04-06T00:00:00.000Z', 'confidence': 0.8881199359893799, 'between': None}, {'property': '/properties/confidence', 'dataset': 'Overture', 'license': 'CDLA-Permissive-2.0', 'record_id': None, 'update_time': '2026-04-07T10:00:15Z', 'confidence': None, 'between': None}]", "operating_status": "open", "basic_category": "specialty_school", "taxonomy": "{'primary': 'nursing_school', 'hierarchy': ['education', 'place_of_learning', 'specialty_school', 'nursing_school'], 'alternates': None}", "version": 1 }, "geometry": { "type": "Point", "coordinates": [ -76.54008008, 3.43551703 ] } },
{ "type": "Feature", "properties": { "id": "9241a1f4-9210-4ca4-a727-5374b444657e", "categories": { "primary": "fast_food_restaurant", "alternate": [ "restaurant", "food_delivery_service" ] }, "confidence": 0.75628119707107544, "websites": [ "http://rocks-papa.negocio.site/" ], "emails": [ "rockspapa@hotmail.com" ], "socials": [ "https://www.facebook.com/2121023641529864" ], "phones": [ "+573188572998" ], "brand": "{'wikidata': None, 'names': {'primary': None, 'common': None, 'rules': None}}", "addresses": "[{'freeform': 'Carrera 25 5-4', 'locality': 'Cali', 'postcode': '760042', 'region': None, 'country': 'CO'}]", "names": "{'primary': 'Rocks Papa', 'common': None, 'rules': None}", "sources": "[{'property': '', 'dataset': 'meta', 'license': 'CDLA-Permissive-2.0', 'record_id': '2121023641529864', 'update_time': '2026-04-06T00:00:00.000Z', 'confidence': 0.7562811970710754, 'between': None}, {'property': '/properties/confidence', 'dataset': 'Overture', 'license': 'CDLA-Permissive-2.0', 'record_id': None, 'update_time': '2026-04-07T10:00:15Z', 'confidence': None, 'between': None}]", "operating_status": "open", "basic_category": "fast_food_restaurant", "taxonomy": "{'primary': 'fast_food_restaurant', 'hierarchy': ['food_and_drink', 'casual_eatery', 'fast_food_restaurant'], 'alternates': None}", "version": 6 }, "geometry": { "type": "Point", "coordinates": [ -76.54017551, 3.43546669 ] } },
{ "type": "Feature", "properties": { "id": "9f1d4f2b-2386-4357-92c5-fc45cc17650c", "categories": { "primary": "broadcasting_media_production", "alternate": [ "radio_station" ] }, "confidence": 0.48035547137260437, "websites": [ "http://www.emisoralavozdedios.com/" ], "emails": [ "amamossupresenciaradio@gmail.com" ], "socials": [ "https://www.facebook.com/101227095136463" ], "phones": [ "+573154981261" ], "brand": "{'wikidata': None, 'names': {'primary': None, 'common': None, 'rules': None}}", "addresses": "[{'freeform': 'Carrera 26 5C-25', 'locality': 'Cali', 'postcode': '760042', 'region': None, 'country': 'CO'}]", "names": "{'primary': 'Emisora La Voz de Dios Cali', 'common': None, 'rules': None}", "sources": "[{'property': '', 'dataset': 'meta', 'license': 'CDLA-Permissive-2.0', 'record_id': '101227095136463', 'update_time': '2026-04-06T00:00:00.000Z', 'confidence': 0.48035547137260437, 'between': None}, {'property': '/properties/confidence', 'dataset': 'Overture', 'license': 'CDLA-Permissive-2.0', 'record_id': None, 'update_time': '2026-04-07T10:00:15Z', 'confidence': None, 'between': None}]", "operating_status": "open", "basic_category": "media_service", "taxonomy": "{'primary': 'broadcasting_media_production', 'hierarchy': ['services_and_business', 'media_service', 'media_news_company', 'broadcasting_media_production'], 'alternates': None}", "version": 3 }, "geometry": { "type": "Point", "coordinates": [ -76.53940076, 3.4345585 ] } },
{ "type": "Feature", "properties": { "id": "9791d4ed-33c4-49b2-8703-07fbacf5f218", "categories": { "primary": "library", "alternate": [ "cultural_center", "education" ] }, "confidence": 0.54733896255493164, "websites": [ "http://fundacionbibliotec.org/" ], "emails": null, "socials": [ "https://www.facebook.com/1448968202003481" ], "phones": [ "+573186150043" ], "brand": "{'wikidata': None, 'names': {'primary': None, 'common': None, 'rules': None}}", "addresses": "[{'freeform': 'Calle 5 24A-92', 'locality': 'Cali', 'postcode': '760043', 'region': None, 'country': 'CO'}]", "names": "{'primary': 'Fundación Bibliotec', 'common': None, 'rules': None}", "sources": "[{'property': '', 'dataset': 'meta', 'license': 'CDLA-Permissive-2.0', 'record_id': '1448968202003481', 'update_time': '2026-04-06T00:00:00.000Z', 'confidence': 0.5473389625549316, 'between': None}, {'property': '/properties/confidence', 'dataset': 'Overture', 'license': 'CDLA-Permissive-2.0', 'record_id': None, 'update_time': '2026-04-07T10:00:15Z', 'confidence': None, 'between': None}]", "operating_status": "open", "basic_category": "library", "taxonomy": "{'primary': 'library', 'hierarchy': ['education', 'library'], 'alternates': None}", "version": 7 }, "geometry": { "type": "Point", "coordinates": [ -76.5393897, 3.43660741 ] } },
{ "type": "Feature", "properties": { "id": "0404bdee-1cbf-415d-aeab-bbc7dd86c272", "categories": { "primary": "clothing_company", "alternate": [ "womens_clothing_store" ] }, "confidence": 0.24203339219093323, "websites": null, "emails": [ "pintasysuenos@gmail.com" ], "socials": [ "https://www.facebook.com/685534831299399" ], "phones": [ "+573112071399" ], "brand": "{'wikidata': None, 'names': {'primary': None, 'common': None, 'rules': None}}", "addresses": "[{'freeform': 'Carrera 26 5C-13', 'locality': 'Cali', 'postcode': '760042', 'region': None, 'country': 'CO'}]", "names": "{'primary': 'Pintas y Sueños', 'common': None, 'rules': None}", "sources": "[{'property': '', 'dataset': 'meta', 'license': 'CDLA-Permissive-2.0', 'record_id': '685534831299399', 'update_time': '2026-04-06T00:00:00.000Z', 'confidence': 0.24203339219093323, 'between': None}, {'property': '/properties/confidence', 'dataset': 'Overture', 'license': 'CDLA-Permissive-2.0', 'record_id': None, 'update_time': '2026-04-07T10:00:15Z', 'confidence': None, 'between': None}]", "operating_status": "open", "basic_category": "corporate_or_business_office", "taxonomy": "{'primary': 'clothing_company', 'hierarchy': ['services_and_business', 'business', 'clothing_company'], 'alternates': None}", "version": 3 }, "geometry": { "type": "Point", "coordinates": [ -76.53951157, 3.43455563 ] } },
{ "type": "Feature", "properties": { "id": "aedf887d-833f-4b7a-b55a-2c0419d59bc6", "categories": { "primary": "beauty_salon", "alternate": [ "beauty_and_spa" ] }, "confidence": 0.76659762859344482, "websites": null, "emails": [ "brighibenitomicropigmentacion@hotmail.com" ], "socials": [ "https://www.facebook.com/102499652094709" ], "phones": [ "+573108245624" ], "brand": "{'wikidata': None, 'names': {'primary': None, 'common': None, 'rules': None}}", "addresses": "[{'freeform': 'Calle 5 24A-144', 'locality': 'Cali', 'postcode': '760043', 'region': None, 'country': 'CO'}]", "names": "{'primary': 'Summer Ink', 'common': None, 'rules': None}", "sources": "[{'property': '', 'dataset': 'meta', 'license': 'CDLA-Permissive-2.0', 'record_id': '102499652094709', 'update_time': '2026-04-06T00:00:00.000Z', 'confidence': 0.7665976285934448, 'between': None}, {'property': '/properties/confidence', 'dataset': 'Overture', 'license': 'CDLA-Permissive-2.0', 'record_id': None, 'update_time': '2026-04-07T10:00:15Z', 'confidence': None, 'between': None}]", "operating_status": "open", "basic_category": "personal_or_beauty_service", "taxonomy": "{'primary': 'beauty_salon', 'hierarchy': ['lifestyle_services', 'personal_or_beauty_service', 'beauty_salon'], 'alternates': None}", "version": 9 }, "geometry": { "type": "Point", "coordinates": [ -76.53962, 3.4360137329485 ] } },
{ "type": "Feature", "properties": { "id": "cbf94e6f-7cb0-4c82-9ff8-1b8e4d5f02ab", "categories": "{'primary': 'event_planning', 'alternate': None}", "confidence": 0.42396372556686401, "websites": null, "emails": null, "socials": [ "https://www.facebook.com/1151302278360738" ], "phones": null, "brand": "{'wikidata': None, 'names': {'primary': None, 'common': None, 'rules': None}}", "addresses": "[{'freeform': '', 'locality': 'Cali', 'postcode': '', 'region': None, 'country': 'CO'}]", "names": "{'primary': 'EMCALI Central San Fernando', 'common': None, 'rules': None}", "sources": "[{'property': '', 'dataset': 'meta', 'license': 'CDLA-Permissive-2.0', 'record_id': '1151302278360738', 'update_time': '2026-04-06T00:00:00.000Z', 'confidence': 0.423963725566864, 'between': None}, {'property': '/properties/confidence', 'dataset': 'Overture', 'license': 'CDLA-Permissive-2.0', 'record_id': None, 'update_time': '2026-04-07T10:00:15Z', 'confidence': None, 'between': None}]", "operating_status": "open", "basic_category": "event_or_party_service", "taxonomy": "{'primary': 'event_or_party_service', 'hierarchy': ['services_and_business', 'event_or_party_service'], 'alternates': None}", "version": 7 }, "geometry": { "type": "Point", "coordinates": [ -76.539856, 3.435073 ] } },
{ "type": "Feature", "properties": { "id": "f0ec248e-855d-4504-8225-0f17297d6da1", "categories": "{'primary': 'restaurant', 'alternate': None}", "confidence": 0.67790019512176514, "websites": null, "emails": [ "innocenticafehostal@gmail.com" ], "socials": [ "https://www.facebook.com/155477321739560" ], "phones": [ "+573006533287" ], "brand": "{'wikidata': None, 'names': {'primary': None, 'common': None, 'rules': None}}", "addresses": "[{'freeform': 'Carrera 26 5B-81', 'locality': 'Cali', 'postcode': '760042', 'region': None, 'country': 'CO'}]", "names": "{'primary': \"L'innocenti Ristorante\", 'common': None, 'rules': None}", "sources": "[{'property': '', 'dataset': 'meta', 'license': 'CDLA-Permissive-2.0', 'record_id': '155477321739560', 'update_time': '2026-04-06T00:00:00.000Z', 'confidence': 0.6779001951217651, 'between': None}, {'property': '/properties/confidence', 'dataset': 'Overture', 'license': 'CDLA-Permissive-2.0', 'record_id': None, 'update_time': '2026-04-07T10:00:15Z', 'confidence': None, 'between': None}]", "operating_status": "open", "basic_category": "restaurant", "taxonomy": "{'primary': 'restaurant', 'hierarchy': ['food_and_drink', 'restaurant'], 'alternates': None}", "version": 6 }, "geometry": { "type": "Point", "coordinates": [ -76.5398601, 3.4345501 ] } },
{ "type": "Feature", "properties": { "id": "ec1b96f6-24ec-481e-9c2a-8be161363fa1", "categories": { "primary": "dentist", "alternate": [ "health_and_medical", "doctor" ] }, "confidence": 0.93520420789718628, "websites": [ "http://www.clinicaodontologicaimpladent.com/" ], "emails": null, "socials": [ "https://www.facebook.com/654112067999174" ], "phones": [ "+573164465629" ], "brand": "{'wikidata': None, 'names': {'primary': None, 'common': None, 'rules': None}}", "addresses": "[{'freeform': 'Carrera 25 3', 'locality': 'Cali', 'postcode': '760043', 'region': None, 'country': 'CO'}]", "names": "{'primary': 'Impladent', 'common': None, 'rules': None}", "sources": "[{'property': '', 'dataset': 'meta', 'license': 'CDLA-Permissive-2.0', 'record_id': '654112067999174', 'update_time': '2026-04-06T00:00:00.000Z', 'confidence': 0.9352042078971863, 'between': None}, {'property': '/properties/confidence', 'dataset': 'Overture', 'license': 'CDLA-Permissive-2.0', 'record_id': None, 'update_time': '2026-04-07T10:00:15Z', 'confidence': None, 'between': None}]", "operating_status": "open", "basic_category": "dental_clinic", "taxonomy": "{'primary': 'dental_clinic', 'hierarchy': ['health_care', 'outpatient_care_facility', 'dental_clinic'], 'alternates': None}", "version": 6 }, "geometry": { "type": "Point", "coordinates": [ -76.53982293, 3.43529388 ] } },
{ "type": "Feature", "properties": { "id": "2510a9ab-ee56-412f-9114-feb167903ffe", "categories": { "primary": "professional_services", "alternate": [ "automotive_parts_and_accessories" ] }, "confidence": 0.69099843502044678, "websites": [ "https://wa.me/message/N6GQOGXL3542F1" ], "emails": [ "mrnuevolatir@hotmail.com" ], "socials": [ "https://www.facebook.com/389775501354509" ], "phones": [ "+573158389268" ], "brand": "{'wikidata': None, 'names': {'primary': None, 'common': None, 'rules': None}}", "addresses": "[{'freeform': 'Barrio alfonso bonilla', 'locality': 'Cali', 'postcode': '760042', 'region': None, 'country': 'CO'}]", "names": "{'primary': 'Motorepuestos & Lujos Nuevo Latir SAS', 'common': None, 'rules': None}", "sources": "[{'property': '', 'dataset': 'meta', 'license': 'CDLA-Permissive-2.0', 'record_id': '389775501354509', 'update_time': '2026-04-06T00:00:00.000Z', 'confidence': 0.6909984350204468, 'between': None}, {'property': '/properties/confidence', 'dataset': 'Overture', 'license': 'CDLA-Permissive-2.0', 'record_id': None, 'update_time': '2026-04-07T10:00:15Z', 'confidence': None, 'between': None}]", "operating_status": "open", "basic_category": "professional_service", "taxonomy": "{'primary': 'professional_service', 'hierarchy': ['services_and_business', 'professional_service'], 'alternates': None}", "version": 6 }, "geometry": { "type": "Point", "coordinates": [ -76.53966353985416, 3.436145401194495 ] } },
{ "type": "Feature", "properties": { "id": "611c3ae5-2f83-46c8-b4b3-646847afb162", "categories": { "primary": "dentist", "alternate": [ "doctor", "hospital" ] }, "confidence": 0.77507829666137695, "websites": [ "http://clinicaimpladent.com/" ], "emails": null, "socials": [ "https://www.facebook.com/117930138550357" ], "phones": [ "+25567360" ], "brand": "{'wikidata': None, 'names': {'primary': None, 'common': None, 'rules': None}}", "addresses": "[{'freeform': 'Carrera 25 5-60', 'locality': 'Cali', 'postcode': '760042', 'region': None, 'country': 'CO'}]", "names": "{'primary': 'Clínica Impladent', 'common': None, 'rules': None}", "sources": "[{'property': '', 'dataset': 'meta', 'license': 'CDLA-Permissive-2.0', 'record_id': '117930138550357', 'update_time': '2026-04-06T00:00:00.000Z', 'confidence': 0.775078296661377, 'between': None}, {'property': '/properties/confidence', 'dataset': 'Overture', 'license': 'CDLA-Permissive-2.0', 'record_id': None, 'update_time': '2026-04-07T10:00:15Z', 'confidence': None, 'between': None}]", "operating_status": "open", "basic_category": "dental_clinic", "taxonomy": "{'primary': 'dental_clinic', 'hierarchy': ['health_care', 'outpatient_care_facility', 'dental_clinic'], 'alternates': None}", "version": 6 }, "geometry": { "type": "Point", "coordinates": [ -76.53969571, 3.43545117 ] } },
{ "type": "Feature", "properties": { "id": "a480d745-ad4d-46ac-aeac-b57082c73ae3", "categories": { "primary": "school", "alternate": [ "education", "college_university" ] }, "confidence": 0.97785814106464386, "websites": [ "http://www.colegiosanfernandorey.edu.co/" ], "emails": [ "sanferey@hotmail.com" ], "socials": [ "https://www.facebook.com/70529724344" ], "phones": [ "+573156997852" ], "brand": "{'wikidata': None, 'names': {'primary': None, 'common': None, 'rules': None}}", "addresses": "[{'freeform': 'Carrera 25 5-80', 'locality': 'Cali', 'postcode': '760042', 'region': None, 'country': 'CO'}]", "names": "{'primary': 'Colegio San Fernando Rey', 'common': None, 'rules': None}", "sources": "[{'property': '', 'dataset': 'meta', 'license': 'CDLA-Permissive-2.0', 'record_id': '70529724344', 'update_time': '2026-04-06T00:00:00.000Z', 'confidence': 0.9037310481071472, 'between': None}, {'property': '/properties/confidence', 'dataset': 'Overture', 'license': 'CDLA-Permissive-2.0', 'record_id': None, 'update_time': '2026-04-07T10:00:15Z', 'confidence': None, 'between': None}]", "operating_status": "open", "basic_category": "place_of_learning", "taxonomy": "{'primary': 'school', 'hierarchy': ['education', 'place_of_learning', 'school'], 'alternates': None}", "version": 7 }, "geometry": { "type": "Point", "coordinates": [ -76.53969233, 3.43521439 ] } },
{ "type": "Feature", "properties": { "id": "8bb744c5-bd74-4e64-9789-18f3cf957be2", "categories": { "primary": "appraisal_services", "alternate": [ "real_estate" ] }, "confidence": 0.23652993142604828, "websites": [ "http://www.activoseinventarios.com" ], "emails": null, "socials": [ "https://www.facebook.com/101010504644310" ], "phones": [ "+25567347" ], "brand": "{'wikidata': None, 'names': {'primary': None, 'common': None, 'rules': None}}", "addresses": "[{'freeform': 'Carrera 26 5C-42', 'locality': 'Cali', 'postcode': '760042', 'region': None, 'country': 'CO'}]", "names": "{'primary': 'Inmobiliaria Las Vegas', 'common': None, 'rules': None}", "sources": "[{'property': '', 'dataset': 'meta', 'license': 'CDLA-Permissive-2.0', 'record_id': '101010504644310', 'update_time': '2026-04-06T00:00:00.000Z', 'confidence': 0.23652993142604828, 'between': None}, {'property': '/properties/confidence', 'dataset': 'Overture', 'license': 'CDLA-Permissive-2.0', 'record_id': None, 'update_time': '2026-04-07T10:00:15Z', 'confidence': None, 'between': None}]", "operating_status": "open", "basic_category": "financial_service", "taxonomy": "{'primary': 'appraisal_service', 'hierarchy': ['services_and_business', 'financial_service', 'appraisal_service'], 'alternates': None}", "version": 7 }, "geometry": { "type": "Point", "coordinates": [ -76.5396576, 3.43402499 ] } },
{ "type": "Feature", "properties": { "id": "d39a58f9-1d0f-471f-8c46-c3d361a2257f", "categories": "{'primary': 'media_agency', 'alternate': None}", "confidence": 0.15489779412746429, "websites": [ "http://www.terceraorbita.com/" ], "emails": [ "orbitatercera@gmail.com" ], "socials": [ "https://www.facebook.com/103547421788331" ], "phones": [ "+573154987229" ], "brand": "{'wikidata': None, 'names': {'primary': None, 'common': None, 'rules': None}}", "addresses": "[{'freeform': 'Calle 5C 26-50', 'locality': 'Cali', 'postcode': '760042', 'region': None, 'country': 'CO'}]", "names": "{'primary': 'Tercera Órbita', 'common': None, 'rules': None}", "sources": "[{'property': '', 'dataset': 'meta', 'license': 'CDLA-Permissive-2.0', 'record_id': '103547421788331', 'update_time': '2026-04-06T00:00:00.000Z', 'confidence': 0.1548977941274643, 'between': None}, {'property': '/properties/confidence', 'dataset': 'Overture', 'license': 'CDLA-Permissive-2.0', 'record_id': None, 'update_time': '2026-04-07T10:00:15Z', 'confidence': None, 'between': None}]", "operating_status": "open", "basic_category": "media_service", "taxonomy": "{'primary': 'media_agency', 'hierarchy': ['services_and_business', 'media_service', 'media_news_company', 'media_agency'], 'alternates': None}", "version": 6 }, "geometry": { "type": "Point", "coordinates": [ -76.53971797, 3.43388348 ] } },
{ "type": "Feature", "properties": { "id": "716e3504-a503-422a-8ab9-1716580276bb", "categories": { "primary": "audio_visual_equipment_store", "alternate": [ "event_photography", "movie_television_studio" ] }, "confidence": 0.93061476945877075, "websites": [ "http://www.cinematoolstudio.com/" ], "emails": [ "cinematoolstudio@gmail.com" ], "socials": [ "https://www.facebook.com/215466349008184" ], "phones": [ "+573116044922" ], "brand": "{'wikidata': None, 'names': {'primary': None, 'common': None, 'rules': None}}", "addresses": "[{'freeform': 'Carrera 28 5B-105', 'locality': 'Cali', 'postcode': '760042', 'region': None, 'country': 'CO'}]", "names": "{'primary': 'Cinematools Studio', 'common': None, 'rules': None}", "sources": "[{'property': '', 'dataset': 'meta', 'license': 'CDLA-Permissive-2.0', 'record_id': '215466349008184', 'update_time': '2026-04-06T00:00:00.000Z', 'confidence': 0.9306147694587708, 'between': None}, {'property': '/properties/confidence', 'dataset': 'Overture', 'license': 'CDLA-Permissive-2.0', 'record_id': None, 'update_time': '2026-04-07T10:00:15Z', 'confidence': None, 'between': None}]", "operating_status": "open", "basic_category": "electronics_store", "taxonomy": "{'primary': 'audio_visual_equipment_store', 'hierarchy': ['shopping', 'specialty_store', 'electronics_store', 'audio_visual_equipment_store'], 'alternates': None}", "version": 8 }, "geometry": { "type": "Point", "coordinates": [ -76.53969926, 3.43266685 ] } },
{ "type": "Feature", "properties": { "id": "50bb39c3-ad47-4042-b9aa-4cf26ddea515", "categories": "{'primary': 'automotive_repair', 'alternate': None}", "confidence": 0.94082421064376831, "websites": null, "emails": [ "jjgavi@gmail.com" ], "socials": [ "https://www.facebook.com/221289765486264" ], "phones": [ "+573175150506" ], "brand": "{'wikidata': None, 'names': {'primary': None, 'common': None, 'rules': None}}", "addresses": "[{'freeform': 'Cra. 29 #5b-65', 'locality': 'Cali', 'postcode': '760042', 'region': None, 'country': 'CO'}]", "names": "{'primary': 'La Cueva No.1 Taller Automotriz', 'common': None, 'rules': None}", "sources": "[{'property': '', 'dataset': 'meta', 'license': 'CDLA-Permissive-2.0', 'record_id': '221289765486264', 'update_time': '2026-04-06T00:00:00.000Z', 'confidence': 0.9408242106437683, 'between': None}, {'property': '/properties/confidence', 'dataset': 'Overture', 'license': 'CDLA-Permissive-2.0', 'record_id': None, 'update_time': '2026-04-07T10:00:15Z', 'confidence': None, 'between': None}]", "operating_status": "open", "basic_category": "automotive_service", "taxonomy": "{'primary': 'automotive_repair', 'hierarchy': ['travel_and_transportation', 'vehicle_service', 'automotive_service', 'automotive_repair'], 'alternates': None}", "version": 1 }, "geometry": { "type": "Point", "coordinates": [ -76.53983416, 3.43208725 ] } },
{ "type": "Feature", "properties": { "id": "c5aedb40-2d3d-4448-b5cb-63f7611695ae", "categories": { "primary": "health_and_medical", "alternate": [ "medical_service_organizations" ] }, "confidence": 0.5577462911605835, "websites": [ "http://www.improntaips.com/" ], "emails": [ "info@improntaips.com" ], "socials": [ "https://www.facebook.com/1105574649591133" ], "phones": [ "+573156129251" ], "brand": "{'wikidata': None, 'names': {'primary': None, 'common': None, 'rules': None}}", "addresses": "[{'freeform': 'Carrera 27 5', 'locality': 'Cali', 'postcode': '760042', 'region': None, 'country': 'CO'}]", "names": "{'primary': 'Impronta Ips', 'common': None, 'rules': None}", "sources": "[{'property': '', 'dataset': 'meta', 'license': 'CDLA-Permissive-2.0', 'record_id': '1105574649591133', 'update_time': '2026-04-06T00:00:00.000Z', 'confidence': 0.5577462911605835, 'between': None}, {'property': '/properties/confidence', 'dataset': 'Overture', 'license': 'CDLA-Permissive-2.0', 'record_id': None, 'update_time': '2026-04-07T10:00:15Z', 'confidence': None, 'between': None}]", "operating_status": "open", "basic_category": null, "taxonomy": "{'primary': 'health_care', 'hierarchy': ['health_care'], 'alternates': None}", "version": 6 }, "geometry": { "type": "Point", "coordinates": [ -76.5398684, 3.4333883 ] } },
{ "type": "Feature", "properties": { "id": "aa0d7073-353e-4dca-9f18-41294accde2a", "categories": { "primary": "vegetarian_restaurant", "alternate": [ "fast_food_restaurant", "restaurant" ] }, "confidence": 0.4421689510345459, "websites": null, "emails": null, "socials": [ "https://www.facebook.com/1447227615519464" ], "phones": [ "+573206751569" ], "brand": "{'wikidata': None, 'names': {'primary': None, 'common': None, 'rules': None}}", "addresses": "[{'freeform': 'Calle 5 27-60', 'locality': 'Cali', 'postcode': '760043', 'region': None, 'country': 'CO'}]", "names": "{'primary': 'Govinda Snacks Vegetarianos', 'common': None, 'rules': None}", "sources": "[{'property': '', 'dataset': 'meta', 'license': 'CDLA-Permissive-2.0', 'record_id': '1447227615519464', 'update_time': '2026-04-06T00:00:00.000Z', 'confidence': 0.4421689510345459, 'between': None}, {'property': '/properties/confidence', 'dataset': 'Overture', 'license': 'CDLA-Permissive-2.0', 'record_id': None, 'update_time': '2026-04-07T10:00:15Z', 'confidence': None, 'between': None}]", "operating_status": "open", "basic_category": "restaurant", "taxonomy": "{'primary': 'vegetarian_restaurant', 'hierarchy': ['food_and_drink', 'restaurant', 'special_diet_restaurant', 'vegetarian_restaurant'], 'alternates': None}", "version": 5 }, "geometry": { "type": "Point", "coordinates": [ -76.540046, 3.433169 ] } },
{ "type": "Feature", "properties": { "id": "88b7048f-1e0f-429c-94d6-081b0161fdba", "categories": { "primary": "stadium_arena", "alternate": [ "active_life" ] }, "confidence": 0.92627239227294922, "websites": null, "emails": null, "socials": [ "https://www.facebook.com/308039205873975" ], "phones": [ "+573508192335" ], "brand": "{'wikidata': None, 'names': {'primary': None, 'common': None, 'rules': None}}", "addresses": "[{'freeform': '', 'locality': 'Cali', 'postcode': '760042', 'region': None, 'country': 'CO'}]", "names": "{'primary': 'Evangelista Mora Coliseum', 'common': None, 'rules': None}", "sources": "[{'property': '', 'dataset': 'meta', 'license': 'CDLA-Permissive-2.0', 'record_id': '308039205873975', 'update_time': '2026-04-06T00:00:00.000Z', 'confidence': 0.9262723922729492, 'between': None}, {'property': '/properties/confidence', 'dataset': 'Overture', 'license': 'CDLA-Permissive-2.0', 'record_id': None, 'update_time': '2026-04-07T10:00:15Z', 'confidence': None, 'between': None}]", "operating_status": "open", "basic_category": "stadium_arena", "taxonomy": "{'primary': 'stadium_arena', 'hierarchy': ['arts_and_entertainment', 'stadium_arena'], 'alternates': None}", "version": 8 }, "geometry": { "type": "Point", "coordinates": [ -76.53995913, 3.42855993 ] } },
{ "type": "Feature", "properties": { "id": "dfd502e3-1ca9-474c-a78a-2713b72d5e2e", "categories": "{'primary': 'basketball_stadium', 'alternate': None}", "confidence": 0.77, "websites": [ "http://cali.gov.co" ], "emails": null, "socials": [ "https://www.facebook.com/308039205873975" ], "phones": [ "350 8192335" ], "brand": null, "addresses": "[{'freeform': None, 'locality': 'Santiago de Cali', 'postcode': None, 'region': 'Valle Del Cauca', 'country': 'CO'}]", "names": "{'primary': 'Coliseo Evangelista Mora', 'common': None, 'rules': None}", "sources": "[{'property': '', 'dataset': 'Foursquare', 'license': 'Apache-2.0', 'record_id': '4e9b9a3c0aaf5f690ecf327a', 'update_time': '2025-10-25T00:00:00.000', 'confidence': 0.77, 'between': None}, {'property': '/properties/confidence', 'dataset': 'Overture', 'license': 'CDLA-Permissive-2.0', 'record_id': None, 'update_time': '2026-04-07T10:00:15Z', 'confidence': None, 'between': None}]", "operating_status": "open", "basic_category": "stadium_arena", "taxonomy": "{'primary': 'basketball_stadium', 'hierarchy': ['arts_and_entertainment', 'stadium_arena', 'stadium', 'basketball_stadium'], 'alternates': None}", "version": 2 }, "geometry": { "type": "Point", "coordinates": [ -76.5398450759334, 3.428394665615796 ] } },
{ "type": "Feature", "properties": { "id": "0b904673-24bc-4ba1-9308-0fe9de2f1c8d", "categories": { "primary": "bar", "alternate": [ "bar_and_grill_restaurant", "pub" ] }, "confidence": 0.80364829301834106, "websites": null, "emails": [ "pecosbt@hotmail.com" ], "socials": [ "https://www.facebook.com/184748621551363" ], "phones": [ "+573174112409" ], "brand": "{'wikidata': None, 'names': {'primary': None, 'common': None, 'rules': None}}", "addresses": "[{'freeform': '', 'locality': 'Cali', 'postcode': '760042', 'region': None, 'country': 'CO'}]", "names": "{'primary': 'Baladas de Pecos Bill', 'common': None, 'rules': None}", "sources": "[{'property': '', 'dataset': 'meta', 'license': 'CDLA-Permissive-2.0', 'record_id': '184748621551363', 'update_time': '2026-04-06T00:00:00.000Z', 'confidence': 0.8036482930183411, 'between': None}, {'property': '/properties/confidence', 'dataset': 'Overture', 'license': 'CDLA-Permissive-2.0', 'record_id': None, 'update_time': '2026-04-07T10:00:15Z', 'confidence': None, 'between': None}]", "operating_status": "open", "basic_category": "bar", "taxonomy": "{'primary': 'bar', 'hierarchy': ['food_and_drink', 'alcoholic_beverage_venue', 'bar'], 'alternates': None}", "version": 7 }, "geometry": { "type": "Point", "coordinates": [ -76.53965682, 3.42918597 ] } },
{ "type": "Feature", "properties": { "id": "c3454d13-1fc4-4157-9e6b-b8722c9290d8", "categories": { "primary": "bar", "alternate": [ "pub", "soccer_field" ] }, "confidence": 0.64177286624908447, "websites": null, "emails": null, "socials": [ "https://www.facebook.com/1964948013575257" ], "phones": [ "+5723043089" ], "brand": "{'wikidata': None, 'names': {'primary': None, 'common': None, 'rules': None}}", "addresses": "[{'freeform': 'Carrera 34 5B3-11', 'locality': 'Cali', 'postcode': '760042', 'region': None, 'country': 'CO'}]", "names": "{'primary': 'Los Amigos de Pascual', 'common': None, 'rules': None}", "sources": "[{'property': '', 'dataset': 'meta', 'license': 'CDLA-Permissive-2.0', 'record_id': '1964948013575257', 'update_time': '2026-04-06T00:00:00.000Z', 'confidence': 0.6417728662490845, 'between': None}, {'property': '/properties/confidence', 'dataset': 'Overture', 'license': 'CDLA-Permissive-2.0', 'record_id': None, 'update_time': '2026-04-07T10:00:15Z', 'confidence': None, 'between': None}]", "operating_status": "open", "basic_category": "bar", "taxonomy": "{'primary': 'bar', 'hierarchy': ['food_and_drink', 'alcoholic_beverage_venue', 'bar'], 'alternates': None}", "version": 1 }, "geometry": { "type": "Point", "coordinates": [ -76.53952773, 3.42908115 ] } },
{ "type": "Feature", "properties": { "id": "f1a3a763-292d-48c6-9a58-8bfc2d0aff57", "categories": "{'primary': 'electronics', 'alternate': None}", "confidence": 0.77, "websites": [ "http://www.servidigitalcali.com" ], "emails": null, "socials": [ "https://www.facebook.com/562963114073258" ], "phones": [ "(602) 5571357" ], "brand": null, "addresses": [ { "freeform": "Roosevelt # 34-34", "locality": "Cali", "postcode": "760002", "region": "Valle de Cauca", "country": "CO" } ], "names": "{'primary': 'ServiDigital', 'common': None, 'rules': None}", "sources": "[{'property': '', 'dataset': 'Foursquare', 'license': 'Apache-2.0', 'record_id': '5a98bf14a92d9842d4f0fac7', 'update_time': '2021-03-03T00:00:00.000', 'confidence': 0.77, 'between': None}, {'property': '/properties/confidence', 'dataset': 'Overture', 'license': 'CDLA-Permissive-2.0', 'record_id': None, 'update_time': '2026-04-07T10:00:15Z', 'confidence': None, 'between': None}]", "operating_status": "open", "basic_category": "electronics_store", "taxonomy": "{'primary': 'electronics_store', 'hierarchy': ['shopping', 'specialty_store', 'electronics_store'], 'alternates': None}", "version": 3 }, "geometry": { "type": "Point", "coordinates": [ -76.539509, 3.4277894 ] } },
{ "type": "Feature", "properties": { "id": "7eca9117-2478-491e-b010-f2a50de86705", "categories": { "primary": "community_services_non_profits", "alternate": [ "shopping", "photography_store_and_services" ] }, "confidence": 0.65167897939682007, "websites": [ "http://www.servivir.coop/" ], "emails": [ "comercial@servivir.coop" ], "socials": [ "https://www.facebook.com/154275111258668" ], "phones": [ "+5725575925" ], "brand": "{'wikidata': None, 'names': {'primary': None, 'common': None, 'rules': None}}", "addresses": "[{'freeform': 'Avenida Roosevelt 34-86', 'locality': 'Cali', 'postcode': '760042', 'region': None, 'country': 'CO'}]", "names": "{'primary': 'Servivir', 'common': None, 'rules': None}", "sources": "[{'property': '', 'dataset': 'meta', 'license': 'CDLA-Permissive-2.0', 'record_id': '154275111258668', 'update_time': '2026-04-06T00:00:00.000Z', 'confidence': 0.6516789793968201, 'between': None}, {'property': '/properties/confidence', 'dataset': 'Overture', 'license': 'CDLA-Permissive-2.0', 'record_id': None, 'update_time': '2026-04-07T10:00:15Z', 'confidence': None, 'between': None}]", "operating_status": "open", "basic_category": "social_or_community_service", "taxonomy": "{'primary': 'social_or_community_service', 'hierarchy': ['community_and_government', 'social_or_community_service'], 'alternates': None}", "version": 6 }, "geometry": { "type": "Point", "coordinates": [ -76.53945952, 3.42774902 ] } },
{ "type": "Feature", "properties": { "id": "ab12b4c8-402b-4ed8-9e3a-907947623160", "categories": { "primary": "cafe", "alternate": [ "coffee_shop", "restaurant" ] }, "confidence": 0.50005292892456055, "websites": null, "emails": [ "florentinocoffeehouse@gmail.com" ], "socials": [ "https://www.facebook.com/1802229340021095" ], "phones": [ "+573166973903" ], "brand": "{'wikidata': None, 'names': {'primary': None, 'common': None, 'rules': None}}", "addresses": "[{'freeform': 'Avenida Roosevelt 34-38', 'locality': 'Cali', 'postcode': '760042', 'region': None, 'country': 'CO'}]", "names": "{'primary': 'Florentino Coffee House', 'common': None, 'rules': None}", "sources": "[{'property': '', 'dataset': 'meta', 'license': 'CDLA-Permissive-2.0', 'record_id': '1802229340021095', 'update_time': '2026-04-06T00:00:00.000Z', 'confidence': 0.5000529289245605, 'between': None}, {'property': '/properties/confidence', 'dataset': 'Overture', 'license': 'CDLA-Permissive-2.0', 'record_id': None, 'update_time': '2026-04-07T10:00:15Z', 'confidence': None, 'between': None}]", "operating_status": "open", "basic_category": "cafe", "taxonomy": "{'primary': 'cafe', 'hierarchy': ['food_and_drink', 'casual_eatery', 'cafe'], 'alternates': None}", "version": 6 }, "geometry": { "type": "Point", "coordinates": [ -76.539452075957996, 3.427983389999 ] } },
{ "type": "Feature", "properties": { "id": "4fa7ed6b-fdd6-4568-a3cc-453be6c7fe93", "categories": { "primary": "sporting_goods", "alternate": [ "fashion_accessories_store", "shopping" ] }, "confidence": 0.19114677608013153, "websites": [ "https://www.youtube.com/@warriorscolombia" ], "emails": null, "socials": [ "https://www.facebook.com/102016948649271" ], "phones": [ "+573008595922" ], "brand": "{'wikidata': None, 'names': {'primary': None, 'common': None, 'rules': None}}", "addresses": "[{'freeform': None, 'locality': 'Cali', 'postcode': None, 'region': None, 'country': 'CO'}]", "names": "{'primary': 'Tienda táctica cali', 'common': None, 'rules': None}", "sources": "[{'property': '', 'dataset': 'meta', 'license': 'CDLA-Permissive-2.0', 'record_id': '102016948649271', 'update_time': '2026-04-06T00:00:00.000Z', 'confidence': 0.19114677608013153, 'between': None}, {'property': '/properties/confidence', 'dataset': 'Overture', 'license': 'CDLA-Permissive-2.0', 'record_id': None, 'update_time': '2026-04-07T10:00:15Z', 'confidence': None, 'between': None}]", "operating_status": "open", "basic_category": "sporting_goods_store", "taxonomy": "{'primary': 'sporting_goods_store', 'hierarchy': ['shopping', 'specialty_store', 'sporting_goods_store'], 'alternates': None}", "version": 6 }, "geometry": { "type": "Point", "coordinates": [ -76.5394457, 3.4278767 ] } },
{ "type": "Feature", "properties": { "id": "5773b74b-ef6f-4ac1-9c8c-3696d659fa20", "categories": "{'primary': 'event_planning', 'alternate': None}", "confidence": 0.43300673365592957, "websites": null, "emails": null, "socials": [ "https://www.facebook.com/347193095856969" ], "phones": null, "brand": "{'wikidata': None, 'names': {'primary': None, 'common': None, 'rules': None}}", "addresses": "[{'freeform': '', 'locality': 'Cali', 'postcode': '', 'region': None, 'country': 'CO'}]", "names": "{'primary': 'Proteccion Pensiones Y Cesantias', 'common': None, 'rules': None}", "sources": "[{'property': '', 'dataset': 'meta', 'license': 'CDLA-Permissive-2.0', 'record_id': '347193095856969', 'update_time': '2026-04-06T00:00:00.000Z', 'confidence': 0.43300673365592957, 'between': None}, {'property': '/properties/confidence', 'dataset': 'Overture', 'license': 'CDLA-Permissive-2.0', 'record_id': None, 'update_time': '2026-04-07T10:00:15Z', 'confidence': None, 'between': None}]", "operating_status": "open", "basic_category": "event_or_party_service", "taxonomy": "{'primary': 'event_or_party_service', 'hierarchy': ['services_and_business', 'event_or_party_service'], 'alternates': None}", "version": 6 }, "geometry": { "type": "Point", "coordinates": [ -76.539421699517007, 3.4280172196428 ] } },
{ "type": "Feature", "properties": { "id": "9bc2caf7-0505-40d6-a265-818e382bdc7f", "categories": { "primary": "bar", "alternate": [ "liquor_store" ] }, "confidence": 0.23466712236404419, "websites": null, "emails": [ "eltriunfolicores@gmail.com" ], "socials": [ "https://www.facebook.com/103053898140158" ], "phones": [ "+573137709599" ], "brand": "{'wikidata': None, 'names': {'primary': None, 'common': None, 'rules': None}}", "addresses": "[{'freeform': 'Carrera 34 5B3', 'locality': 'Cali', 'postcode': '760042', 'region': None, 'country': 'CO'}]", "names": "{'primary': 'Rancho y Licores El Triunfo', 'common': None, 'rules': None}", "sources": "[{'property': '', 'dataset': 'meta', 'license': 'CDLA-Permissive-2.0', 'record_id': '103053898140158', 'update_time': '2026-04-06T00:00:00.000Z', 'confidence': 0.2346671223640442, 'between': None}, {'property': '/properties/confidence', 'dataset': 'Overture', 'license': 'CDLA-Permissive-2.0', 'record_id': None, 'update_time': '2026-04-07T10:00:15Z', 'confidence': None, 'between': None}]", "operating_status": "open", "basic_category": "bar", "taxonomy": "{'primary': 'bar', 'hierarchy': ['food_and_drink', 'alcoholic_beverage_venue', 'bar'], 'alternates': None}", "version": 9 }, "geometry": { "type": "Point", "coordinates": [ -76.53947777, 3.42900246 ] } },
{ "type": "Feature", "properties": { "id": "2256e424-8233-411a-b6bd-be52ba574702", "categories": { "primary": "broadcasting_media_production", "alternate": [ "radio_station", "high_school" ] }, "confidence": 0.6295313835144043, "websites": [ "http://www.radioeth.com/" ], "emails": [ "radioeth.com@gmail.com" ], "socials": [ "https://www.facebook.com/236648349752788" ], "phones": [ "+573114292121" ], "brand": "{'wikidata': None, 'names': {'primary': None, 'common': None, 'rules': None}}", "addresses": "[{'freeform': 'Carrera 30 5C-16', 'locality': 'Cali', 'postcode': '760042', 'region': None, 'country': 'CO'}]", "names": "{'primary': 'Radio OETH', 'common': None, 'rules': None}", "sources": "[{'property': '', 'dataset': 'meta', 'license': 'CDLA-Permissive-2.0', 'record_id': '236648349752788', 'update_time': '2026-04-06T00:00:00.000Z', 'confidence': 0.6295313835144043, 'between': None}, {'property': '/properties/confidence', 'dataset': 'Overture', 'license': 'CDLA-Permissive-2.0', 'record_id': None, 'update_time': '2026-04-07T10:00:15Z', 'confidence': None, 'between': None}]", "operating_status": "open", "basic_category": "media_service", "taxonomy": "{'primary': 'broadcasting_media_production', 'hierarchy': ['services_and_business', 'media_service', 'media_news_company', 'broadcasting_media_production'], 'alternates': None}", "version": 7 }, "geometry": { "type": "Point", "coordinates": [ -76.53945852, 3.43046199 ] } },
{ "type": "Feature", "properties": { "id": "52892d47-906a-418c-b5ab-dc14dfc486d1", "categories": { "primary": "high_school", "alternate": [ "school", "education" ] }, "confidence": 0.96899014711380005, "websites": [ "http://www.colegiolosangelessanfernando.edu.co/" ], "emails": [ "colegiolosangelessanfernando@gmail.com" ], "socials": [ "https://www.facebook.com/228566567240262" ], "phones": [ "+573205476060" ], "brand": "{'wikidata': None, 'names': {'primary': None, 'common': None, 'rules': None}}", "addresses": "[{'freeform': 'Carrera 30 5C-16', 'locality': 'Cali', 'postcode': '760042', 'region': None, 'country': 'CO'}]", "names": "{'primary': 'Colegio Los Angeles De San Fernando', 'common': None, 'rules': None}", "sources": "[{'property': '', 'dataset': 'meta', 'license': 'CDLA-Permissive-2.0', 'record_id': '228566567240262', 'update_time': '2026-04-06T00:00:00.000Z', 'confidence': 0.9689901471138, 'between': None}, {'property': '/properties/confidence', 'dataset': 'Overture', 'license': 'CDLA-Permissive-2.0', 'record_id': None, 'update_time': '2026-04-07T10:00:15Z', 'confidence': None, 'between': None}]", "operating_status": "open", "basic_category": "high_school", "taxonomy": "{'primary': 'high_school', 'hierarchy': ['education', 'place_of_learning', 'school', 'high_school'], 'alternates': None}", "version": 6 }, "geometry": { "type": "Point", "coordinates": [ -76.53945059, 3.43023964 ] } },
{ "type": "Feature", "properties": { "id": "9302dd6f-0790-4618-8b1e-4005782fb585", "categories": { "primary": "naturopathic_holistic", "alternate": [ "health_and_medical", "pharmacy" ] }, "confidence": 0.65461885929107666, "websites": null, "emails": [ "centrohomeopaticoelcipres@gmail.com" ], "socials": [ "https://www.facebook.com/251649829101873" ], "phones": [ "+573147389989" ], "brand": "{'wikidata': None, 'names': {'primary': None, 'common': None, 'rules': None}}", "addresses": "[{'freeform': 'Carrera 30A 6-43', 'locality': 'Cali', 'postcode': '760042', 'region': None, 'country': 'CO'}]", "names": "{'primary': 'Centro Homeopatico El Cipres', 'common': None, 'rules': None}", "sources": "[{'property': '', 'dataset': 'meta', 'license': 'CDLA-Permissive-2.0', 'record_id': '251649829101873', 'update_time': '2026-04-06T00:00:00.000Z', 'confidence': 0.6546188592910767, 'between': None}, {'property': '/properties/confidence', 'dataset': 'Overture', 'license': 'CDLA-Permissive-2.0', 'record_id': None, 'update_time': '2026-04-07T10:00:15Z', 'confidence': None, 'between': None}]", "operating_status": "open", "basic_category": "complementary_and_alternative_medicine", "taxonomy": "{'primary': 'naturopathic_medicine', 'hierarchy': ['health_care', 'outpatient_care_facility', 'complementary_and_alternative_medicine', 'naturopathic_medicine'], 'alternates': None}", "version": 8 }, "geometry": { "type": "Point", "coordinates": [ -76.53954531, 3.43092996 ] } },
{ "type": "Feature", "properties": { "id": "1c280dd5-2795-4070-a573-95c410866397", "categories": "{'primary': 'ice_cream_shop', 'alternate': None}", "confidence": 0.2769734263420105, "websites": [ "http://wa.link/ws7vjy" ], "emails": [ "deliriumpoptails@gmail.com" ], "socials": [ "https://www.facebook.com/103316044843177" ], "phones": [ "+573118826832" ], "brand": "{'wikidata': None, 'names': {'primary': None, 'common': None, 'rules': None}}", "addresses": "[{'freeform': 'Calle 5C 29-89', 'locality': 'Cali', 'postcode': '760042', 'region': None, 'country': 'CO'}]", "names": "{'primary': 'Delirium Poptails', 'common': None, 'rules': None}", "sources": "[{'property': '', 'dataset': 'meta', 'license': 'CDLA-Permissive-2.0', 'record_id': '103316044843177', 'update_time': '2026-04-06T00:00:00.000Z', 'confidence': 0.2769734263420105, 'between': None}, {'property': '/properties/confidence', 'dataset': 'Overture', 'license': 'CDLA-Permissive-2.0', 'record_id': None, 'update_time': '2026-04-07T10:00:15Z', 'confidence': None, 'between': None}]", "operating_status": "open", "basic_category": "casual_eatery", "taxonomy": "{'primary': 'ice_cream_shop', 'hierarchy': ['food_and_drink', 'casual_eatery', 'dessert_shop', 'ice_cream_shop'], 'alternates': None}", "version": 6 }, "geometry": { "type": "Point", "coordinates": [ -76.5395565, 3.43100179 ] } },
{ "type": "Feature", "properties": { "id": "caa1ae36-1dcf-4966-9026-722284397d2b", "categories": "{'primary': 'health_and_medical', 'alternate': None}", "confidence": 0.93672704696655273, "websites": null, "emails": [ "odonto.cenit11@gmail.com" ], "socials": [ "https://www.facebook.com/416703544848956" ], "phones": [ "+573148223572" ], "brand": "{'wikidata': None, 'names': {'primary': None, 'common': None, 'rules': None}}", "addresses": "[{'freeform': 'Calle 5C 29-97', 'locality': 'Cali', 'postcode': '760042', 'region': None, 'country': 'CO'}]", "names": "{'primary': 'Cenit Odontologia ', 'common': None, 'rules': None}", "sources": "[{'property': '', 'dataset': 'meta', 'license': 'CDLA-Permissive-2.0', 'record_id': '416703544848956', 'update_time': '2026-04-06T00:00:00.000Z', 'confidence': 0.9367270469665527, 'between': None}, {'property': '/properties/confidence', 'dataset': 'Overture', 'license': 'CDLA-Permissive-2.0', 'record_id': None, 'update_time': '2026-04-07T10:00:15Z', 'confidence': None, 'between': None}]", "operating_status": "open", "basic_category": null, "taxonomy": "{'primary': 'health_care', 'hierarchy': ['health_care'], 'alternates': None}", "version": 6 }, "geometry": { "type": "Point", "coordinates": [ -76.53957, 3.43093 ] } },
{ "type": "Feature", "properties": { "id": "5350b5f6-1df6-4622-9c7c-d05b662c5240", "categories": null, "confidence": 0.35419413447380066, "websites": [ "https://instagram.com/dra.kellyospinavega?utm_medium=copy_link" ], "emails": null, "socials": [ "https://www.facebook.com/106571651995975" ], "phones": [ "+3213750448" ], "brand": "{'wikidata': None, 'names': {'primary': None, 'common': None, 'rules': None}}", "addresses": "[{'freeform': 'Calle 5C 29-97', 'locality': 'Cali', 'postcode': '760042', 'region': None, 'country': 'CO'}]", "names": "{'primary': 'Odontología Ospina Vega', 'common': None, 'rules': None}", "sources": "[{'property': '', 'dataset': 'meta', 'license': 'CDLA-Permissive-2.0', 'record_id': '106571651995975', 'update_time': '2026-04-06T00:00:00.000Z', 'confidence': 0.35419413447380066, 'between': None}, {'property': '/properties/confidence', 'dataset': 'Overture', 'license': 'CDLA-Permissive-2.0', 'record_id': None, 'update_time': '2026-04-07T10:00:15Z', 'confidence': None, 'between': None}]", "operating_status": "open", "basic_category": null, "taxonomy": null, "version": 1 }, "geometry": { "type": "Point", "coordinates": [ -76.53957, 3.43093 ] } },
{ "type": "Feature", "properties": { "id": "bd104cc6-04f2-40dd-be19-17f95254eee2", "categories": { "primary": "professional_services", "alternate": [ "health_and_medical" ] }, "confidence": 0.27478286623954773, "websites": [ "https://linktr.ee/PipePediatra" ], "emails": [ "pipepediatra4@gmail.com" ], "socials": [ "https://www.facebook.com/630797886792605" ], "phones": [ "+573184850221" ], "brand": "{'wikidata': None, 'names': {'primary': None, 'common': None, 'rules': None}}", "addresses": "[{'freeform': 'Calle 5C 26-49', 'locality': 'Cali', 'postcode': '760042', 'region': None, 'country': 'CO'}]", "names": "{'primary': 'PipePediatra', 'common': None, 'rules': None}", "sources": "[{'property': '', 'dataset': 'meta', 'license': 'CDLA-Permissive-2.0', 'record_id': '630797886792605', 'update_time': '2026-04-06T00:00:00.000Z', 'confidence': 0.27478286623954773, 'between': None}, {'property': '/properties/confidence', 'dataset': 'Overture', 'license': 'CDLA-Permissive-2.0', 'record_id': None, 'update_time': '2026-04-07T10:00:15Z', 'confidence': None, 'between': None}]", "operating_status": "open", "basic_category": "professional_service", "taxonomy": "{'primary': 'professional_service', 'hierarchy': ['services_and_business', 'professional_service'], 'alternates': None}", "version": 6 }, "geometry": { "type": "Point", "coordinates": [ -76.539606157237102, 3.433856064218215 ] } },
{ "type": "Feature", "properties": { "id": "cd6060fb-5c35-49fa-9e17-982890692938", "categories": "{'primary': 'general_dentistry', 'alternate': None}", "confidence": 0.30532175302505493, "websites": [ "https://www.instagram.com/jessgaviria_odontologia/" ], "emails": null, "socials": [ "https://www.facebook.com/1051709431353129" ], "phones": [ "+573117299740" ], "brand": "{'wikidata': None, 'names': {'primary': None, 'common': None, 'rules': None}}", "addresses": "[{'freeform': 'Calle 6 28-32', 'locality': 'Cali', 'postcode': '760042', 'region': None, 'country': 'CO'}]", "names": "{'primary': 'Jessgaviria.odontologia', 'common': None, 'rules': None}", "sources": "[{'property': '', 'dataset': 'meta', 'license': 'CDLA-Permissive-2.0', 'record_id': '1051709431353129', 'update_time': '2026-04-06T00:00:00.000Z', 'confidence': 0.30532175302505493, 'between': None}, {'property': '/properties/confidence', 'dataset': 'Overture', 'license': 'CDLA-Permissive-2.0', 'record_id': None, 'update_time': '2026-04-07T10:00:15Z', 'confidence': None, 'between': None}]", "operating_status": "open", "basic_category": "dental_clinic", "taxonomy": "{'primary': 'general_dentistry', 'hierarchy': ['health_care', 'outpatient_care_facility', 'dental_clinic', 'general_dentistry'], 'alternates': None}", "version": 2 }, "geometry": { "type": "Point", "coordinates": [ -76.539606128909227, 3.433856595703278 ] } },
{ "type": "Feature", "properties": { "id": "53af9967-a76f-4e0b-937f-432bbc42c40d", "categories": { "primary": "travel_services", "alternate": [ "tours", "shopping" ] }, "confidence": 0.35329005122184753, "websites": null, "emails": null, "socials": [ "https://www.facebook.com/209060892458708" ], "phones": [ "+5717464008" ], "brand": "{'wikidata': None, 'names': {'primary': None, 'common': None, 'rules': None}}", "addresses": "[{'freeform': 'Carrera 26 5C-04', 'locality': 'Cali', 'postcode': '760042', 'region': None, 'country': 'CO'}]", "names": "{'primary': 'Colmundo Viajes', 'common': None, 'rules': None}", "sources": "[{'property': '', 'dataset': 'meta', 'license': 'CDLA-Permissive-2.0', 'record_id': '209060892458708', 'update_time': '2026-04-06T00:00:00.000Z', 'confidence': 0.35329005122184753, 'between': None}, {'property': '/properties/confidence', 'dataset': 'Overture', 'license': 'CDLA-Permissive-2.0', 'record_id': None, 'update_time': '2026-04-07T10:00:15Z', 'confidence': None, 'between': None}]", "operating_status": "open", "basic_category": "travel_service", "taxonomy": "{'primary': 'travel_service', 'hierarchy': ['travel_and_transportation', 'travel_service'], 'alternates': None}", "version": 8 }, "geometry": { "type": "Point", "coordinates": [ -76.53944485, 3.43445159 ] } },
{ "type": "Feature", "properties": { "id": "453a3a95-305b-4305-bc9c-39d8efbc579b", "categories": { "primary": "social_service_organizations", "alternate": [ "radio_station", "topic_concert_venue" ] }, "confidence": 0.6817815899848938, "websites": null, "emails": null, "socials": [ "https://www.facebook.com/418676205603646" ], "phones": [ "+25583689" ], "brand": "{'wikidata': None, 'names': {'primary': None, 'common': None, 'rules': None}}", "addresses": "[{'freeform': 'Carrera 26 5C-25', 'locality': 'Cali', 'postcode': '760042', 'region': None, 'country': 'CO'}]", "names": "{'primary': 'Colmundo Radio Cali', 'common': None, 'rules': None}", "sources": "[{'property': '', 'dataset': 'meta', 'license': 'CDLA-Permissive-2.0', 'record_id': '418676205603646', 'update_time': '2026-04-06T00:00:00.000Z', 'confidence': 0.6817815899848938, 'between': None}, {'property': '/properties/confidence', 'dataset': 'Overture', 'license': 'CDLA-Permissive-2.0', 'record_id': None, 'update_time': '2026-04-07T10:00:15Z', 'confidence': None, 'between': None}]", "operating_status": "open", "basic_category": "social_or_community_service", "taxonomy": "{'primary': 'social_or_community_service', 'hierarchy': ['community_and_government', 'social_or_community_service'], 'alternates': None}", "version": 4 }, "geometry": { "type": "Point", "coordinates": [ -76.5394429, 3.43445005 ] } },
{ "type": "Feature", "properties": { "id": "2502eb4a-a6cc-445e-8aef-c1a4292d559a", "categories": { "primary": "furniture_store", "alternate": [ "construction_services", "contractor" ] }, "confidence": 0.47687369585037231, "websites": [ "https://carpintearq.com/" ], "emails": [ "luisfer_velasco@yahoo.com" ], "socials": [ "https://www.facebook.com/184616412157791" ], "phones": [ "+573108433750" ], "brand": "{'wikidata': None, 'names': {'primary': None, 'common': None, 'rules': None}}", "addresses": "[{'freeform': 'Calle 5C 29-49', 'locality': 'Cali', 'postcode': '760042', 'region': None, 'country': 'CO'}]", "names": "{'primary': 'Carpintería Arquitectónica en Madera', 'common': None, 'rules': None}", "sources": "[{'property': '', 'dataset': 'meta', 'license': 'CDLA-Permissive-2.0', 'record_id': '184616412157791', 'update_time': '2026-04-06T00:00:00.000Z', 'confidence': 0.4768736958503723, 'between': None}, {'property': '/properties/confidence', 'dataset': 'Overture', 'license': 'CDLA-Permissive-2.0', 'record_id': None, 'update_time': '2026-04-07T10:00:15Z', 'confidence': None, 'between': None}]", "operating_status": "open", "basic_category": "hardware_home_and_garden_store", "taxonomy": "{'primary': 'furniture_store', 'hierarchy': ['shopping', 'specialty_store', 'hardware_home_and_garden_store', 'furniture_store'], 'alternates': None}", "version": 6 }, "geometry": { "type": "Point", "coordinates": [ -76.53941766, 3.43128233 ] } },
{ "type": "Feature", "properties": { "id": "f04f37da-3bbb-4959-bf66-a84303685058", "categories": "{'primary': 'professional_services', 'alternate': None}", "confidence": 0.36840790510177612, "websites": null, "emails": [ "grupogefet@gmail.com" ], "socials": [ "https://www.facebook.com/888103997927846" ], "phones": [ "+573155570553" ], "brand": "{'wikidata': None, 'names': {'primary': None, 'common': None, 'rules': None}}", "addresses": "[{'freeform': 'Carrera 27 5C-35', 'locality': 'Cali', 'postcode': '760042', 'region': None, 'country': 'CO'}]", "names": "{'primary': 'UNION Empresarial GEFET', 'common': None, 'rules': None}", "sources": "[{'property': '', 'dataset': 'meta', 'license': 'CDLA-Permissive-2.0', 'record_id': '888103997927846', 'update_time': '2026-04-06T00:00:00.000Z', 'confidence': 0.3684079051017761, 'between': None}, {'property': '/properties/confidence', 'dataset': 'Overture', 'license': 'CDLA-Permissive-2.0', 'record_id': None, 'update_time': '2026-04-07T10:00:15Z', 'confidence': None, 'between': None}]", "operating_status": "open", "basic_category": "professional_service", "taxonomy": "{'primary': 'professional_service', 'hierarchy': ['services_and_business', 'professional_service'], 'alternates': None}", "version": 1 }, "geometry": { "type": "Point", "coordinates": [ -76.5393677, 3.4334176 ] } },
{ "type": "Feature", "properties": { "id": "744fb348-3427-4c3d-a63a-4b705e221a6c", "categories": "{'primary': 'trophy_shop', 'alternate': None}", "confidence": 0.80839729309082031, "websites": [ "http://www.trofemarcas.com/" ], "emails": [ "trofemarcas@trofemarcas.com" ], "socials": [ "https://www.facebook.com/374096282624596" ], "phones": [ "+573166902346" ], "brand": "{'wikidata': None, 'names': {'primary': None, 'common': None, 'rules': None}}", "addresses": "[{'freeform': 'Carrera 27 4 O-26', 'locality': 'Cali', 'postcode': '760043', 'region': None, 'country': 'CO'}]", "names": "{'primary': 'Trofemarcas Ltda', 'common': None, 'rules': None}", "sources": "[{'property': '', 'dataset': 'meta', 'license': 'CDLA-Permissive-2.0', 'record_id': '374096282624596', 'update_time': '2026-04-06T00:00:00.000Z', 'confidence': 0.8083972930908203, 'between': None}, {'property': '/properties/confidence', 'dataset': 'Overture', 'license': 'CDLA-Permissive-2.0', 'record_id': None, 'update_time': '2026-04-07T10:00:15Z', 'confidence': None, 'between': None}]", "operating_status": "open", "basic_category": "specialty_store", "taxonomy": "{'primary': 'trophy_store', 'hierarchy': ['shopping', 'specialty_store', 'trophy_store'], 'alternates': None}", "version": 8 }, "geometry": { "type": "Point", "coordinates": [ -76.53934503, 3.43325368 ] } },
{ "type": "Feature", "properties": { "id": "5228aac6-b1a8-42de-95f6-c2783e8e2baf", "categories": "{'primary': 'professional_services', 'alternate': None}", "confidence": 0.26549831032752991, "websites": null, "emails": [ "dukeseguridadagenciacali@gmail.com" ], "socials": [ "https://www.facebook.com/533057679896459" ], "phones": [ "+5723756054" ], "brand": "{'wikidata': None, 'names': {'primary': None, 'common': None, 'rules': None}}", "addresses": "[{'freeform': 'Carrera 27 5C-34', 'locality': 'Cali', 'postcode': '760042', 'region': None, 'country': 'CO'}]", "names": "{'primary': 'Duke Seguridad', 'common': None, 'rules': None}", "sources": "[{'property': '', 'dataset': 'meta', 'license': 'CDLA-Permissive-2.0', 'record_id': '533057679896459', 'update_time': '2026-04-06T00:00:00.000Z', 'confidence': 0.2654983103275299, 'between': None}, {'property': '/properties/confidence', 'dataset': 'Overture', 'license': 'CDLA-Permissive-2.0', 'record_id': None, 'update_time': '2026-04-07T10:00:15Z', 'confidence': None, 'between': None}]", "operating_status": "open", "basic_category": "professional_service", "taxonomy": "{'primary': 'professional_service', 'hierarchy': ['services_and_business', 'professional_service'], 'alternates': None}", "version": 6 }, "geometry": { "type": "Point", "coordinates": [ -76.53927994, 3.43336211 ] } },
{ "type": "Feature", "properties": { "id": "d73eee52-676a-4bec-ad34-d4f31dcb9920", "categories": { "primary": "womens_clothing_store", "alternate": [ "b2b_textiles" ] }, "confidence": 0.20309093594551086, "websites": [ "http://www.skastudiomdc.com/" ], "emails": [ "caronshoes@gmail.com" ], "socials": [ "https://www.facebook.com/122265450843743" ], "phones": [ "+573184183483" ], "brand": "{'wikidata': None, 'names': {'primary': None, 'common': None, 'rules': None}}", "addresses": "[{'freeform': 'Carrera 27 5C-35', 'locality': 'Cali', 'postcode': '760042', 'region': None, 'country': 'CO'}]", "names": "{'primary': 'SKA Studio Colombia', 'common': None, 'rules': None}", "sources": "[{'property': '', 'dataset': 'meta', 'license': 'CDLA-Permissive-2.0', 'record_id': '122265450843743', 'update_time': '2026-04-06T00:00:00.000Z', 'confidence': 0.20309093594551086, 'between': None}, {'property': '/properties/confidence', 'dataset': 'Overture', 'license': 'CDLA-Permissive-2.0', 'record_id': None, 'update_time': '2026-04-07T10:00:15Z', 'confidence': None, 'between': None}]", "operating_status": "open", "basic_category": "fashion_and_apparel_store", "taxonomy": "{'primary': 'womens_clothing_store', 'hierarchy': ['shopping', 'fashion_and_apparel_store', 'clothing_store', 'womens_clothing_store'], 'alternates': None}", "version": 1 }, "geometry": { "type": "Point", "coordinates": [ -76.53927537, 3.43338205 ] } },
{ "type": "Feature", "properties": { "id": "dd66c0b4-66d6-4bde-b60c-acb3531a851e", "categories": { "primary": "dentist", "alternate": [ "oral_surgeon" ] }, "confidence": 0.90045654773712158, "websites": null, "emails": [ "invisible.grupodental@gmail.com" ], "socials": [ "https://www.facebook.com/810349649009051" ], "phones": [ "+573158400689" ], "brand": "{'wikidata': None, 'names': {'primary': None, 'common': None, 'rules': None}}", "addresses": "[{'freeform': 'Carrera 29 5C-26', 'locality': 'Cali', 'postcode': '760042', 'region': None, 'country': 'CO'}]", "names": "{'primary': 'Invisible Grupo Dental', 'common': None, 'rules': None}", "sources": "[{'property': '', 'dataset': 'meta', 'license': 'CDLA-Permissive-2.0', 'record_id': '810349649009051', 'update_time': '2026-04-06T00:00:00.000Z', 'confidence': 0.9004565477371216, 'between': None}, {'property': '/properties/confidence', 'dataset': 'Overture', 'license': 'CDLA-Permissive-2.0', 'record_id': None, 'update_time': '2026-04-07T10:00:15Z', 'confidence': None, 'between': None}]", "operating_status": "open", "basic_category": "dental_clinic", "taxonomy": "{'primary': 'dental_clinic', 'hierarchy': ['health_care', 'outpatient_care_facility', 'dental_clinic'], 'alternates': None}", "version": 8 }, "geometry": { "type": "Point", "coordinates": [ -76.53921863, 3.43176089 ] } },
{ "type": "Feature", "properties": { "id": "aad0eb22-4f07-468a-bc03-0720a5545851", "categories": { "primary": "bakery", "alternate": [ "restaurant" ] }, "confidence": 0.96238115131855007, "websites": [ "http://www.tortasypostresmanjares.com" ], "emails": null, "socials": [ "https://www.facebook.com/241135254506292" ], "phones": [ "+573177640097" ], "brand": "{'wikidata': None, 'names': {'primary': 'Panadería Montecarlo', 'common': None, 'rules': None}}", "addresses": "[{'freeform': 'Carrera 29 5C-44', 'locality': 'Cali', 'postcode': '760042', 'region': None, 'country': 'CO'}]", "names": "{'primary': 'Panadería Montecarlo', 'common': None, 'rules': None}", "sources": "[{'property': '', 'dataset': 'meta', 'license': 'CDLA-Permissive-2.0', 'record_id': '241135254506292', 'update_time': '2026-04-06T00:00:00.000Z', 'confidence': 0.8364397883415222, 'between': None}, {'property': '/properties/confidence', 'dataset': 'Overture', 'license': 'CDLA-Permissive-2.0', 'record_id': None, 'update_time': '2026-04-07T10:00:15Z', 'confidence': None, 'between': None}]", "operating_status": "open", "basic_category": "casual_eatery", "taxonomy": "{'primary': 'bakery', 'hierarchy': ['food_and_drink', 'casual_eatery', 'bakery'], 'alternates': None}", "version": 4 }, "geometry": { "type": "Point", "coordinates": [ -76.53923231, 3.4316848 ] } },
{ "type": "Feature", "properties": { "id": "1cd3b5ee-f28e-4c0a-95c1-90b82616d383", "categories": { "primary": "shopping_center", "alternate": [ "shopping", "tai_chi_studio" ] }, "confidence": 0.71334010362625122, "websites": null, "emails": null, "socials": [ "https://www.facebook.com/242463460028736" ], "phones": null, "brand": "{'wikidata': None, 'names': {'primary': None, 'common': None, 'rules': None}}", "addresses": "[{'freeform': 'Avenida Roosevelt 30-54', 'locality': 'Cali', 'postcode': '760042', 'region': None, 'country': 'CO'}]", "names": "{'primary': 'Centro comercial unisentro armenia quindio', 'common': None, 'rules': None}", "sources": "[{'property': '', 'dataset': 'meta', 'license': 'CDLA-Permissive-2.0', 'record_id': '242463460028736', 'update_time': '2026-04-06T00:00:00.000Z', 'confidence': 0.7133401036262512, 'between': None}, {'property': '/properties/confidence', 'dataset': 'Overture', 'license': 'CDLA-Permissive-2.0', 'record_id': None, 'update_time': '2026-04-07T10:00:15Z', 'confidence': None, 'between': None}]", "operating_status": "open", "basic_category": "shopping_mall", "taxonomy": "{'primary': 'shopping_mall', 'hierarchy': ['shopping', 'shopping_mall'], 'alternates': None}", "version": 3 }, "geometry": { "type": "Point", "coordinates": [ -76.53930917, 3.4298044 ] } },
{ "type": "Feature", "properties": { "id": "647e50b3-a686-4ed9-a461-87666aa47693", "categories": "{'primary': 'martial_arts_club', 'alternate': None}", "confidence": 0.64763933420181274, "websites": [ "http://hapkidohosinsul.inficus.com/" ], "emails": [ "clubhosinsulcali@gmail.com" ], "socials": [ "https://www.facebook.com/114722300072157" ], "phones": [ "+573185814815" ], "brand": "{'wikidata': None, 'names': {'primary': None, 'common': None, 'rules': None}}", "addresses": "[{'freeform': 'Pscinas Alberto Galindo 2do piso', 'locality': 'Cali', 'postcode': None, 'region': None, 'country': 'CO'}]", "names": "{'primary': 'Club Ho Sin Sul Hapkido', 'common': None, 'rules': None}", "sources": "[{'property': '', 'dataset': 'meta', 'license': 'CDLA-Permissive-2.0', 'record_id': '114722300072157', 'update_time': '2026-04-06T00:00:00.000Z', 'confidence': 0.6476393342018127, 'between': None}, {'property': '/properties/confidence', 'dataset': 'Overture', 'license': 'CDLA-Permissive-2.0', 'record_id': None, 'update_time': '2026-04-07T10:00:15Z', 'confidence': None, 'between': None}]", "operating_status": "open", "basic_category": "sport_or_recreation_club", "taxonomy": "{'primary': 'martial_arts_club', 'hierarchy': ['sports_and_recreation', 'sport_or_recreation_club', 'martial_arts_club'], 'alternates': None}", "version": 7 }, "geometry": { "type": "Point", "coordinates": [ -76.5393838, 3.4281367 ] } },
{ "type": "Feature", "properties": { "id": "9102b236-eef8-4c78-b0c1-4859f799bdce", "categories": { "primary": "real_estate", "alternate": [ "real_estate_agent", "business_advertising" ] }, "confidence": 0.27327683568000793, "websites": [ "http://www.fotoinmuebles.co/" ], "emails": [ "fotoinmuebles.co@gmail.com" ], "socials": [ "https://www.facebook.com/568591156506229" ], "phones": [ "+5725566041" ], "brand": "{'wikidata': None, 'names': {'primary': None, 'common': None, 'rules': None}}", "addresses": "[{'freeform': 'Carrera 34 5B3-35', 'locality': 'Cali', 'postcode': '760042', 'region': None, 'country': 'CO'}]", "names": "{'primary': 'FOTO Inmuebles Colombia', 'common': None, 'rules': None}", "sources": "[{'property': '', 'dataset': 'meta', 'license': 'CDLA-Permissive-2.0', 'record_id': '568591156506229', 'update_time': '2026-04-06T00:00:00.000Z', 'confidence': 0.27327683568000793, 'between': None}, {'property': '/properties/confidence', 'dataset': 'Overture', 'license': 'CDLA-Permissive-2.0', 'record_id': None, 'update_time': '2026-04-07T10:00:15Z', 'confidence': None, 'between': None}]", "operating_status": "open", "basic_category": "real_estate_service", "taxonomy": "{'primary': 'real_estate_service', 'hierarchy': ['services_and_business', 'real_estate_service'], 'alternates': None}", "version": 6 }, "geometry": { "type": "Point", "coordinates": [ -76.539280307007004, 3.4286643867168 ] } },
{ "type": "Feature", "properties": { "id": "72adee0c-f742-4ee5-ab5a-79adb13a941c", "categories": "{'primary': 'coffee_shop', 'alternate': None}", "confidence": 0.57012778520584106, "websites": null, "emails": [ "cafevanvan.cali@gmail.com" ], "socials": [ "https://www.facebook.com/172344672632392" ], "phones": [ "+573116295745" ], "brand": "{'wikidata': None, 'names': {'primary': None, 'common': None, 'rules': None}}", "addresses": "[{'freeform': 'Calle 15 31', 'locality': 'Cali', 'postcode': '760041', 'region': None, 'country': 'CO'}]", "names": "{'primary': 'Cafe Van Van', 'common': None, 'rules': None}", "sources": "[{'property': '', 'dataset': 'meta', 'license': 'CDLA-Permissive-2.0', 'record_id': '172344672632392', 'update_time': '2026-04-06T00:00:00.000Z', 'confidence': 0.5701277852058411, 'between': None}, {'property': '/properties/confidence', 'dataset': 'Overture', 'license': 'CDLA-Permissive-2.0', 'record_id': None, 'update_time': '2026-04-07T10:00:15Z', 'confidence': None, 'between': None}]", "operating_status": "open", "basic_category": "coffee_shop", "taxonomy": "{'primary': 'coffee_shop', 'hierarchy': ['food_and_drink', 'non_alcoholic_beverage_venue', 'coffee_shop'], 'alternates': None}", "version": 6 }, "geometry": { "type": "Point", "coordinates": [ -76.53923887, 3.42917611 ] } },
{ "type": "Feature", "properties": { "id": "3233983c-f749-4671-92be-d685bd6608f0", "categories": { "primary": "radio_station", "alternate": [ "broadcasting_media_production", "topic_concert_venue" ] }, "confidence": 0.73374611139297485, "websites": [ "http://www.boom991fm.com/" ], "emails": [ "boom991fmcali@gmail.com" ], "socials": [ "https://www.facebook.com/125327880883838" ], "phones": [ "+573107246987" ], "brand": "{'wikidata': None, 'names': {'primary': None, 'common': None, 'rules': None}}", "addresses": "[{'freeform': 'Avenida Roosevelt 34-37', 'locality': 'Cali', 'postcode': '760042', 'region': None, 'country': 'CO'}]", "names": "{'primary': 'Boom 99.1 FM', 'common': None, 'rules': None}", "sources": "[{'property': '', 'dataset': 'meta', 'license': 'CDLA-Permissive-2.0', 'record_id': '125327880883838', 'update_time': '2026-04-06T00:00:00.000Z', 'confidence': 0.7337461113929749, 'between': None}, {'property': '/properties/confidence', 'dataset': 'Overture', 'license': 'CDLA-Permissive-2.0', 'record_id': None, 'update_time': '2026-04-07T10:00:15Z', 'confidence': None, 'between': None}]", "operating_status": "open", "basic_category": "radio_station", "taxonomy": "{'primary': 'radio_station', 'hierarchy': ['services_and_business', 'media_service', 'media_news_company', 'radio_station'], 'alternates': None}", "version": 6 }, "geometry": { "type": "Point", "coordinates": [ -76.53923112, 3.42775343 ] } },
{ "type": "Feature", "properties": { "id": "661837dd-c4f2-49bc-85c2-9f4c511b1307", "categories": { "primary": "broadcasting_media_production", "alternate": [ "radio_station", "topic_concert_venue" ] }, "confidence": 0.50245761871337891, "websites": [ "http://www.lamaximaradio.com/" ], "emails": [ "lamaxima891fmcali@gmail.com" ], "socials": [ "https://www.facebook.com/152842454819158" ], "phones": [ "+573212761688" ], "brand": "{'wikidata': None, 'names': {'primary': None, 'common': None, 'rules': None}}", "addresses": "[{'freeform': 'Avenida Roosevelt 34-37', 'locality': 'Cali', 'postcode': '760042', 'region': None, 'country': 'CO'}]", "names": "{'primary': 'La Máxima', 'common': None, 'rules': None}", "sources": "[{'property': '', 'dataset': 'meta', 'license': 'CDLA-Permissive-2.0', 'record_id': '152842454819158', 'update_time': '2026-04-06T00:00:00.000Z', 'confidence': 0.5024576187133789, 'between': None}, {'property': '/properties/confidence', 'dataset': 'Overture', 'license': 'CDLA-Permissive-2.0', 'record_id': None, 'update_time': '2026-04-07T10:00:15Z', 'confidence': None, 'between': None}]", "operating_status": "open", "basic_category": "media_service", "taxonomy": "{'primary': 'broadcasting_media_production', 'hierarchy': ['services_and_business', 'media_service', 'media_news_company', 'broadcasting_media_production'], 'alternates': None}", "version": 7 }, "geometry": { "type": "Point", "coordinates": [ -76.53922706, 3.4277434 ] } },
{ "type": "Feature", "properties": { "id": "1d4ef8a7-f1df-478b-9500-e8161a36b824", "categories": { "primary": "advertising_agency", "alternate": [ "radio_station", "broadcasting_media_production" ] }, "confidence": 0.85295939445495605, "websites": [ "http://www.redsonoraradio.net/" ], "emails": [ "servicioalcliente@redsonoraradio.com" ], "socials": [ "https://www.facebook.com/335583499899101" ], "phones": [ "+25589000" ], "brand": "{'wikidata': None, 'names': {'primary': None, 'common': None, 'rules': None}}", "addresses": "[{'freeform': 'Avenida Roosevelt 34-37', 'locality': 'Cali', 'postcode': '760042', 'region': None, 'country': 'CO'}]", "names": "{'primary': 'Red Sonora Radio', 'common': None, 'rules': None}", "sources": "[{'property': '', 'dataset': 'meta', 'license': 'CDLA-Permissive-2.0', 'record_id': '335583499899101', 'update_time': '2026-04-06T00:00:00.000Z', 'confidence': 0.852959394454956, 'between': None}, {'property': '/properties/confidence', 'dataset': 'Overture', 'license': 'CDLA-Permissive-2.0', 'record_id': None, 'update_time': '2026-04-07T10:00:15Z', 'confidence': None, 'between': None}]", "operating_status": "open", "basic_category": "professional_service", "taxonomy": "{'primary': 'advertising_agency', 'hierarchy': ['services_and_business', 'professional_service', 'advertising_agency'], 'alternates': None}", "version": 8 }, "geometry": { "type": "Point", "coordinates": [ -76.53912613, 3.42771183 ] } },
{ "type": "Feature", "properties": { "id": "e9f1d772-4f14-4b04-b86f-c8f30a6c994e", "categories": { "primary": "internet_marketing_service", "alternate": [ "web_designer", "information_technology_company" ] }, "confidence": 0.19668841361999512, "websites": [ "http://www.cbdesign.com.co/" ], "emails": [ "contacto@cbdesign.com.co" ], "socials": [ "https://www.facebook.com/1392216644441795" ], "phones": [ "+573164956994" ], "brand": "{'wikidata': None, 'names': {'primary': None, 'common': None, 'rules': None}}", "addresses": "[{'freeform': 'Calle 6 Diagonal 31-44', 'locality': 'Cali', 'postcode': '760042', 'region': None, 'country': 'CO'}]", "names": "{'primary': 'CBdesign', 'common': None, 'rules': None}", "sources": "[{'property': '', 'dataset': 'meta', 'license': 'CDLA-Permissive-2.0', 'record_id': '1392216644441795', 'update_time': '2026-04-06T00:00:00.000Z', 'confidence': 0.19668841361999512, 'between': None}, {'property': '/properties/confidence', 'dataset': 'Overture', 'license': 'CDLA-Permissive-2.0', 'record_id': None, 'update_time': '2026-04-07T10:00:15Z', 'confidence': None, 'between': None}]", "operating_status": "open", "basic_category": "professional_service", "taxonomy": "{'primary': 'internet_marketing_service', 'hierarchy': ['services_and_business', 'professional_service', 'internet_marketing_service'], 'alternates': None}", "version": 6 }, "geometry": { "type": "Point", "coordinates": [ -76.53910075, 3.42885354 ] } },
{ "type": "Feature", "properties": { "id": "1a72938c-3101-4121-abe7-d9ad8e977bb2", "categories": { "primary": "bar", "alternate": [ "pub" ] }, "confidence": 0.43254348635673523, "websites": null, "emails": null, "socials": [ "https://www.facebook.com/265275577305855" ], "phones": [ "+573104487589" ], "brand": "{'wikidata': None, 'names': {'primary': None, 'common': None, 'rules': None}}", "addresses": "[{'freeform': 'Avenida Roosevelt-31', 'locality': 'Cali', 'postcode': '760042', 'region': None, 'country': 'CO'}]", "names": "{'primary': 'Buenos muchachos licorera', 'common': None, 'rules': None}", "sources": "[{'property': '', 'dataset': 'meta', 'license': 'CDLA-Permissive-2.0', 'record_id': '265275577305855', 'update_time': '2026-04-06T00:00:00.000Z', 'confidence': 0.43254348635673523, 'between': None}, {'property': '/properties/confidence', 'dataset': 'Overture', 'license': 'CDLA-Permissive-2.0', 'record_id': None, 'update_time': '2026-04-07T10:00:15Z', 'confidence': None, 'between': None}]", "operating_status": "open", "basic_category": "bar", "taxonomy": "{'primary': 'bar', 'hierarchy': ['food_and_drink', 'alcoholic_beverage_venue', 'bar'], 'alternates': None}", "version": 6 }, "geometry": { "type": "Point", "coordinates": [ -76.53910904, 3.42884314 ] } },
{ "type": "Feature", "properties": { "id": "c2be05b7-da8a-4f99-ae3e-302e0047476d", "categories": { "primary": "cosmetic_and_beauty_supplies", "alternate": [ "beauty_and_spa" ] }, "confidence": 0.51317769289016724, "websites": [ "https://walink.co/9bb97e" ], "emails": null, "socials": [ "https://www.facebook.com/395611740985199" ], "phones": [ "+573153826673" ], "brand": "{'wikidata': None, 'names': {'primary': None, 'common': None, 'rules': None}}", "addresses": "[{'freeform': 'Avenida Roosevelt-31', 'locality': 'Cali', 'postcode': '760042', 'region': None, 'country': 'CO'}]", "names": "{'primary': 'Liluba Cosmetics cali', 'common': None, 'rules': None}", "sources": "[{'property': '', 'dataset': 'meta', 'license': 'CDLA-Permissive-2.0', 'record_id': '395611740985199', 'update_time': '2026-04-06T00:00:00.000Z', 'confidence': 0.5131776928901672, 'between': None}, {'property': '/properties/confidence', 'dataset': 'Overture', 'license': 'CDLA-Permissive-2.0', 'record_id': None, 'update_time': '2026-04-07T10:00:15Z', 'confidence': None, 'between': None}]", "operating_status": "open", "basic_category": "personal_care_and_beauty_store", "taxonomy": "{'primary': 'beauty_supply_store', 'hierarchy': ['shopping', 'specialty_store', 'personal_care_and_beauty_store', 'beauty_supply_store'], 'alternates': None}", "version": 3 }, "geometry": { "type": "Point", "coordinates": [ -76.53910826, 3.42901687 ] } },
{ "type": "Feature", "properties": { "id": "58724ed6-7008-4ac4-b617-ddad26ff5286", "categories": { "primary": "beauty_salon", "alternate": [ "barber", "beauty_and_spa" ] }, "confidence": 0.87511956691741943, "websites": null, "emails": null, "socials": [ "https://www.facebook.com/103752412337957" ], "phones": [ "+573245732800" ], "brand": "{'wikidata': None, 'names': {'primary': None, 'common': None, 'rules': None}}", "addresses": "[{'freeform': 'Avenida Roosevelt Diagonal 31-18', 'locality': 'Cali', 'postcode': '760042', 'region': None, 'country': 'CO'}]", "names": "{'primary': 'Casanova Salon', 'common': None, 'rules': None}", "sources": "[{'property': '', 'dataset': 'meta', 'license': 'CDLA-Permissive-2.0', 'record_id': '103752412337957', 'update_time': '2026-04-06T00:00:00.000Z', 'confidence': 0.8751195669174194, 'between': None}, {'property': '/properties/confidence', 'dataset': 'Overture', 'license': 'CDLA-Permissive-2.0', 'record_id': None, 'update_time': '2026-04-07T10:00:15Z', 'confidence': None, 'between': None}]", "operating_status": "open", "basic_category": "personal_or_beauty_service", "taxonomy": "{'primary': 'beauty_salon', 'hierarchy': ['lifestyle_services', 'personal_or_beauty_service', 'beauty_salon'], 'alternates': None}", "version": 1 }, "geometry": { "type": "Point", "coordinates": [ -76.53909805, 3.42918993 ] } },
{ "type": "Feature", "properties": { "id": "c4e145fd-d731-40a2-aba7-dcd16609a249", "categories": "{'primary': 'furniture_store', 'alternate': None}", "confidence": 0.17745678126811981, "websites": [ "https://wa.link/p28k5n" ], "emails": [ "cardonasierrasas@gmail.com" ], "socials": [ "https://www.facebook.com/104110265093050" ], "phones": [ "+573188155691" ], "brand": "{'wikidata': None, 'names': {'primary': None, 'common': None, 'rules': None}}", "addresses": "[{'freeform': 'Avenida Roosevelt-31', 'locality': 'Cali', 'postcode': '760042', 'region': None, 'country': 'CO'}]", "names": "{'primary': 'Wonder Art Home', 'common': None, 'rules': None}", "sources": "[{'property': '', 'dataset': 'meta', 'license': 'CDLA-Permissive-2.0', 'record_id': '104110265093050', 'update_time': '2026-04-06T00:00:00.000Z', 'confidence': 0.1774567812681198, 'between': None}, {'property': '/properties/confidence', 'dataset': 'Overture', 'license': 'CDLA-Permissive-2.0', 'record_id': None, 'update_time': '2026-04-07T10:00:15Z', 'confidence': None, 'between': None}]", "operating_status": "open", "basic_category": "hardware_home_and_garden_store", "taxonomy": "{'primary': 'furniture_store', 'hierarchy': ['shopping', 'specialty_store', 'hardware_home_and_garden_store', 'furniture_store'], 'alternates': None}", "version": 4 }, "geometry": { "type": "Point", "coordinates": [ -76.53918753, 3.42900013 ] } },
{ "type": "Feature", "properties": { "id": "eaecef19-e4ca-44d1-a2c0-1e12e64a55e8", "categories": { "primary": "restaurant", "alternate": [ "liquor_store", "bar" ] }, "confidence": 0.50537806749343872, "websites": null, "emails": [ "ranchoylicoresdelche@hotmail.com" ], "socials": [ "https://www.facebook.com/125323137544369" ], "phones": null, "brand": "{'wikidata': None, 'names': {'primary': None, 'common': None, 'rules': None}}", "addresses": "[{'freeform': 'Avenida Roosevelt-32', 'locality': 'Cali', 'postcode': '760042', 'region': None, 'country': 'CO'}]", "names": "{'primary': 'Licores De Ole', 'common': None, 'rules': None}", "sources": "[{'property': '', 'dataset': 'meta', 'license': 'CDLA-Permissive-2.0', 'record_id': '125323137544369', 'update_time': '2026-04-06T00:00:00.000Z', 'confidence': 0.5053780674934387, 'between': None}, {'property': '/properties/confidence', 'dataset': 'Overture', 'license': 'CDLA-Permissive-2.0', 'record_id': None, 'update_time': '2026-04-07T10:00:15Z', 'confidence': None, 'between': None}]", "operating_status": "open", "basic_category": "restaurant", "taxonomy": "{'primary': 'restaurant', 'hierarchy': ['food_and_drink', 'restaurant'], 'alternates': None}", "version": 6 }, "geometry": { "type": "Point", "coordinates": [ -76.53915331, 3.43017574 ] } },
{ "type": "Feature", "properties": { "id": "0e8eac3d-5db4-4db8-be6a-934e63f4047d", "categories": { "primary": "restaurant", "alternate": [ "cajun_and_creole_restaurant" ] }, "confidence": 0.59700071811676025, "websites": [ "http://www.restaurantebudadeoro.com" ], "emails": null, "socials": [ "https://www.facebook.com/110120818683659" ], "phones": [ "+25562433" ], "brand": "{'wikidata': None, 'names': {'primary': None, 'common': None, 'rules': None}}", "addresses": "[{'freeform': 'Avenida Roosevelt 30-96', 'locality': 'Cali', 'postcode': '760042', 'region': None, 'country': 'CO'}]", "names": "{'primary': 'Buda De Oro', 'common': None, 'rules': None}", "sources": "[{'property': '', 'dataset': 'meta', 'license': 'CDLA-Permissive-2.0', 'record_id': '110120818683659', 'update_time': '2026-04-06T00:00:00.000Z', 'confidence': 0.5970007181167603, 'between': None}, {'property': '/properties/confidence', 'dataset': 'Overture', 'license': 'CDLA-Permissive-2.0', 'record_id': None, 'update_time': '2026-04-07T10:00:15Z', 'confidence': None, 'between': None}]", "operating_status": "open", "basic_category": "restaurant", "taxonomy": "{'primary': 'restaurant', 'hierarchy': ['food_and_drink', 'restaurant'], 'alternates': None}", "version": 8 }, "geometry": { "type": "Point", "coordinates": [ -76.53919173, 3.43025117 ] } },
{ "type": "Feature", "properties": { "id": "f53b0ce6-b358-4b47-8c16-18350c5d4267", "categories": { "primary": "dentist", "alternate": [ "general_dentistry" ] }, "confidence": 0.45394816994667053, "websites": [ "http://www.hbortodonciainvisible.com" ], "emails": [ "obandoospina02@gmail.com" ], "socials": [ "https://www.facebook.com/811118988750861" ], "phones": [ "+25556444" ], "brand": "{'wikidata': None, 'names': {'primary': None, 'common': None, 'rules': None}}", "addresses": "[{'freeform': 'Calle 5C 29-97', 'locality': 'Cali', 'postcode': '760042', 'region': None, 'country': 'CO'}]", "names": "{'primary': 'Odontosanos', 'common': None, 'rules': None}", "sources": "[{'property': '', 'dataset': 'meta', 'license': 'CDLA-Permissive-2.0', 'record_id': '811118988750861', 'update_time': '2026-04-06T00:00:00.000Z', 'confidence': 0.45394816994667053, 'between': None}, {'property': '/properties/confidence', 'dataset': 'Overture', 'license': 'CDLA-Permissive-2.0', 'record_id': None, 'update_time': '2026-04-07T10:00:15Z', 'confidence': None, 'between': None}]", "operating_status": "open", "basic_category": "dental_clinic", "taxonomy": "{'primary': 'dental_clinic', 'hierarchy': ['health_care', 'outpatient_care_facility', 'dental_clinic'], 'alternates': None}", "version": 1 }, "geometry": { "type": "Point", "coordinates": [ -76.53912625, 3.43097317 ] } },
{ "type": "Feature", "properties": { "id": "bc7940fb-f60e-47e5-b3a0-75c3dec82d12", "categories": { "primary": "motorcycle_dealer", "alternate": [ "active_life", "education" ] }, "confidence": 0.33247041702270508, "websites": null, "emails": [ "arteagaconcesionario@gmail.com" ], "socials": [ "https://www.facebook.com/620323737996008" ], "phones": [ "+573057629642" ], "brand": "{'wikidata': None, 'names': {'primary': None, 'common': None, 'rules': None}}", "addresses": "[{'freeform': 'Avenida Roosevelt 29-124', 'locality': 'Cali', 'postcode': '760042', 'region': None, 'country': 'CO'}]", "names": "{'primary': 'Arteaga Concesionario', 'common': None, 'rules': None}", "sources": "[{'property': '', 'dataset': 'meta', 'license': 'CDLA-Permissive-2.0', 'record_id': '620323737996008', 'update_time': '2026-04-06T00:00:00.000Z', 'confidence': 0.3324704170227051, 'between': None}, {'property': '/properties/confidence', 'dataset': 'Overture', 'license': 'CDLA-Permissive-2.0', 'record_id': None, 'update_time': '2026-04-07T10:00:15Z', 'confidence': None, 'between': None}]", "operating_status": "open", "basic_category": "vehicle_dealer", "taxonomy": "{'primary': 'motorcycle_dealer', 'hierarchy': ['shopping', 'vehicle_dealer', 'motorcycle_dealer'], 'alternates': None}", "version": 3 }, "geometry": { "type": "Point", "coordinates": [ -76.53910857, 3.43074159 ] } },
{ "type": "Feature", "properties": { "id": "f2af3d73-c450-4fad-9cbf-5c5c17d7ff87", "categories": "{'primary': 'chicken_restaurant', 'alternate': None}", "confidence": 0.77, "websites": [ "http://www.frisby.com.co" ], "emails": null, "socials": null, "phones": null, "brand": null, "addresses": "[{'freeform': 'Calle 6 #29 -132', 'locality': 'Cali', 'postcode': None, 'region': None, 'country': 'CO'}]", "names": "{'primary': 'Frisby', 'common': None, 'rules': None}", "sources": "[{'property': '', 'dataset': 'Foursquare', 'license': 'Apache-2.0', 'record_id': '50db2b0fe4b0275bf1a9ad0b', 'update_time': '2026-03-03T00:00:00.000', 'confidence': 0.77, 'between': None}, {'property': '/properties/confidence', 'dataset': 'Overture', 'license': 'CDLA-Permissive-2.0', 'record_id': None, 'update_time': '2026-04-07T10:00:15Z', 'confidence': None, 'between': None}]", "operating_status": "open", "basic_category": "restaurant", "taxonomy": "{'primary': 'chicken_restaurant', 'hierarchy': ['food_and_drink', 'restaurant', 'meat_restaurant', 'chicken_restaurant'], 'alternates': None}", "version": 1 }, "geometry": { "type": "Point", "coordinates": [ -76.539099932511277, 3.430594292025333 ] } },
{ "type": "Feature", "properties": { "id": "4f311e6d-991f-47b0-a7ed-40c68f14ab79", "categories": { "primary": "bakery", "alternate": [ "fast_food_restaurant", "restaurant" ] }, "confidence": 0.83245736360549927, "websites": [ "https://www.productoslalocura.com/" ], "emails": [ "serviciocliente@productoslalocura.com" ], "socials": [ "https://www.facebook.com/113900425336339" ], "phones": [ "+5725542020" ], "brand": "{'wikidata': None, 'names': {'primary': None, 'common': None, 'rules': None}}", "addresses": "[{'freeform': 'Avenida Roosevelt 30-54', 'locality': 'Cali', 'postcode': '760042', 'region': None, 'country': 'CO'}]", "names": "{'primary': 'La Locura', 'common': None, 'rules': None}", "sources": "[{'property': '', 'dataset': 'meta', 'license': 'CDLA-Permissive-2.0', 'record_id': '113900425336339', 'update_time': '2026-04-06T00:00:00.000Z', 'confidence': 0.8324573636054993, 'between': None}, {'property': '/properties/confidence', 'dataset': 'Overture', 'license': 'CDLA-Permissive-2.0', 'record_id': None, 'update_time': '2026-04-07T10:00:15Z', 'confidence': None, 'between': None}]", "operating_status": "open", "basic_category": "casual_eatery", "taxonomy": "{'primary': 'bakery', 'hierarchy': ['food_and_drink', 'casual_eatery', 'bakery'], 'alternates': None}", "version": 6 }, "geometry": { "type": "Point", "coordinates": [ -76.53910855, 3.42982001 ] } },
{ "type": "Feature", "properties": { "id": "bcbebf4b-c3b7-4fb9-9a2f-1e3580698846", "categories": { "primary": "veterinarian", "alternate": [ "pet_services", "shopping" ] }, "confidence": 0.54084312915802002, "websites": null, "emails": [ "planetapez@live.com" ], "socials": [ "https://www.facebook.com/379807448784400" ], "phones": null, "brand": "{'wikidata': None, 'names': {'primary': None, 'common': None, 'rules': None}}", "addresses": "[{'freeform': 'Avenida Roosevelt 30-82', 'locality': 'Cali', 'postcode': '760042', 'region': None, 'country': 'CO'}]", "names": "{'primary': 'Planeta Pez', 'common': None, 'rules': None}", "sources": "[{'property': '', 'dataset': 'meta', 'license': 'CDLA-Permissive-2.0', 'record_id': '379807448784400', 'update_time': '2026-04-06T00:00:00.000Z', 'confidence': 0.54084312915802, 'between': None}, {'property': '/properties/confidence', 'dataset': 'Overture', 'license': 'CDLA-Permissive-2.0', 'record_id': None, 'update_time': '2026-04-07T10:00:15Z', 'confidence': None, 'between': None}]", "operating_status": "open", "basic_category": "animal_or_pet_service", "taxonomy": "{'primary': 'veterinarian', 'hierarchy': ['lifestyle_services', 'animal_or_pet_service', 'veterinary_care', 'veterinarian'], 'alternates': None}", "version": 1 }, "geometry": { "type": "Point", "coordinates": [ -76.539127421092999, 3.4298237036558 ] } },
{ "type": "Feature", "properties": { "id": "fb3e159e-68be-4088-a6b9-f15bf45d3107", "categories": { "primary": "automotive_parts_and_accessories", "alternate": [ "automotive", "auto_company" ] }, "confidence": 0.92010051012039185, "websites": [ "https://www.autobatteryshopcali.com.co/" ], "emails": [ "autobatteryshop@gmail.com" ], "socials": [ "https://www.facebook.com/373513369798438" ], "phones": [ "+573003459692" ], "brand": "{'wikidata': None, 'names': {'primary': None, 'common': None, 'rules': None}}", "addresses": "[{'freeform': 'Avenida Roosevelt-30', 'locality': 'Cali', 'postcode': '760042', 'region': None, 'country': 'CO'}]", "names": "{'primary': 'Auto Battery Shop', 'common': None, 'rules': None}", "sources": "[{'property': '', 'dataset': 'meta', 'license': 'CDLA-Permissive-2.0', 'record_id': '373513369798438', 'update_time': '2026-04-06T00:00:00.000Z', 'confidence': 0.9201005101203918, 'between': None}, {'property': '/properties/confidence', 'dataset': 'Overture', 'license': 'CDLA-Permissive-2.0', 'record_id': None, 'update_time': '2026-04-07T10:00:15Z', 'confidence': None, 'between': None}]", "operating_status": "open", "basic_category": "vehicle_parts_store", "taxonomy": "{'primary': 'auto_parts_store', 'hierarchy': ['shopping', 'specialty_store', 'vehicle_parts_store', 'auto_parts_store'], 'alternates': None}", "version": 6 }, "geometry": { "type": "Point", "coordinates": [ -76.53912426, 3.42945272 ] } },
{ "type": "Feature", "properties": { "id": "a5350f0f-5931-40e7-868b-a3e24b7e2936", "categories": { "primary": "clothing_store", "alternate": [ "fashion", "flowers_and_gifts_shop" ] }, "confidence": 0.34988465905189514, "websites": [ "http://www.estampadosfusion.com/" ], "emails": [ "estampadosfusion.cali@gmail.com" ], "socials": [ "https://www.facebook.com/231082160347611" ], "phones": [ "+573145942278" ], "brand": "{'wikidata': None, 'names': {'primary': None, 'common': None, 'rules': None}}", "addresses": "[{'freeform': 'al lado de la Fábrica La Locura, Av. Roosevelt #30-82', 'locality': 'Cali', 'postcode': '760042', 'region': None, 'country': 'CO'}]", "names": "{'primary': 'Be Fusion Estampados Cali', 'common': None, 'rules': None}", "sources": "[{'property': '', 'dataset': 'meta', 'license': 'CDLA-Permissive-2.0', 'record_id': '231082160347611', 'update_time': '2026-04-06T00:00:00.000Z', 'confidence': 0.34988465905189514, 'between': None}, {'property': '/properties/confidence', 'dataset': 'Overture', 'license': 'CDLA-Permissive-2.0', 'record_id': None, 'update_time': '2026-04-07T10:00:15Z', 'confidence': None, 'between': None}]", "operating_status": "open", "basic_category": "fashion_and_apparel_store", "taxonomy": "{'primary': 'clothing_store', 'hierarchy': ['shopping', 'fashion_and_apparel_store', 'clothing_store'], 'alternates': None}", "version": 7 }, "geometry": { "type": "Point", "coordinates": [ -76.53907002, 3.42954298 ] } },
{ "type": "Feature", "properties": { "id": "617a56b2-6e82-4b3d-b885-63982ae80ad1", "categories": { "primary": "church_cathedral", "alternate": [ "catholic_church" ] }, "confidence": 0.79966825246810913, "websites": null, "emails": null, "socials": [ "https://www.facebook.com/477615282284260" ], "phones": [ "+25566669" ], "brand": "{'wikidata': None, 'names': {'primary': None, 'common': None, 'rules': None}}", "addresses": "[{'freeform': 'Calle 6 29-71', 'locality': 'Cali', 'postcode': '760042', 'region': None, 'country': 'CO'}]", "names": "{'primary': 'Capilla Nuestra Señora De La Medalla Milagrosa', 'common': None, 'rules': None}", "sources": "[{'property': '', 'dataset': 'meta', 'license': 'CDLA-Permissive-2.0', 'record_id': '477615282284260', 'update_time': '2026-04-06T00:00:00.000Z', 'confidence': 0.7996682524681091, 'between': None}, {'property': '/properties/confidence', 'dataset': 'Overture', 'license': 'CDLA-Permissive-2.0', 'record_id': None, 'update_time': '2026-04-07T10:00:15Z', 'confidence': None, 'between': None}]", "operating_status": "open", "basic_category": "christian_place_of_worship", "taxonomy": "{'primary': 'christian_place_of_worship', 'hierarchy': ['cultural_and_historic', 'religious_organization', 'place_of_worship', 'christian_place_of_worship'], 'alternates': None}", "version": 7 }, "geometry": { "type": "Point", "coordinates": [ -76.53905771, 3.43106434 ] } },
{ "type": "Feature", "properties": { "id": "8bf21ef5-aa7f-4d92-9bfd-0a4414283bac", "categories": { "primary": "bookstore", "alternate": [ "education", "comic_books_store" ] }, "confidence": 0.50463765859603882, "websites": null, "emails": null, "socials": [ "https://www.facebook.com/111585980597461" ], "phones": [ "+576016333300" ], "brand": "{'wikidata': None, 'names': {'primary': None, 'common': None, 'rules': None}}", "addresses": "[{'freeform': 'Avenida Roosevelt-29', 'locality': 'Cali', 'postcode': '760042', 'region': None, 'country': 'CO'}]", "names": "{'primary': 'Books and Books', 'common': None, 'rules': None}", "sources": "[{'property': '', 'dataset': 'meta', 'license': 'CDLA-Permissive-2.0', 'record_id': '111585980597461', 'update_time': '2026-04-06T00:00:00.000Z', 'confidence': 0.5046376585960388, 'between': None}, {'property': '/properties/confidence', 'dataset': 'Overture', 'license': 'CDLA-Permissive-2.0', 'record_id': None, 'update_time': '2026-04-07T10:00:15Z', 'confidence': None, 'between': None}]", "operating_status": "open", "basic_category": "books_music_and_video_store", "taxonomy": "{'primary': 'bookstore', 'hierarchy': ['shopping', 'specialty_store', 'books_music_and_video_store', 'bookstore'], 'alternates': None}", "version": 8 }, "geometry": { "type": "Point", "coordinates": [ -76.53904217, 3.43083797 ] } },
{ "type": "Feature", "properties": { "id": "83cacff0-ce40-44e3-bc48-33543d2296a7", "categories": { "primary": "business_manufacturing_and_supply", "alternate": [ "retail", "shopping" ] }, "confidence": 0.95515799522399902, "websites": [ "http://Ferrollavesyserviciosortiz.com/" ], "emails": [ "ortizandrew@hotmail.es" ], "socials": [ "https://www.facebook.com/110726316275531" ], "phones": [ "+573122879923" ], "brand": "{'wikidata': None, 'names': {'primary': None, 'common': None, 'rules': None}}", "addresses": "[{'freeform': 'Avenida Roosevelt 29-104', 'locality': 'Cali', 'postcode': '760042', 'region': None, 'country': 'CO'}]", "names": "{'primary': 'Ferrollaves y Servicios Ortiz Cali', 'common': None, 'rules': None}", "sources": "[{'property': '', 'dataset': 'meta', 'license': 'CDLA-Permissive-2.0', 'record_id': '110726316275531', 'update_time': '2026-04-06T00:00:00.000Z', 'confidence': 0.955157995223999, 'between': None}, {'property': '/properties/confidence', 'dataset': 'Overture', 'license': 'CDLA-Permissive-2.0', 'record_id': None, 'update_time': '2026-04-07T10:00:15Z', 'confidence': None, 'between': None}]", "operating_status": "open", "basic_category": "manufacturer", "taxonomy": "{'primary': 'manufacturer', 'hierarchy': ['services_and_business', 'b2b_service', 'manufacturer'], 'alternates': None}", "version": 8 }, "geometry": { "type": "Point", "coordinates": [ -76.53903594, 3.43087754 ] } },
{ "type": "Feature", "properties": { "id": "569fa39a-9493-4008-b43e-fc3ebdf0bc4b", "categories": { "primary": "appliance_repair_service", "alternate": [ "shopping", "hardware_store" ] }, "confidence": 0.47662687301635742, "websites": [ "http://centraldeherramientascali.com/" ], "emails": null, "socials": [ "https://www.facebook.com/411539372287169" ], "phones": [ "+573173612206" ], "brand": "{'wikidata': None, 'names': {'primary': None, 'common': None, 'rules': None}}", "addresses": "[{'freeform': 'Av. Roosevelt #29 - 126', 'locality': 'Cali', 'postcode': '760042', 'region': None, 'country': 'CO'}]", "names": "{'primary': 'Central de Herramientas Cali', 'common': None, 'rules': None}", "sources": "[{'property': '', 'dataset': 'meta', 'license': 'CDLA-Permissive-2.0', 'record_id': '411539372287169', 'update_time': '2026-04-06T00:00:00.000Z', 'confidence': 0.4766268730163574, 'between': None}, {'property': '/properties/confidence', 'dataset': 'Overture', 'license': 'CDLA-Permissive-2.0', 'record_id': None, 'update_time': '2026-04-07T10:00:15Z', 'confidence': None, 'between': None}]", "operating_status": "open", "basic_category": "home_service", "taxonomy": "{'primary': 'appliance_repair_service', 'hierarchy': ['services_and_business', 'home_service', 'appliance_repair_service'], 'alternates': None}", "version": 7 }, "geometry": { "type": "Point", "coordinates": [ -76.5390212, 3.43066119 ] } },
{ "type": "Feature", "properties": { "id": "84461a2a-df76-44e2-a01b-359e35114d97", "categories": { "primary": "real_estate", "alternate": [ "real_estate_agent" ] }, "confidence": 0.90888916194438929, "websites": [ "https://www.paginasamarillas.com.co/empresas/biera-inmobiliaria-sas/cali-16803858?ad=80250764" ], "emails": [ "gerencia@bierainmobiliaria.com.co" ], "socials": [ "https://www.facebook.com/373633109463711" ], "phones": [ "+573155771383" ], "brand": "{'wikidata': None, 'names': {'primary': None, 'common': None, 'rules': None}}", "addresses": "[{'freeform': 'Avenida Roosevelt-31', 'locality': 'Cali', 'postcode': '760042', 'region': None, 'country': 'CO'}]", "names": "{'primary': 'Biera Inmobiliaria S.A.S', 'common': None, 'rules': None}", "sources": "[{'property': '', 'dataset': 'meta', 'license': 'CDLA-Permissive-2.0', 'record_id': '373633109463711', 'update_time': '2026-04-06T00:00:00.000Z', 'confidence': 0.603865921497345, 'between': None}, {'property': '/properties/confidence', 'dataset': 'Overture', 'license': 'CDLA-Permissive-2.0', 'record_id': None, 'update_time': '2026-04-07T10:00:15Z', 'confidence': None, 'between': None}]", "operating_status": "open", "basic_category": "real_estate_service", "taxonomy": "{'primary': 'real_estate_service', 'hierarchy': ['services_and_business', 'real_estate_service'], 'alternates': None}", "version": 7 }, "geometry": { "type": "Point", "coordinates": [ -76.53908275, 3.42903844 ] } },
{ "type": "Feature", "properties": { "id": "5f8f7cd5-7636-4dec-9aee-b578efa56645", "categories": { "primary": "chicken_restaurant", "alternate": [ "restaurant", "fast_food_restaurant" ] }, "confidence": 0.93874716758728027, "websites": [ "http://www.polloscrispi.com/" ], "emails": [ "grupocrispi@hotmail.com" ], "socials": [ "https://www.facebook.com/205827899490940" ], "phones": [ "+573164444040" ], "brand": "{'wikidata': None, 'names': {'primary': None, 'common': None, 'rules': None}}", "addresses": "[{'freeform': 'Avenida Roosevelt 34-05', 'locality': 'Cali', 'postcode': '760042', 'region': None, 'country': 'CO'}]", "names": "{'primary': 'Pollos Crispi', 'common': None, 'rules': None}", "sources": "[{'property': '', 'dataset': 'meta', 'license': 'CDLA-Permissive-2.0', 'record_id': '205827899490940', 'update_time': '2026-04-06T00:00:00.000Z', 'confidence': 0.9387471675872803, 'between': None}, {'property': '/properties/confidence', 'dataset': 'Overture', 'license': 'CDLA-Permissive-2.0', 'record_id': None, 'update_time': '2026-04-07T10:00:15Z', 'confidence': None, 'between': None}]", "operating_status": "open", "basic_category": "restaurant", "taxonomy": "{'primary': 'chicken_restaurant', 'hierarchy': ['food_and_drink', 'restaurant', 'meat_restaurant', 'chicken_restaurant'], 'alternates': None}", "version": 8 }, "geometry": { "type": "Point", "coordinates": [ -76.53907615, 3.42798412 ] } },
{ "type": "Feature", "properties": { "id": "15e8efba-c54c-49f3-8750-87aafd07eca3", "categories": "{'primary': 'radio_station', 'alternate': None}", "confidence": 0.41506674885749817, "websites": [ "http://www.sonora1500am.com/" ], "emails": null, "socials": [ "https://www.facebook.com/231866246845448" ], "phones": [ "+573145068555" ], "brand": "{'wikidata': None, 'names': {'primary': None, 'common': None, 'rules': None}}", "addresses": "[{'freeform': 'Avenida Roosevelt 34-37', 'locality': 'Cali', 'postcode': '760042', 'region': None, 'country': 'CO'}]", "names": "{'primary': 'Sonora1500am', 'common': None, 'rules': None}", "sources": "[{'property': '', 'dataset': 'meta', 'license': 'CDLA-Permissive-2.0', 'record_id': '231866246845448', 'update_time': '2026-04-06T00:00:00.000Z', 'confidence': 0.41506674885749817, 'between': None}, {'property': '/properties/confidence', 'dataset': 'Overture', 'license': 'CDLA-Permissive-2.0', 'record_id': None, 'update_time': '2026-04-07T10:00:15Z', 'confidence': None, 'between': None}]", "operating_status": "open", "basic_category": "radio_station", "taxonomy": "{'primary': 'radio_station', 'hierarchy': ['services_and_business', 'media_service', 'media_news_company', 'radio_station'], 'alternates': None}", "version": 6 }, "geometry": { "type": "Point", "coordinates": [ -76.53905, 3.42782 ] } },
{ "type": "Feature", "properties": { "id": "25c90edd-0817-4b5f-8f5e-75db947cfe79", "categories": "{'primary': 'fashion_accessories_store', 'alternate': None}", "confidence": 0.2621137797832489, "websites": null, "emails": [ "adselite9@gmail.com" ], "socials": [ "https://www.facebook.com/384080691462406" ], "phones": [ "+573044838193" ], "brand": "{'wikidata': None, 'names': {'primary': None, 'common': None, 'rules': None}}", "addresses": "[{'freeform': 'Calle 6 34-19', 'locality': 'Cali', 'postcode': '760042', 'region': None, 'country': 'CO'}]", "names": "{'primary': 'Importadora Elite', 'common': None, 'rules': None}", "sources": "[{'property': '', 'dataset': 'meta', 'license': 'CDLA-Permissive-2.0', 'record_id': '384080691462406', 'update_time': '2026-04-06T00:00:00.000Z', 'confidence': 0.2621137797832489, 'between': None}, {'property': '/properties/confidence', 'dataset': 'Overture', 'license': 'CDLA-Permissive-2.0', 'record_id': None, 'update_time': '2026-04-07T10:00:15Z', 'confidence': None, 'between': None}]", "operating_status": "open", "basic_category": "fashion_and_apparel_store", "taxonomy": "{'primary': 'fashion_accessories_store', 'hierarchy': ['shopping', 'fashion_and_apparel_store', 'fashion_accessories_store'], 'alternates': None}", "version": 1 }, "geometry": { "type": "Point", "coordinates": [ -76.539, 3.42794 ] } },
{ "type": "Feature", "properties": { "id": "de0f35fc-2d02-4e02-9418-2c74c61ea3ed", "categories": { "primary": "desserts", "alternate": [ "candy_store", "cupcake_shop" ] }, "confidence": 0.64270919561386108, "websites": null, "emails": [ "franco.pasteleria.cali@gmail.com" ], "socials": [ "https://www.facebook.com/230754524149084" ], "phones": [ "+573154446581" ], "brand": "{'wikidata': None, 'names': {'primary': None, 'common': None, 'rules': None}}", "addresses": "[{'freeform': 'Calle 6 34-19', 'locality': 'Cali', 'postcode': '760042', 'region': None, 'country': 'CO'}]", "names": "{'primary': 'FRANCO Pastelería', 'common': None, 'rules': None}", "sources": "[{'property': '', 'dataset': 'meta', 'license': 'CDLA-Permissive-2.0', 'record_id': '230754524149084', 'update_time': '2026-04-06T00:00:00.000Z', 'confidence': 0.6427091956138611, 'between': None}, {'property': '/properties/confidence', 'dataset': 'Overture', 'license': 'CDLA-Permissive-2.0', 'record_id': None, 'update_time': '2026-04-07T10:00:15Z', 'confidence': None, 'between': None}]", "operating_status": "open", "basic_category": "casual_eatery", "taxonomy": "{'primary': 'dessert_shop', 'hierarchy': ['food_and_drink', 'casual_eatery', 'dessert_shop'], 'alternates': None}", "version": 6 }, "geometry": { "type": "Point", "coordinates": [ -76.539, 3.42794 ] } },
{ "type": "Feature", "properties": { "id": "c684cfb1-38f6-43ca-b16b-52068e65bbe9", "categories": { "primary": "restaurant", "alternate": [ "caterer", "fast_food_restaurant" ] }, "confidence": 0.60634678602218628, "websites": [ "http://www.cisa.gov.co/" ], "emails": [ "lasucursalexpress@gmail.com" ], "socials": [ "https://www.facebook.com/176134145925998" ], "phones": [ "+573188248178" ], "brand": "{'wikidata': None, 'names': {'primary': None, 'common': None, 'rules': None}}", "addresses": "[{'freeform': 'Calle 6 34-9', 'locality': 'Cali', 'postcode': '760042', 'region': None, 'country': 'CO'}]", "names": "{'primary': 'La Sucursal', 'common': None, 'rules': None}", "sources": "[{'property': '', 'dataset': 'meta', 'license': 'CDLA-Permissive-2.0', 'record_id': '176134145925998', 'update_time': '2026-04-06T00:00:00.000Z', 'confidence': 0.6063467860221863, 'between': None}, {'property': '/properties/confidence', 'dataset': 'Overture', 'license': 'CDLA-Permissive-2.0', 'record_id': None, 'update_time': '2026-04-07T10:00:15Z', 'confidence': None, 'between': None}]", "operating_status": "open", "basic_category": "restaurant", "taxonomy": "{'primary': 'restaurant', 'hierarchy': ['food_and_drink', 'restaurant'], 'alternates': None}", "version": 8 }, "geometry": { "type": "Point", "coordinates": [ -76.53897, 3.42801 ] } },
{ "type": "Feature", "properties": { "id": "c562329a-1ab3-4a3e-9359-bb684a640e4c", "categories": "{'primary': 'general_dentistry', 'alternate': None}", "confidence": 0.45371276140213013, "websites": [ "https://www.instagram.com/drfelipecontecha/?hl=es-la" ], "emails": [ "drfelipecontecha@gmail.com" ], "socials": [ "https://www.facebook.com/1536641289775250" ], "phones": [ "+573175670387" ], "brand": "{'wikidata': None, 'names': {'primary': None, 'common': None, 'rules': None}}", "addresses": "[{'freeform': 'Carrera 6-32', 'locality': 'Cali', 'postcode': '760044', 'region': None, 'country': 'CO'}]", "names": "{'primary': 'Dr Felipe Contecha', 'common': None, 'rules': None}", "sources": "[{'property': '', 'dataset': 'meta', 'license': 'CDLA-Permissive-2.0', 'record_id': '1536641289775250', 'update_time': '2026-04-06T00:00:00.000Z', 'confidence': 0.4537127614021301, 'between': None}, {'property': '/properties/confidence', 'dataset': 'Overture', 'license': 'CDLA-Permissive-2.0', 'record_id': None, 'update_time': '2026-04-07T10:00:15Z', 'confidence': None, 'between': None}]", "operating_status": "open", "basic_category": "dental_clinic", "taxonomy": "{'primary': 'general_dentistry', 'hierarchy': ['health_care', 'outpatient_care_facility', 'dental_clinic', 'general_dentistry'], 'alternates': None}", "version": 9 }, "geometry": { "type": "Point", "coordinates": [ -76.53896185, 3.42774442 ] } },
{ "type": "Feature", "properties": { "id": "2cfe576c-d725-493f-8e72-5da3885f2446", "categories": { "primary": "accountant", "alternate": [ "financial_advising" ] }, "confidence": 0.28795653581619263, "websites": null, "emails": [ "auditoria@alphasas.co" ], "socials": [ "https://www.facebook.com/110934928236710" ], "phones": [ "+573175384456" ], "brand": "{'wikidata': None, 'names': {'primary': None, 'common': None, 'rules': None}}", "addresses": "[{'freeform': 'Carrera 34 6-42', 'locality': 'Cali', 'postcode': '760042', 'region': None, 'country': 'CO'}]", "names": "{'primary': 'Tax Contadores Sas', 'common': None, 'rules': None}", "sources": "[{'property': '', 'dataset': 'meta', 'license': 'CDLA-Permissive-2.0', 'record_id': '110934928236710', 'update_time': '2026-04-06T00:00:00.000Z', 'confidence': 0.2879565358161926, 'between': None}, {'property': '/properties/confidence', 'dataset': 'Overture', 'license': 'CDLA-Permissive-2.0', 'record_id': None, 'update_time': '2026-04-07T10:00:15Z', 'confidence': None, 'between': None}]", "operating_status": "open", "basic_category": "financial_service", "taxonomy": "{'primary': 'accountant', 'hierarchy': ['services_and_business', 'financial_service', 'accountant'], 'alternates': None}", "version": 6 }, "geometry": { "type": "Point", "coordinates": [ -76.53885142, 3.4277056 ] } },
{ "type": "Feature", "properties": { "id": "b1d7431f-edcb-41c9-93ae-2784a90294cb", "categories": "{'primary': 'gas_station', 'alternate': None}", "confidence": 0.35674175620079041, "websites": null, "emails": null, "socials": [ "https://www.facebook.com/103542223099379" ], "phones": null, "brand": "{'wikidata': None, 'names': {'primary': None, 'common': None, 'rules': None}}", "addresses": "[{'freeform': 'Cl. 7 #629 #6- a', 'locality': 'Cali', 'postcode': '760044', 'region': None, 'country': 'CO'}]", "names": "{'primary': 'Estacion de Servicio', 'common': None, 'rules': None}", "sources": "[{'property': '', 'dataset': 'meta', 'license': 'CDLA-Permissive-2.0', 'record_id': '103542223099379', 'update_time': '2026-04-06T00:00:00.000Z', 'confidence': 0.3567417562007904, 'between': None}, {'property': '/properties/confidence', 'dataset': 'Overture', 'license': 'CDLA-Permissive-2.0', 'record_id': None, 'update_time': '2026-04-07T10:00:15Z', 'confidence': None, 'between': None}]", "operating_status": "open", "basic_category": "gas_station", "taxonomy": "{'primary': 'gas_station', 'hierarchy': ['travel_and_transportation', 'fueling_station', 'gas_station'], 'alternates': None}", "version": 7 }, "geometry": { "type": "Point", "coordinates": [ -76.53884158, 3.42839479 ] } },
{ "type": "Feature", "properties": { "id": "dda2462b-79a3-4958-a94b-9b0493b1cf88", "categories": "{'primary': 'gas_station', 'alternate': None}", "confidence": 0.4, "websites": null, "emails": null, "socials": null, "phones": null, "brand": "{'wikidata': 'Q775060', 'names': {'primary': 'Texaco', 'common': None, 'rules': []}}", "addresses": "[{'freeform': 'Calle 6, No. 31-32, 3 de Julio, Cali, Valle del Cauca, Colombia', 'locality': 'Cali', 'postcode': None, 'region': None, 'country': 'CO'}]", "names": "{'primary': 'Combuscol Estadio', 'common': None, 'rules': []}", "sources": "[{'property': '', 'dataset': 'AllThePlaces', 'license': 'CC0-1.0', 'record_id': 'B32ccGRcuT4IwAg8cVecAtYFXJQ=', 'update_time': '2026-03-31T04:54:24.000Z', 'confidence': 0.4, 'between': None}, {'property': '/properties/confidence', 'dataset': 'Overture', 'license': 'CDLA-Permissive-2.0', 'record_id': None, 'update_time': '2026-04-07T10:00:15Z', 'confidence': None, 'between': None}]", "operating_status": "open", "basic_category": "gas_station", "taxonomy": "{'primary': 'gas_station', 'hierarchy': ['travel_and_transportation', 'fueling_station', 'gas_station'], 'alternates': None}", "version": 2 }, "geometry": { "type": "Point", "coordinates": [ -76.538827, 3.429011 ] } },
{ "type": "Feature", "properties": { "id": "e45ed1b4-8a84-4e15-869f-b2ca01e128d6", "categories": { "primary": "gas_station", "alternate": [ "convenience_store", "oil_change_station" ] }, "confidence": 0.81525397300720215, "websites": null, "emails": null, "socials": [ "https://www.facebook.com/187292588836384" ], "phones": [ "+576025567972" ], "brand": "{'wikidata': None, 'names': {'primary': None, 'common': None, 'rules': None}}", "addresses": "[{'freeform': 'Avenida Roosevelt-31', 'locality': 'Cali', 'postcode': '760042', 'region': None, 'country': 'CO'}]", "names": "{'primary': 'Texaco', 'common': None, 'rules': None}", "sources": "[{'property': '', 'dataset': 'meta', 'license': 'CDLA-Permissive-2.0', 'record_id': '187292588836384', 'update_time': '2026-04-06T00:00:00.000Z', 'confidence': 0.8152539730072021, 'between': None}, {'property': '/properties/confidence', 'dataset': 'Overture', 'license': 'CDLA-Permissive-2.0', 'record_id': None, 'update_time': '2026-04-07T10:00:15Z', 'confidence': None, 'between': None}]", "operating_status": "open", "basic_category": "gas_station", "taxonomy": "{'primary': 'gas_station', 'hierarchy': ['travel_and_transportation', 'fueling_station', 'gas_station'], 'alternates': None}", "version": 6 }, "geometry": { "type": "Point", "coordinates": [ -76.5388523, 3.42868435 ] } },
{ "type": "Feature", "properties": { "id": "16a68caa-3004-4bdf-a5b4-f613cdb970d1", "categories": "{'primary': 'fast_food_restaurant', 'alternate': None}", "confidence": 0.39231082797050476, "websites": null, "emails": null, "socials": [ "https://www.facebook.com/303961213538608" ], "phones": null, "brand": "{'wikidata': None, 'names': {'primary': None, 'common': None, 'rules': None}}", "addresses": "[{'freeform': '', 'locality': 'Cali', 'postcode': '', 'region': None, 'country': 'CO'}]", "names": "{'primary': \"Monchi's Gourmet\", 'common': None, 'rules': None}", "sources": "[{'property': '', 'dataset': 'meta', 'license': 'CDLA-Permissive-2.0', 'record_id': '303961213538608', 'update_time': '2026-04-06T00:00:00.000Z', 'confidence': 0.39231082797050476, 'between': None}, {'property': '/properties/confidence', 'dataset': 'Overture', 'license': 'CDLA-Permissive-2.0', 'record_id': None, 'update_time': '2026-04-07T10:00:15Z', 'confidence': None, 'between': None}]", "operating_status": "open", "basic_category": "fast_food_restaurant", "taxonomy": "{'primary': 'fast_food_restaurant', 'hierarchy': ['food_and_drink', 'casual_eatery', 'fast_food_restaurant'], 'alternates': None}", "version": 5 }, "geometry": { "type": "Point", "coordinates": [ -76.538861, 3.42882 ] } },
{ "type": "Feature", "properties": { "id": "a39091af-cb5f-492f-b985-f615e3bf7cd0", "categories": { "primary": "college_university", "alternate": [ "specialty_school" ] }, "confidence": 0.93719297647476196, "websites": [ "https://www.flowcode.com/page/tpcres" ], "emails": [ "francisco.lopez.doc@corpocres.edu.co" ], "socials": [ "https://www.facebook.com/512517178882441" ], "phones": [ "+24892141" ], "brand": "{'wikidata': None, 'names': {'primary': None, 'common': None, 'rules': None}}", "addresses": "[{'freeform': 'Calle 6-23', 'locality': 'Cali', 'postcode': '760042', 'region': None, 'country': 'CO'}]", "names": "{'primary': 'Corporación Regional de Educación Superior CRES', 'common': None, 'rules': None}", "sources": "[{'property': '', 'dataset': 'meta', 'license': 'CDLA-Permissive-2.0', 'record_id': '512517178882441', 'update_time': '2026-04-06T00:00:00.000Z', 'confidence': 0.937192976474762, 'between': None}, {'property': '/properties/confidence', 'dataset': 'Overture', 'license': 'CDLA-Permissive-2.0', 'record_id': None, 'update_time': '2026-04-07T10:00:15Z', 'confidence': None, 'between': None}]", "operating_status": "open", "basic_category": "college_university", "taxonomy": "{'primary': 'college_university', 'hierarchy': ['education', 'place_of_learning', 'college_university'], 'alternates': None}", "version": 1 }, "geometry": { "type": "Point", "coordinates": [ -76.53884658, 3.42964899 ] } },
{ "type": "Feature", "properties": { "id": "ac9c99ac-98dc-40ff-a30f-f1dc9b2eb013", "categories": { "primary": "veterinarian", "alternate": [ "pet_groomer", "pet_services" ] }, "confidence": 0.72757714986801147, "websites": null, "emails": [ "tiendanimaldelsur@gmail.com" ], "socials": [ "https://www.facebook.com/256198374481626" ], "phones": [ "+573007373787" ], "brand": "{'wikidata': None, 'names': {'primary': None, 'common': None, 'rules': None}}", "addresses": "[{'freeform': 'Avenida Roosevelt 30-15', 'locality': 'Cali', 'postcode': '760042', 'region': None, 'country': 'CO'}]", "names": "{'primary': 'Tiendanimaldelsur', 'common': None, 'rules': None}", "sources": "[{'property': '', 'dataset': 'meta', 'license': 'CDLA-Permissive-2.0', 'record_id': '256198374481626', 'update_time': '2026-04-06T00:00:00.000Z', 'confidence': 0.7275771498680115, 'between': None}, {'property': '/properties/confidence', 'dataset': 'Overture', 'license': 'CDLA-Permissive-2.0', 'record_id': None, 'update_time': '2026-04-07T10:00:15Z', 'confidence': None, 'between': None}]", "operating_status": "open", "basic_category": "animal_or_pet_service", "taxonomy": "{'primary': 'veterinarian', 'hierarchy': ['lifestyle_services', 'animal_or_pet_service', 'veterinary_care', 'veterinarian'], 'alternates': None}", "version": 3 }, "geometry": { "type": "Point", "coordinates": [ -76.538802767073165, 3.429922596341463 ] } },
{ "type": "Feature", "properties": { "id": "3c17ca2f-ebf5-441a-9a68-22859864fd58", "categories": { "primary": "health_and_medical", "alternate": [ "pharmacy" ] }, "confidence": 0.57230830192565918, "websites": null, "emails": [ "medivallesas@hotmail.com" ], "socials": [ "https://www.facebook.com/1871497969833396" ], "phones": null, "brand": "{'wikidata': None, 'names': {'primary': None, 'common': None, 'rules': None}}", "addresses": "[{'freeform': 'CRA 31 N6 11', 'locality': 'Cali', 'postcode': None, 'region': None, 'country': 'CO'}]", "names": "{'primary': 'CRC Medivalle SAS', 'common': None, 'rules': None}", "sources": "[{'property': '', 'dataset': 'meta', 'license': 'CDLA-Permissive-2.0', 'record_id': '1871497969833396', 'update_time': '2026-04-06T00:00:00.000Z', 'confidence': 0.5723083019256592, 'between': None}, {'property': '/properties/confidence', 'dataset': 'Overture', 'license': 'CDLA-Permissive-2.0', 'record_id': None, 'update_time': '2026-04-07T10:00:15Z', 'confidence': None, 'between': None}]", "operating_status": "open", "basic_category": null, "taxonomy": "{'primary': 'health_care', 'hierarchy': ['health_care'], 'alternates': None}", "version": 7 }, "geometry": { "type": "Point", "coordinates": [ -76.5388674, 3.429428 ] } },
{ "type": "Feature", "properties": { "id": "7ccb7020-cf71-4943-bdef-85c39a8e1683", "categories": { "primary": "church_cathedral", "alternate": [ "baptist_church" ] }, "confidence": 0.74049568176269531, "websites": [ "http://www.ipuc.org.co" ], "emails": null, "socials": [ "https://www.facebook.com/1866099563633786" ], "phones": [ "+25568023" ], "brand": "{'wikidata': None, 'names': {'primary': None, 'common': None, 'rules': None}}", "addresses": "[{'freeform': 'Calle 6 30A-47', 'locality': 'Cali', 'postcode': '760042', 'region': None, 'country': 'CO'}]", "names": "{'primary': 'Iglesia Bautista de San Fernando', 'common': None, 'rules': None}", "sources": "[{'property': '', 'dataset': 'meta', 'license': 'CDLA-Permissive-2.0', 'record_id': '1866099563633786', 'update_time': '2026-04-06T00:00:00.000Z', 'confidence': 0.7404956817626953, 'between': None}, {'property': '/properties/confidence', 'dataset': 'Overture', 'license': 'CDLA-Permissive-2.0', 'record_id': None, 'update_time': '2026-04-07T10:00:15Z', 'confidence': None, 'between': None}]", "operating_status": "open", "basic_category": "christian_place_of_worship", "taxonomy": "{'primary': 'christian_place_of_worship', 'hierarchy': ['cultural_and_historic', 'religious_organization', 'place_of_worship', 'christian_place_of_worship'], 'alternates': None}", "version": 6 }, "geometry": { "type": "Point", "coordinates": [ -76.53892856, 3.4296744 ] } },
{ "type": "Feature", "properties": { "id": "4fa1ee9d-4b8f-4efc-bc1a-4ef22118b70b", "categories": "{'primary': 'motorcycle_dealer', 'alternate': None}", "confidence": 0.41220429539680481, "websites": null, "emails": null, "socials": [ "https://www.facebook.com/100678608776612" ], "phones": [ "+573155964294" ], "brand": "{'wikidata': None, 'names': {'primary': None, 'common': None, 'rules': None}}", "addresses": "[{'freeform': 'Avenida Roosevelt 28-18', 'locality': 'Cali', 'postcode': '760042', 'region': None, 'country': 'CO'}]", "names": "{'primary': 'Yamaha Regnier y CIA Roosevelt', 'common': None, 'rules': None}", "sources": "[{'property': '', 'dataset': 'meta', 'license': 'CDLA-Permissive-2.0', 'record_id': '100678608776612', 'update_time': '2026-04-06T00:00:00.000Z', 'confidence': 0.4122042953968048, 'between': None}, {'property': '/properties/confidence', 'dataset': 'Overture', 'license': 'CDLA-Permissive-2.0', 'record_id': None, 'update_time': '2026-04-07T10:00:15Z', 'confidence': None, 'between': None}]", "operating_status": "open", "basic_category": "vehicle_dealer", "taxonomy": "{'primary': 'motorcycle_dealer', 'hierarchy': ['shopping', 'vehicle_dealer', 'motorcycle_dealer'], 'alternates': None}", "version": 7 }, "geometry": { "type": "Point", "coordinates": [ -76.53897121, 3.43232925 ] } },
{ "type": "Feature", "properties": { "id": "38ff5924-bdd5-4088-aa05-be4fac8b4b03", "categories": { "primary": "beauty_and_spa", "alternate": [ "health_and_medical", "beauty_salon" ] }, "confidence": 0.32931894063949585, "websites": [ "http://www.libredepiojos.com/" ], "emails": [ "cabellossanoscali@hotmail.com" ], "socials": [ "https://www.facebook.com/114228718925518" ], "phones": null, "brand": "{'wikidata': None, 'names': {'primary': None, 'common': None, 'rules': None}}", "addresses": "[{'freeform': 'Avenida Roosevelt-5a', 'locality': 'Cali', 'postcode': '760042', 'region': None, 'country': 'CO'}]", "names": "{'primary': 'Adiós Piojos', 'common': None, 'rules': None}", "sources": "[{'property': '', 'dataset': 'meta', 'license': 'CDLA-Permissive-2.0', 'record_id': '114228718925518', 'update_time': '2026-04-06T00:00:00.000Z', 'confidence': 0.32931894063949585, 'between': None}, {'property': '/properties/confidence', 'dataset': 'Overture', 'license': 'CDLA-Permissive-2.0', 'record_id': None, 'update_time': '2026-04-07T10:00:15Z', 'confidence': None, 'between': None}]", "operating_status": "open", "basic_category": "personal_or_beauty_service", "taxonomy": "{'primary': 'beauty_service', 'hierarchy': ['lifestyle_services', 'personal_or_beauty_service'], 'alternates': None}", "version": 1 }, "geometry": { "type": "Point", "coordinates": [ -76.5389328, 3.4324501 ] } },
{ "type": "Feature", "properties": { "id": "717f86dc-008d-4342-9d53-edecb9670e55", "categories": { "primary": "motorcycle_dealer", "alternate": [ "motorcycle_repair" ] }, "confidence": 0.57536017894744873, "websites": null, "emails": null, "socials": [ "https://www.facebook.com/139152129280581" ], "phones": [ "+573132587929" ], "brand": "{'wikidata': None, 'names': {'primary': None, 'common': None, 'rules': None}}", "addresses": "[{'freeform': 'Avenida Roosevelt-29', 'locality': 'Cali', 'postcode': '760042', 'region': None, 'country': 'CO'}]", "names": "{'primary': 'SUMOTO, Av. Rooseltvelt, Cali.', 'common': None, 'rules': None}", "sources": "[{'property': '', 'dataset': 'meta', 'license': 'CDLA-Permissive-2.0', 'record_id': '139152129280581', 'update_time': '2026-04-06T00:00:00.000Z', 'confidence': 0.5753601789474487, 'between': None}, {'property': '/properties/confidence', 'dataset': 'Overture', 'license': 'CDLA-Permissive-2.0', 'record_id': None, 'update_time': '2026-04-07T10:00:15Z', 'confidence': None, 'between': None}]", "operating_status": "open", "basic_category": "vehicle_dealer", "taxonomy": "{'primary': 'motorcycle_dealer', 'hierarchy': ['shopping', 'vehicle_dealer', 'motorcycle_dealer'], 'alternates': None}", "version": 3 }, "geometry": { "type": "Point", "coordinates": [ -76.53890343, 3.43185624 ] } },
{ "type": "Feature", "properties": { "id": "7468f2e7-ef84-4ffd-8cf3-0d95b6a2808f", "categories": { "primary": "motorcycle_manufacturer", "alternate": [ "auto_company", "auto_manufacturers_and_distributors" ] }, "confidence": 0.92409342527389526, "websites": null, "emails": [ "comercialroosvelt@sumoto.com.co" ], "socials": [ "https://www.facebook.com/269976110506238" ], "phones": [ "+573146034739" ], "brand": "{'wikidata': None, 'names': {'primary': None, 'common': None, 'rules': None}}", "addresses": "[{'freeform': 'Avenida Roosevelt 28-61', 'locality': 'Cali', 'postcode': '760042', 'region': None, 'country': 'CO'}]", "names": "{'primary': 'Su Moto S.A.', 'common': None, 'rules': None}", "sources": "[{'property': '', 'dataset': 'meta', 'license': 'CDLA-Permissive-2.0', 'record_id': '269976110506238', 'update_time': '2026-04-06T00:00:00.000Z', 'confidence': 0.9240934252738953, 'between': None}, {'property': '/properties/confidence', 'dataset': 'Overture', 'license': 'CDLA-Permissive-2.0', 'record_id': None, 'update_time': '2026-04-07T10:00:15Z', 'confidence': None, 'between': None}]", "operating_status": "open", "basic_category": "manufacturer", "taxonomy": "{'primary': 'motorcycle_manufacturer', 'hierarchy': ['services_and_business', 'b2b_service', 'manufacturer', 'vehicle_manufacturer', 'motorcycle_manufacturer'], 'alternates': None}", "version": 9 }, "geometry": { "type": "Point", "coordinates": [ -76.5387833, 3.4319001 ] } },
{ "type": "Feature", "properties": { "id": "7a371df1-de3d-48ca-8288-4bd2b92b91f3", "categories": "{'primary': 'travel_company', 'alternate': None}", "confidence": 0.24237555265426636, "websites": [ "http://www.dreamsworldtour.com.co/" ], "emails": [ "dreamsworldcolombia@gmail.com" ], "socials": [ "https://www.facebook.com/253798194482244" ], "phones": [ "+573181343001" ], "brand": "{'wikidata': None, 'names': {'primary': None, 'common': None, 'rules': None}}", "addresses": "[{'freeform': 'Avenida Roosevelt-39', 'locality': 'Cali', 'postcode': '760042', 'region': None, 'country': 'CO'}]", "names": "{'primary': 'Dreams world tour ', 'common': None, 'rules': None}", "sources": "[{'property': '', 'dataset': 'meta', 'license': 'CDLA-Permissive-2.0', 'record_id': '253798194482244', 'update_time': '2026-04-06T00:00:00.000Z', 'confidence': 0.24237555265426636, 'between': None}, {'property': '/properties/confidence', 'dataset': 'Overture', 'license': 'CDLA-Permissive-2.0', 'record_id': None, 'update_time': '2026-04-07T10:00:15Z', 'confidence': None, 'between': None}]", "operating_status": "open", "basic_category": "corporate_or_business_office", "taxonomy": "{'primary': 'travel_company', 'hierarchy': ['services_and_business', 'business', 'travel_company'], 'alternates': None}", "version": 1 }, "geometry": { "type": "Point", "coordinates": [ -76.5388, 3.43221 ] } },
{ "type": "Feature", "properties": { "id": "4a03a652-5b7d-4afe-88ef-2bd6ec755f1a", "categories": { "primary": "restaurant", "alternate": [ "bar" ] }, "confidence": 0.8488120436668396, "websites": null, "emails": null, "socials": [ "https://www.facebook.com/107584327487812" ], "phones": [ "+573125656916" ], "brand": "{'wikidata': None, 'names': {'primary': 'Leños & Carbón', 'common': None, 'rules': None}}", "addresses": "[{'freeform': 'Avenida Roosevelt-39a', 'locality': 'Cali', 'postcode': '760042', 'region': None, 'country': 'CO'}]", "names": "{'primary': 'Leños & Carbón', 'common': None, 'rules': None}", "sources": "[{'property': '', 'dataset': 'meta', 'license': 'CDLA-Permissive-2.0', 'record_id': '107584327487812', 'update_time': '2026-04-06T00:00:00.000Z', 'confidence': 0.8488120436668396, 'between': None}, {'property': '/properties/confidence', 'dataset': 'Overture', 'license': 'CDLA-Permissive-2.0', 'record_id': None, 'update_time': '2026-04-07T10:00:15Z', 'confidence': None, 'between': None}]", "operating_status": "open", "basic_category": "restaurant", "taxonomy": "{'primary': 'restaurant', 'hierarchy': ['food_and_drink', 'restaurant'], 'alternates': None}", "version": 5 }, "geometry": { "type": "Point", "coordinates": [ -76.5388, 3.43221 ] } },
{ "type": "Feature", "properties": { "id": "868c09e0-f773-4621-b194-da13ec3d2e42", "categories": { "primary": "automotive_repair", "alternate": [ "automotive" ] }, "confidence": 0.74839943647384644, "websites": null, "emails": [ "fullcarscali@hotmail.com" ], "socials": [ "https://www.facebook.com/956733287774649" ], "phones": [ "+5723757699" ], "brand": "{'wikidata': None, 'names': {'primary': None, 'common': None, 'rules': None}}", "addresses": "[{'freeform': 'Calle 6-19', 'locality': 'Cali', 'postcode': '760042', 'region': None, 'country': 'CO'}]", "names": "{'primary': 'Full cars Centro Automotriz', 'common': None, 'rules': None}", "sources": "[{'property': '', 'dataset': 'meta', 'license': 'CDLA-Permissive-2.0', 'record_id': '956733287774649', 'update_time': '2026-04-06T00:00:00.000Z', 'confidence': 0.7483994364738464, 'between': None}, {'property': '/properties/confidence', 'dataset': 'Overture', 'license': 'CDLA-Permissive-2.0', 'record_id': None, 'update_time': '2026-04-07T10:00:15Z', 'confidence': None, 'between': None}]", "operating_status": "open", "basic_category": "automotive_service", "taxonomy": "{'primary': 'automotive_repair', 'hierarchy': ['travel_and_transportation', 'vehicle_service', 'automotive_service', 'automotive_repair'], 'alternates': None}", "version": 6 }, "geometry": { "type": "Point", "coordinates": [ -76.5388, 3.43231 ] } },
{ "type": "Feature", "properties": { "id": "d5806257-7b74-4f41-8056-b4dc25091496", "categories": "{'primary': 'automotive_parts_and_accessories', 'alternate': None}", "confidence": 0.52996492385864258, "websites": [ "https://motorepuestosla28.mercadoshops.com.co/" ], "emails": [ "juliocegi88@hotmail.com" ], "socials": [ "https://www.facebook.com/104728552390253" ], "phones": [ "+573183203190" ], "brand": "{'wikidata': None, 'names': {'primary': None, 'common': None, 'rules': None}}", "addresses": "[{'freeform': 'Calle 6-19', 'locality': 'Cali', 'postcode': '760042', 'region': None, 'country': 'CO'}]", "names": "{'primary': 'Motorepuestos La 28 ', 'common': None, 'rules': None}", "sources": "[{'property': '', 'dataset': 'meta', 'license': 'CDLA-Permissive-2.0', 'record_id': '104728552390253', 'update_time': '2026-04-06T00:00:00.000Z', 'confidence': 0.5299649238586426, 'between': None}, {'property': '/properties/confidence', 'dataset': 'Overture', 'license': 'CDLA-Permissive-2.0', 'record_id': None, 'update_time': '2026-04-07T10:00:15Z', 'confidence': None, 'between': None}]", "operating_status": "open", "basic_category": "vehicle_parts_store", "taxonomy": "{'primary': 'auto_parts_store', 'hierarchy': ['shopping', 'specialty_store', 'vehicle_parts_store', 'auto_parts_store'], 'alternates': None}", "version": 6 }, "geometry": { "type": "Point", "coordinates": [ -76.5388, 3.43231 ] } },
{ "type": "Feature", "properties": { "id": "78664446-d48d-4b00-8448-5af097a252b7", "categories": { "primary": "vitamins_and_supplements", "alternate": [ "health_and_medical" ] }, "confidence": 0.64871543645858765, "websites": null, "emails": [ "gruponativossas@gmail.com" ], "socials": [ "https://www.facebook.com/1639705253016549" ], "phones": [ "+573012468419" ], "brand": "{'wikidata': None, 'names': {'primary': None, 'common': None, 'rules': None}}", "addresses": "[{'freeform': 'Calle 6-29', 'locality': 'Cali', 'postcode': '760042', 'region': None, 'country': 'CO'}]", "names": "{'primary': 'Grupo Nativos RYJ S.A.S', 'common': None, 'rules': None}", "sources": "[{'property': '', 'dataset': 'meta', 'license': 'CDLA-Permissive-2.0', 'record_id': '1639705253016549', 'update_time': '2026-04-06T00:00:00.000Z', 'confidence': 0.6487154364585876, 'between': None}, {'property': '/properties/confidence', 'dataset': 'Overture', 'license': 'CDLA-Permissive-2.0', 'record_id': None, 'update_time': '2026-04-07T10:00:15Z', 'confidence': None, 'between': None}]", "operating_status": "open", "basic_category": "food_and_beverage_store", "taxonomy": "{'primary': 'vitamin_and_supplement_store', 'hierarchy': ['shopping', 'food_and_beverage_store', 'vitamin_and_supplement_store'], 'alternates': None}", "version": 7 }, "geometry": { "type": "Point", "coordinates": [ -76.5388, 3.43226 ] } },
{ "type": "Feature", "properties": { "id": "a294ec89-9b12-41ed-a4c8-3e31d9a23876", "categories": "{'primary': 'printing_services', 'alternate': None}", "confidence": 0.32428058981895447, "websites": null, "emails": [ "hrcentrodecopiadocosmo@gmail.com" ], "socials": [ "https://www.facebook.com/1053877864468396" ], "phones": [ "+573178304297" ], "brand": "{'wikidata': None, 'names': {'primary': None, 'common': None, 'rules': None}}", "addresses": "[{'freeform': 'Avenida Roosevelt-5', 'locality': 'Cali', 'postcode': '760042', 'region': None, 'country': 'CO'}]", "names": "{'primary': 'Hr Centro De Copiado Y Personalización', 'common': None, 'rules': None}", "sources": "[{'property': '', 'dataset': 'meta', 'license': 'CDLA-Permissive-2.0', 'record_id': '1053877864468396', 'update_time': '2026-04-06T00:00:00.000Z', 'confidence': 0.32428058981895447, 'between': None}, {'property': '/properties/confidence', 'dataset': 'Overture', 'license': 'CDLA-Permissive-2.0', 'record_id': None, 'update_time': '2026-04-07T10:00:15Z', 'confidence': None, 'between': None}]", "operating_status": "open", "basic_category": "printing_service", "taxonomy": "{'primary': 'printing_service', 'hierarchy': ['services_and_business', 'printing_service'], 'alternates': None}", "version": 1 }, "geometry": { "type": "Point", "coordinates": [ -76.53879, 3.43238 ] } },
{ "type": "Feature", "properties": { "id": "258809dc-c815-4eb2-8655-327bcef4ae61", "categories": { "primary": "construction_services", "alternate": [ "home_improvement_store" ] }, "confidence": 0.54662019014358521, "websites": [ "http://www.cobicivil.com/" ], "emails": [ "info@cobicivil.com" ], "socials": [ "https://www.facebook.com/1359315190764987" ], "phones": [ "+5725586151" ], "brand": "{'wikidata': None, 'names': {'primary': None, 'common': None, 'rules': None}}", "addresses": "[{'freeform': 'Avenida Roosevelt-13', 'locality': 'Cali', 'postcode': '760042', 'region': None, 'country': 'CO'}]", "names": "{'primary': 'Cobicivil SAS', 'common': None, 'rules': None}", "sources": "[{'property': '', 'dataset': 'meta', 'license': 'CDLA-Permissive-2.0', 'record_id': '1359315190764987', 'update_time': '2026-04-06T00:00:00.000Z', 'confidence': 0.5466201901435852, 'between': None}, {'property': '/properties/confidence', 'dataset': 'Overture', 'license': 'CDLA-Permissive-2.0', 'record_id': None, 'update_time': '2026-04-07T10:00:15Z', 'confidence': None, 'between': None}]", "operating_status": "open", "basic_category": "building_or_construction_service", "taxonomy": "{'primary': 'construction_service', 'hierarchy': ['services_and_business', 'building_or_construction_service'], 'alternates': None}", "version": 1 }, "geometry": { "type": "Point", "coordinates": [ -76.5388, 3.43234 ] } },
{ "type": "Feature", "properties": { "id": "bb23b79f-5665-49a7-872b-31d5f8e7a6be", "categories": { "primary": "motorcycle_dealer", "alternate": [ "automotive", "motorcycle_manufacturer" ] }, "confidence": 0.97826732933521265, "websites": [ "http://www.suzuki.com.co/motocicletas" ], "emails": [ "yasminserna.suzuki@gmail.com" ], "socials": [ "https://www.facebook.com/271590640024455" ], "phones": [ "+573146034739" ], "brand": "{'wikidata': None, 'names': {'primary': None, 'common': None, 'rules': None}}", "addresses": "[{'freeform': 'Avenida Roosevelt 28-61', 'locality': 'Cali', 'postcode': '760042', 'region': None, 'country': 'CO'}]", "names": "{'primary': 'Suzuki', 'common': None, 'rules': None}", "sources": "[{'property': '', 'dataset': 'meta', 'license': 'CDLA-Permissive-2.0', 'record_id': '271590640024455', 'update_time': '2026-04-06T00:00:00.000Z', 'confidence': 0.9055101275444031, 'between': None}, {'property': '/properties/confidence', 'dataset': 'Overture', 'license': 'CDLA-Permissive-2.0', 'record_id': None, 'update_time': '2026-04-07T10:00:15Z', 'confidence': None, 'between': None}]", "operating_status": "open", "basic_category": "vehicle_dealer", "taxonomy": "{'primary': 'motorcycle_dealer', 'hierarchy': ['shopping', 'vehicle_dealer', 'motorcycle_dealer'], 'alternates': None}", "version": 6 }, "geometry": { "type": "Point", "coordinates": [ -76.53884099, 3.43195668 ] } },
{ "type": "Feature", "properties": { "id": "ba1a910e-0492-41c0-aaf3-fd47fa9cee92", "categories": { "primary": "travel_services", "alternate": [ "tours", "travel_company" ] }, "confidence": 0.36168301105499268, "websites": null, "emails": [ "gerencia.recreo@gmail.com" ], "socials": [ "https://www.facebook.com/112672993620202" ], "phones": [ "+573162750509" ], "brand": "{'wikidata': None, 'names': {'primary': None, 'common': None, 'rules': None}}", "addresses": "[{'freeform': 'Avenida Roosevelt-27', 'locality': 'Cali', 'postcode': '760042', 'region': None, 'country': 'CO'}]", "names": "{'primary': 'Viajepormenos.co.', 'common': None, 'rules': None}", "sources": "[{'property': '', 'dataset': 'meta', 'license': 'CDLA-Permissive-2.0', 'record_id': '112672993620202', 'update_time': '2026-04-06T00:00:00.000Z', 'confidence': 0.3616830110549927, 'between': None}, {'property': '/properties/confidence', 'dataset': 'Overture', 'license': 'CDLA-Permissive-2.0', 'record_id': None, 'update_time': '2026-04-07T10:00:15Z', 'confidence': None, 'between': None}]", "operating_status": "open", "basic_category": "travel_service", "taxonomy": "{'primary': 'travel_service', 'hierarchy': ['travel_and_transportation', 'travel_service'], 'alternates': None}", "version": 1 }, "geometry": { "type": "Point", "coordinates": [ -76.53879938, 3.43301145 ] } },
{ "type": "Feature", "properties": { "id": "5ae8c9f7-4a4c-4450-addd-32589ce80664", "categories": "{'primary': 'motorcycle_repair', 'alternate': None}", "confidence": 0.33555376529693604, "websites": [ "https://www.moteroshop.com/" ], "emails": [ "servicioalcliente@moteroshop.com" ], "socials": [ "https://www.facebook.com/351162228652778" ], "phones": [ "+573226893234" ], "brand": "{'wikidata': None, 'names': {'primary': None, 'common': None, 'rules': None}}", "addresses": "[{'freeform': 'Avenida Roosevelt 27-11', 'locality': 'Cali', 'postcode': '760042', 'region': None, 'country': 'CO'}]", "names": "{'primary': 'Moteros Shop', 'common': None, 'rules': None}", "sources": "[{'property': '', 'dataset': 'meta', 'license': 'CDLA-Permissive-2.0', 'record_id': '351162228652778', 'update_time': '2026-04-06T00:00:00.000Z', 'confidence': 0.33555376529693604, 'between': None}, {'property': '/properties/confidence', 'dataset': 'Overture', 'license': 'CDLA-Permissive-2.0', 'record_id': None, 'update_time': '2026-04-07T10:00:15Z', 'confidence': None, 'between': None}]", "operating_status": "open", "basic_category": "vehicle_service", "taxonomy": "{'primary': 'motorcycle_repair', 'hierarchy': ['travel_and_transportation', 'vehicle_service', 'motorcycle_service', 'motorcycle_repair'], 'alternates': None}", "version": 6 }, "geometry": { "type": "Point", "coordinates": [ -76.53878976, 3.43313996 ] } },
{ "type": "Feature", "properties": { "id": "27c57e52-3b14-41f4-afbc-e031fb99cee2", "categories": { "primary": "restaurant", "alternate": [ "food_delivery_service", "caterer" ] }, "confidence": 0.36569589376449585, "websites": [ "http://www.cazejas.com/" ], "emails": null, "socials": [ "https://www.facebook.com/371661643206561" ], "phones": [ "+573004209615" ], "brand": "{'wikidata': None, 'names': {'primary': None, 'common': None, 'rules': None}}", "addresses": "[{'freeform': 'Avenida Roosevelt 27', 'locality': 'Cali', 'postcode': '760042', 'region': None, 'country': 'CO'}]", "names": "{'primary': 'Cocina Cazejas', 'common': None, 'rules': None}", "sources": "[{'property': '', 'dataset': 'meta', 'license': 'CDLA-Permissive-2.0', 'record_id': '371661643206561', 'update_time': '2026-04-06T00:00:00.000Z', 'confidence': 0.36569589376449585, 'between': None}, {'property': '/properties/confidence', 'dataset': 'Overture', 'license': 'CDLA-Permissive-2.0', 'record_id': None, 'update_time': '2026-04-07T10:00:15Z', 'confidence': None, 'between': None}]", "operating_status": "open", "basic_category": "restaurant", "taxonomy": "{'primary': 'restaurant', 'hierarchy': ['food_and_drink', 'restaurant'], 'alternates': None}", "version": 6 }, "geometry": { "type": "Point", "coordinates": [ -76.5387957, 3.43289748 ] } },
{ "type": "Feature", "properties": { "id": "8481564f-53b0-47e3-868b-bbb94df3b48e", "categories": { "primary": "travel_services", "alternate": [ "travel_company", "tours" ] }, "confidence": 0.73283547163009644, "websites": [ "http://vitaltourytravel.com/" ], "emails": [ "gonzalezsgerman@gmail.com" ], "socials": [ "https://www.facebook.com/104074038596420" ], "phones": [ "+573166784900" ], "brand": "{'wikidata': None, 'names': {'primary': None, 'common': None, 'rules': None}}", "addresses": "[{'freeform': 'Avenida Roosevelt 27', 'locality': 'Cali', 'postcode': '760042', 'region': None, 'country': 'CO'}]", "names": "{'primary': 'Vital Tour and Travel', 'common': None, 'rules': None}", "sources": "[{'property': '', 'dataset': 'meta', 'license': 'CDLA-Permissive-2.0', 'record_id': '104074038596420', 'update_time': '2026-04-06T00:00:00.000Z', 'confidence': 0.7328354716300964, 'between': None}, {'property': '/properties/confidence', 'dataset': 'Overture', 'license': 'CDLA-Permissive-2.0', 'record_id': None, 'update_time': '2026-04-07T10:00:15Z', 'confidence': None, 'between': None}]", "operating_status": "open", "basic_category": "travel_service", "taxonomy": "{'primary': 'travel_service', 'hierarchy': ['travel_and_transportation', 'travel_service'], 'alternates': None}", "version": 8 }, "geometry": { "type": "Point", "coordinates": [ -76.53877411, 3.43291636 ] } },
{ "type": "Feature", "properties": { "id": "c3be0c58-9444-4c0e-bbbb-f3348591fb98", "categories": { "primary": "financial_service", "alternate": [ "professional_services" ] }, "confidence": 0.066258542239665985, "websites": [ "https://www.intercambiosculturales.net/" ], "emails": [ "apvilla@grupobss.com" ], "socials": [ "https://www.facebook.com/685352838531485" ], "phones": [ "+573155617178" ], "brand": "{'wikidata': None, 'names': {'primary': None, 'common': None, 'rules': None}}", "addresses": "[{'freeform': 'Av. Roosevelt #27-27', 'locality': 'Cali', 'postcode': '760042', 'region': None, 'country': 'CO'}]", "names": "{'primary': 'Intercambios Culturales', 'common': None, 'rules': None}", "sources": "[{'property': '', 'dataset': 'meta', 'license': 'CDLA-Permissive-2.0', 'record_id': '685352838531485', 'update_time': '2026-04-06T00:00:00.000Z', 'confidence': 0.06625854223966599, 'between': None}, {'property': '/properties/confidence', 'dataset': 'Overture', 'license': 'CDLA-Permissive-2.0', 'record_id': None, 'update_time': '2026-04-07T10:00:15Z', 'confidence': None, 'between': None}]", "operating_status": "open", "basic_category": "financial_service", "taxonomy": "{'primary': 'financial_service', 'hierarchy': ['services_and_business', 'financial_service'], 'alternates': None}", "version": 7 }, "geometry": { "type": "Point", "coordinates": [ -76.53877898, 3.43290552 ] } },
{ "type": "Feature", "properties": { "id": "58461ac0-2dbb-4ca7-bb3a-2517806a62f3", "categories": { "primary": "spas", "alternate": [ "school", "beauty_and_spa" ] }, "confidence": 0.87841743230819702, "websites": [ "https://escuelaesteticadanellymendez.com/" ], "emails": [ "escuelaesteticadanellymendez@gmail.com" ], "socials": [ "https://www.facebook.com/149453995147803" ], "phones": [ "+573015266980" ], "brand": "{'wikidata': None, 'names': {'primary': None, 'common': None, 'rules': None}}", "addresses": "[{'freeform': 'Avenida Roosevelt 27', 'locality': 'Cali', 'postcode': '760042', 'region': None, 'country': 'CO'}]", "names": "{'primary': 'School of Esthetics Danelly Mendez', 'common': None, 'rules': None}", "sources": "[{'property': '', 'dataset': 'meta', 'license': 'CDLA-Permissive-2.0', 'record_id': '149453995147803', 'update_time': '2026-04-06T00:00:00.000Z', 'confidence': 0.878417432308197, 'between': None}, {'property': '/properties/confidence', 'dataset': 'Overture', 'license': 'CDLA-Permissive-2.0', 'record_id': None, 'update_time': '2026-04-07T10:00:15Z', 'confidence': None, 'between': None}]", "operating_status": "open", "basic_category": "wellness_service", "taxonomy": "{'primary': 'spa', 'hierarchy': ['lifestyle_services', 'wellness_service', 'spa'], 'alternates': None}", "version": 1 }, "geometry": { "type": "Point", "coordinates": [ -76.5387674, 3.43294624 ] } },
{ "type": "Feature", "properties": { "id": "d16a5802-d780-4b79-b507-7abb9068b15e", "categories": "{'primary': 'restaurant', 'alternate': None}", "confidence": 0.51733720302581787, "websites": [ "https://menu.pirpos.com/menu/62b8c44db3e74b05f5ea73a4" ], "emails": [ "burgervillecol@gmail.com" ], "socials": [ "https://www.facebook.com/100822389421485" ], "phones": [ "+573127769337" ], "brand": "{'wikidata': None, 'names': {'primary': None, 'common': None, 'rules': None}}", "addresses": "[{'freeform': 'Carrera 27 5C-46', 'locality': 'Cali', 'postcode': '760042', 'region': None, 'country': 'CO'}]", "names": "{'primary': 'Burger Ville', 'common': None, 'rules': None}", "sources": "[{'property': '', 'dataset': 'meta', 'license': 'CDLA-Permissive-2.0', 'record_id': '100822389421485', 'update_time': '2026-04-06T00:00:00.000Z', 'confidence': 0.5173372030258179, 'between': None}, {'property': '/properties/confidence', 'dataset': 'Overture', 'license': 'CDLA-Permissive-2.0', 'record_id': None, 'update_time': '2026-04-07T10:00:15Z', 'confidence': None, 'between': None}]", "operating_status": "open", "basic_category": "restaurant", "taxonomy": "{'primary': 'restaurant', 'hierarchy': ['food_and_drink', 'restaurant'], 'alternates': None}", "version": 7 }, "geometry": { "type": "Point", "coordinates": [ -76.538850590587003, 3.4340530588708 ] } },
{ "type": "Feature", "properties": { "id": "25b4dec2-8338-4a0b-9c32-a92c552319b6", "categories": { "primary": "motorcycle_dealer", "alternate": [ "motorcycle_repair", "automotive_dealer" ] }, "confidence": 0.96684306859970093, "websites": [ "https://onx.la/63504" ], "emails": [ "ecomotosayn@gmail.com" ], "socials": [ "https://www.facebook.com/1629012774086523" ], "phones": [ "+573173784205" ], "brand": "{'wikidata': None, 'names': {'primary': None, 'common': None, 'rules': None}}", "addresses": "[{'freeform': 'Avenida Roosevelt 26-50', 'locality': 'Cali', 'postcode': '760042', 'region': None, 'country': 'CO'}]", "names": "{'primary': 'Ecomotos A&N', 'common': None, 'rules': None}", "sources": "[{'property': '', 'dataset': 'meta', 'license': 'CDLA-Permissive-2.0', 'record_id': '1629012774086523', 'update_time': '2026-04-06T00:00:00.000Z', 'confidence': 0.9668430685997009, 'between': None}, {'property': '/properties/confidence', 'dataset': 'Overture', 'license': 'CDLA-Permissive-2.0', 'record_id': None, 'update_time': '2026-04-07T10:00:15Z', 'confidence': None, 'between': None}]", "operating_status": "open", "basic_category": "vehicle_dealer", "taxonomy": "{'primary': 'motorcycle_dealer', 'hierarchy': ['shopping', 'vehicle_dealer', 'motorcycle_dealer'], 'alternates': None}", "version": 6 }, "geometry": { "type": "Point", "coordinates": [ -76.53889732, 3.43386916 ] } },
{ "type": "Feature", "properties": { "id": "4dc9bb3d-41ce-4cff-b394-011e310f50cb", "categories": { "primary": "clothing_store", "alternate": [ "sports_museum" ] }, "confidence": 0.71631312370300293, "websites": null, "emails": null, "socials": [ "https://www.facebook.com/2040240859573483" ], "phones": [ "+573146745532" ], "brand": "{'wikidata': None, 'names': {'primary': None, 'common': None, 'rules': None}}", "addresses": "[{'freeform': 'Avenida Roosevelt 26-34', 'locality': 'Cali', 'postcode': '760042', 'region': None, 'country': 'CO'}]", "names": "{'primary': 'Tentaciones Eroticas', 'common': None, 'rules': None}", "sources": "[{'property': '', 'dataset': 'meta', 'license': 'CDLA-Permissive-2.0', 'record_id': '2040240859573483', 'update_time': '2026-04-06T00:00:00.000Z', 'confidence': 0.7163131237030029, 'between': None}, {'property': '/properties/confidence', 'dataset': 'Overture', 'license': 'CDLA-Permissive-2.0', 'record_id': None, 'update_time': '2026-04-07T10:00:15Z', 'confidence': None, 'between': None}]", "operating_status": "open", "basic_category": "fashion_and_apparel_store", "taxonomy": "{'primary': 'clothing_store', 'hierarchy': ['shopping', 'fashion_and_apparel_store', 'clothing_store'], 'alternates': None}", "version": 6 }, "geometry": { "type": "Point", "coordinates": [ -76.53888045, 3.43399488 ] } },
{ "type": "Feature", "properties": { "id": "2f1d5ffe-4a60-4f24-be95-367efa8539fb", "categories": { "primary": "health_food_store", "alternate": [ "health_and_medical", "hospital" ] }, "confidence": 0.61760878562927246, "websites": [ "http://www.ronvar.com" ], "emails": null, "socials": [ "https://www.facebook.com/1409412475966688" ], "phones": [ "+5725567285" ], "brand": "{'wikidata': None, 'names': {'primary': None, 'common': None, 'rules': None}}", "addresses": "[{'freeform': 'Calle 26 Norte Avenida 5A', 'locality': 'Cali', 'postcode': '760046', 'region': None, 'country': 'CO'}]", "names": "{'primary': 'Vida Natural', 'common': None, 'rules': None}", "sources": "[{'property': '', 'dataset': 'meta', 'license': 'CDLA-Permissive-2.0', 'record_id': '1409412475966688', 'update_time': '2026-04-06T00:00:00.000Z', 'confidence': 0.6176087856292725, 'between': None}, {'property': '/properties/confidence', 'dataset': 'Overture', 'license': 'CDLA-Permissive-2.0', 'record_id': None, 'update_time': '2026-04-07T10:00:15Z', 'confidence': None, 'between': None}]", "operating_status": "open", "basic_category": "food_and_beverage_store", "taxonomy": "{'primary': 'health_food_store', 'hierarchy': ['shopping', 'food_and_beverage_store', 'health_food_store'], 'alternates': None}", "version": 3 }, "geometry": { "type": "Point", "coordinates": [ -76.53888576, 3.43399989 ] } },
{ "type": "Feature", "properties": { "id": "cb1e36e9-5846-42f8-ab00-9f037a118777", "categories": "{'primary': 'education', 'alternate': None}", "confidence": 0.50101995468139648, "websites": null, "emails": [ "hernanvolveras@gmail.com" ], "socials": [ "https://www.facebook.com/691212210745039" ], "phones": [ "+573105070445" ], "brand": "{'wikidata': None, 'names': {'primary': None, 'common': None, 'rules': None}}", "addresses": "[{'freeform': 'Av. Roosevelt #75, 3 de Julio, Cali, Valle del Cauca', 'locality': 'Cali', 'postcode': '760001', 'region': None, 'country': 'CO'}]", "names": "{'primary': 'EVA cirugia corporal', 'common': None, 'rules': None}", "sources": "[{'property': '', 'dataset': 'meta', 'license': 'CDLA-Permissive-2.0', 'record_id': '691212210745039', 'update_time': '2026-04-06T00:00:00.000Z', 'confidence': 0.5010199546813965, 'between': None}, {'property': '/properties/confidence', 'dataset': 'Overture', 'license': 'CDLA-Permissive-2.0', 'record_id': None, 'update_time': '2026-04-07T10:00:15Z', 'confidence': None, 'between': None}]", "operating_status": "open", "basic_category": null, "taxonomy": "{'primary': 'education', 'hierarchy': ['education'], 'alternates': None}", "version": 6 }, "geometry": { "type": "Point", "coordinates": [ -76.53889, 3.43284 ] } },
{ "type": "Feature", "properties": { "id": "938d4ebc-3a50-45a1-a7c5-0a59e40a16e0", "categories": { "primary": "motorcycle_dealer", "alternate": [ "motorcycle_repair", "automotive_dealer" ] }, "confidence": 0.89288848638534546, "websites": [ "http://www.honda.com.co" ], "emails": null, "socials": [ "https://www.facebook.com/100719923120244" ], "phones": [ "+22296918" ], "brand": "{'wikidata': None, 'names': {'primary': 'honda grupo supermotos', 'common': None, 'rules': None}}", "addresses": "[{'freeform': 'Avenida Roosevelt 27-65', 'locality': 'Cali', 'postcode': '760042', 'region': None, 'country': 'CO'}]", "names": "{'primary': 'Honda Supercali', 'common': None, 'rules': None}", "sources": "[{'property': '', 'dataset': 'meta', 'license': 'CDLA-Permissive-2.0', 'record_id': '100719923120244', 'update_time': '2026-04-06T00:00:00.000Z', 'confidence': 0.8928884863853455, 'between': None}, {'property': '/properties/confidence', 'dataset': 'Overture', 'license': 'CDLA-Permissive-2.0', 'record_id': None, 'update_time': '2026-04-07T10:00:15Z', 'confidence': None, 'between': None}]", "operating_status": "open", "basic_category": "vehicle_dealer", "taxonomy": "{'primary': 'motorcycle_dealer', 'hierarchy': ['shopping', 'vehicle_dealer', 'motorcycle_dealer'], 'alternates': None}", "version": 9 }, "geometry": { "type": "Point", "coordinates": [ -76.53888826, 3.43290346 ] } },
{ "type": "Feature", "properties": { "id": "e0ee7aac-a565-4010-bf38-aaca7115d9b0", "categories": { "primary": "automotive_repair", "alternate": [ "automotive_dealer", "auto_company" ] }, "confidence": 0.92449438571929932, "websites": [ "https://wa.link/tk2otx" ], "emails": [ "clinicadelrayonsedeprincipal@gmail.com" ], "socials": [ "https://www.facebook.com/1313869255356078" ], "phones": [ "+573108914875" ], "brand": "{'wikidata': None, 'names': {'primary': None, 'common': None, 'rules': None}}", "addresses": "[{'freeform': 'Avenida Roosevelt 26-90', 'locality': 'Cali', 'postcode': '760042', 'region': None, 'country': 'CO'}]", "names": "{'primary': 'Clínica del Rayón', 'common': None, 'rules': None}", "sources": "[{'property': '', 'dataset': 'meta', 'license': 'CDLA-Permissive-2.0', 'record_id': '1313869255356078', 'update_time': '2026-04-06T00:00:00.000Z', 'confidence': 0.9244943857192993, 'between': None}, {'property': '/properties/confidence', 'dataset': 'Overture', 'license': 'CDLA-Permissive-2.0', 'record_id': None, 'update_time': '2026-04-07T10:00:15Z', 'confidence': None, 'between': None}]", "operating_status": "open", "basic_category": "automotive_service", "taxonomy": "{'primary': 'automotive_repair', 'hierarchy': ['travel_and_transportation', 'vehicle_service', 'automotive_service', 'automotive_repair'], 'alternates': None}", "version": 8 }, "geometry": { "type": "Point", "coordinates": [ -76.53892347, 3.43344222 ] } },
{ "type": "Feature", "properties": { "id": "2deaf57d-a986-4f14-ad4d-d4dec7213801", "categories": { "primary": "costume_store", "alternate": [ "fashion_accessories_store", "hat_shop" ] }, "confidence": 0.58912885189056396, "websites": [ "http://www.abracadabradisfraces.com/" ], "emails": [ "abcdisfracescali@gmail.com" ], "socials": [ "https://www.facebook.com/284415591686288" ], "phones": [ "+573207344877" ], "brand": "{'wikidata': None, 'names': {'primary': None, 'common': None, 'rules': None}}", "addresses": "[{'freeform': 'Avenida Roosevelt 26-86', 'locality': 'Cali', 'postcode': '760042', 'region': None, 'country': 'CO'}]", "names": "{'primary': 'Abra Cadabra Costumes', 'common': None, 'rules': None}", "sources": "[{'property': '', 'dataset': 'meta', 'license': 'CDLA-Permissive-2.0', 'record_id': '284415591686288', 'update_time': '2026-04-06T00:00:00.000Z', 'confidence': 0.589128851890564, 'between': None}, {'property': '/properties/confidence', 'dataset': 'Overture', 'license': 'CDLA-Permissive-2.0', 'record_id': None, 'update_time': '2026-04-07T10:00:15Z', 'confidence': None, 'between': None}]", "operating_status": "open", "basic_category": "arts_crafts_and_hobby_store", "taxonomy": "{'primary': 'costume_store', 'hierarchy': ['shopping', 'specialty_store', 'arts_crafts_and_hobby_store', 'costume_store'], 'alternates': None}", "version": 4 }, "geometry": { "type": "Point", "coordinates": [ -76.53893947, 3.43349238 ] } },
{ "type": "Feature", "properties": { "id": "c8119b61-d640-4e5b-9376-334ed053d8f3", "categories": { "primary": "auto_company", "alternate": [ "contractor", "motorcycle_manufacturer" ] }, "confidence": 0.78206330537796021, "websites": [ "http://www.movilaire.com/" ], "emails": [ "movilaire@hotmail.com" ], "socials": [ "https://www.facebook.com/366413133453196" ], "phones": [ "+573103734661" ], "brand": "{'wikidata': None, 'names': {'primary': None, 'common': None, 'rules': None}}", "addresses": "[{'freeform': 'Avenida Roosevelt 26-91', 'locality': 'Cali', 'postcode': '760042', 'region': None, 'country': 'CO'}]", "names": "{'primary': 'Movilaire', 'common': None, 'rules': None}", "sources": "[{'property': '', 'dataset': 'meta', 'license': 'CDLA-Permissive-2.0', 'record_id': '366413133453196', 'update_time': '2026-04-06T00:00:00.000Z', 'confidence': 0.7820633053779602, 'between': None}, {'property': '/properties/confidence', 'dataset': 'Overture', 'license': 'CDLA-Permissive-2.0', 'record_id': None, 'update_time': '2026-04-07T10:00:15Z', 'confidence': None, 'between': None}]", "operating_status": "open", "basic_category": "corporate_or_business_office", "taxonomy": "{'primary': 'auto_company', 'hierarchy': ['services_and_business', 'corporate_or_business_office', 'auto_company'], 'alternates': None}", "version": 8 }, "geometry": { "type": "Point", "coordinates": [ -76.538942, 3.433503 ] } },
{ "type": "Feature", "properties": { "id": "009dad1a-ba07-4f2c-9d9b-27187e94330d", "categories": { "primary": "bakery", "alternate": [ "fast_food_restaurant" ] }, "confidence": 0.95135315179824831, "websites": null, "emails": null, "socials": [ "https://www.facebook.com/501542813685807" ], "phones": [ "+5725560731" ], "brand": "{'wikidata': None, 'names': {'primary': None, 'common': None, 'rules': None}}", "addresses": "[{'freeform': 'Avenida Roosevelt 27-28', 'locality': 'Cali', 'postcode': '760042', 'region': None, 'country': 'CO'}]", "names": "{'primary': 'La Casa del Pandeyuca', 'common': None, 'rules': None}", "sources": "[{'property': '', 'dataset': 'meta', 'license': 'CDLA-Permissive-2.0', 'record_id': '501542813685807', 'update_time': '2026-04-06T00:00:00.000Z', 'confidence': 0.78849196434021, 'between': None}, {'property': '/properties/confidence', 'dataset': 'Overture', 'license': 'CDLA-Permissive-2.0', 'record_id': None, 'update_time': '2026-04-07T10:00:15Z', 'confidence': None, 'between': None}]", "operating_status": "open", "basic_category": "casual_eatery", "taxonomy": "{'primary': 'bakery', 'hierarchy': ['food_and_drink', 'casual_eatery', 'bakery'], 'alternates': None}", "version": 7 }, "geometry": { "type": "Point", "coordinates": [ -76.53894342, 3.43300664 ] } },
{ "type": "Feature", "properties": { "id": "8b08b149-3b22-472e-b52f-7bd6204b42a8", "categories": { "primary": "restaurant", "alternate": [ "cafe", "breakfast_and_brunch_restaurant" ] }, "confidence": 0.64393329620361328, "websites": null, "emails": [ "mercadeo@cafecolor.com.co" ], "socials": [ "https://www.facebook.com/105881584488524" ], "phones": [ "+5724855544" ], "brand": "{'wikidata': None, 'names': {'primary': None, 'common': None, 'rules': None}}", "addresses": "[{'freeform': 'Avenida Roosevelt 27-20', 'locality': 'Cali', 'postcode': '760042', 'region': None, 'country': 'CO'}]", "names": "{'primary': 'Café Color', 'common': None, 'rules': None}", "sources": "[{'property': '', 'dataset': 'meta', 'license': 'CDLA-Permissive-2.0', 'record_id': '105881584488524', 'update_time': '2026-04-06T00:00:00.000Z', 'confidence': 0.6439332962036133, 'between': None}, {'property': '/properties/confidence', 'dataset': 'Overture', 'license': 'CDLA-Permissive-2.0', 'record_id': None, 'update_time': '2026-04-07T10:00:15Z', 'confidence': None, 'between': None}]", "operating_status": "open", "basic_category": "restaurant", "taxonomy": "{'primary': 'restaurant', 'hierarchy': ['food_and_drink', 'restaurant'], 'alternates': None}", "version": 6 }, "geometry": { "type": "Point", "coordinates": [ -76.53895722, 3.43306127 ] } },
{ "type": "Feature", "properties": { "id": "a908645f-dda9-4e72-98da-9c7f0210a8bb", "categories": { "primary": "supermarket", "alternate": [ "grocery_store", "health_food_store" ] }, "confidence": 0.67759835720062256, "websites": null, "emails": null, "socials": [ "https://www.facebook.com/260622407874949" ], "phones": [ "+573175725470" ], "brand": "{'wikidata': None, 'names': {'primary': None, 'common': None, 'rules': None}}", "addresses": "[{'freeform': 'Avenida Roosevelt 27-36', 'locality': 'Cali', 'postcode': '760042', 'region': None, 'country': 'CO'}]", "names": "{'primary': 'Tiendas Ara Roosevelt', 'common': None, 'rules': None}", "sources": "[{'property': '', 'dataset': 'meta', 'license': 'CDLA-Permissive-2.0', 'record_id': '260622407874949', 'update_time': '2026-04-06T00:00:00.000Z', 'confidence': 0.6775983572006226, 'between': None}, {'property': '/properties/confidence', 'dataset': 'Overture', 'license': 'CDLA-Permissive-2.0', 'record_id': None, 'update_time': '2026-04-07T10:00:15Z', 'confidence': None, 'between': None}]", "operating_status": "open", "basic_category": "food_and_beverage_store", "taxonomy": "{'primary': 'grocery_store', 'hierarchy': ['shopping', 'food_and_beverage_store', 'grocery_store'], 'alternates': None}", "version": 6 }, "geometry": { "type": "Point", "coordinates": [ -76.53895581, 3.43290895 ] } },
{ "type": "Feature", "properties": { "id": "512f97cc-73bf-4caa-bc33-37a197b118e0", "categories": { "primary": "pizza_restaurant", "alternate": [ "restaurant", "caterer" ] }, "confidence": 0.99133549320697789, "websites": null, "emails": null, "socials": [ "https://www.facebook.com/387716411414614" ], "phones": [ "+576024855657" ], "brand": "{'wikidata': None, 'names': {'primary': \"Domino's Pizza\", 'common': None, 'rules': None}}", "addresses": "[{'freeform': 'Avenida Roosevelt 28-44', 'locality': 'Cali', 'postcode': '760042', 'region': None, 'country': 'CO'}]", "names": "{'primary': \"Domino's Pizza\", 'common': None, 'rules': None}", "sources": "[{'property': '', 'dataset': 'meta', 'license': 'CDLA-Permissive-2.0', 'record_id': '387716411414614', 'update_time': '2026-04-06T00:00:00.000Z', 'confidence': 0.9372137188911438, 'between': None}, {'property': '/properties/confidence', 'dataset': 'Overture', 'license': 'CDLA-Permissive-2.0', 'record_id': None, 'update_time': '2026-04-07T10:00:15Z', 'confidence': None, 'between': None}]", "operating_status": "open", "basic_category": "restaurant", "taxonomy": "{'primary': 'pizza_restaurant', 'hierarchy': ['food_and_drink', 'restaurant', 'european_restaurant', 'mediterranean_restaurant', 'italian_restaurant', 'pizza_restaurant'], 'alternates': None}", "version": 6 }, "geometry": { "type": "Point", "coordinates": [ -76.53895947, 3.43318778 ] } },
{ "type": "Feature", "properties": { "id": "3872f44a-8723-4939-98a9-d63601f0f337", "categories": { "primary": "automotive_parts_and_accessories", "alternate": [ "business_advertising", "marketing_agency" ] }, "confidence": 0.55257976055145264, "websites": null, "emails": [ "linea_profesional@yahoo.com.co" ], "socials": [ "https://www.facebook.com/211201365566392" ], "phones": [ "+573156298421" ], "brand": "{'wikidata': None, 'names': {'primary': None, 'common': None, 'rules': None}}", "addresses": "[{'freeform': 'Avenida Roosevelt 26-64', 'locality': 'Cali', 'postcode': '760042', 'region': None, 'country': 'CO'}]", "names": "{'primary': 'Linea Profesional polarizados', 'common': None, 'rules': None}", "sources": "[{'property': '', 'dataset': 'meta', 'license': 'CDLA-Permissive-2.0', 'record_id': '211201365566392', 'update_time': '2026-04-06T00:00:00.000Z', 'confidence': 0.5525797605514526, 'between': None}, {'property': '/properties/confidence', 'dataset': 'Overture', 'license': 'CDLA-Permissive-2.0', 'record_id': None, 'update_time': '2026-04-07T10:00:15Z', 'confidence': None, 'between': None}]", "operating_status": "open", "basic_category": "vehicle_parts_store", "taxonomy": "{'primary': 'auto_parts_store', 'hierarchy': ['shopping', 'specialty_store', 'vehicle_parts_store', 'auto_parts_store'], 'alternates': None}", "version": 1 }, "geometry": { "type": "Point", "coordinates": [ -76.53894, 3.43391 ] } },
{ "type": "Feature", "properties": { "id": "e9d250d4-96cb-4e43-b635-75303130b32d", "categories": { "primary": "doctor", "alternate": [ "health_and_medical" ] }, "confidence": 0.45255547761917114, "websites": [ "https://www.doctoralia.co/tatiana-ordonez-mora/fisioterapeuta-especialista-en-tratamiento-del-dolor/cali" ], "emails": [ "tatiana.ormora@gmail.com" ], "socials": [ "https://www.facebook.com/1127757644033512" ], "phones": null, "brand": "{'wikidata': None, 'names': {'primary': None, 'common': None, 'rules': None}}", "addresses": "[{'freeform': 'Avenida Roosevelt 26-40', 'locality': 'Cali', 'postcode': '760042', 'region': None, 'country': 'CO'}]", "names": "{'primary': 'Tatiana Ordoñez Neurorehabilitación', 'common': None, 'rules': None}", "sources": "[{'property': '', 'dataset': 'meta', 'license': 'CDLA-Permissive-2.0', 'record_id': '1127757644033512', 'update_time': '2026-04-06T00:00:00.000Z', 'confidence': 0.45255547761917114, 'between': None}, {'property': '/properties/confidence', 'dataset': 'Overture', 'license': 'CDLA-Permissive-2.0', 'record_id': None, 'update_time': '2026-04-07T10:00:15Z', 'confidence': None, 'between': None}]", "operating_status": "open", "basic_category": "outpatient_care_facility", "taxonomy": "{'primary': 'heatlh_care', 'hierarchy': ['health_care', 'doctor'], 'alternates': None}", "version": 1 }, "geometry": { "type": "Point", "coordinates": [ -76.5389258, 3.4340324 ] } },
{ "type": "Feature", "properties": { "id": "305634be-9748-4326-8f5b-9cf4f33def57", "categories": { "primary": "motorcycle_dealer", "alternate": [ "auto_company", "motorcycle_manufacturer" ] }, "confidence": 0.66113555431365967, "websites": null, "emails": null, "socials": [ "https://www.facebook.com/529442780556099" ], "phones": [ "+573176398540" ], "brand": "{'wikidata': None, 'names': {'primary': None, 'common': None, 'rules': None}}", "addresses": "[{'freeform': 'Avenida Roosevelt 26', 'locality': 'Cali', 'postcode': '760042', 'region': None, 'country': 'CO'}]", "names": "{'primary': 'Akt Motos Outlet Sede Principal Cali - Roosevelt', 'common': None, 'rules': None}", "sources": "[{'property': '', 'dataset': 'meta', 'license': 'CDLA-Permissive-2.0', 'record_id': '529442780556099', 'update_time': '2026-04-06T00:00:00.000Z', 'confidence': 0.6611355543136597, 'between': None}, {'property': '/properties/confidence', 'dataset': 'Overture', 'license': 'CDLA-Permissive-2.0', 'record_id': None, 'update_time': '2026-04-07T10:00:15Z', 'confidence': None, 'between': None}]", "operating_status": "open", "basic_category": "vehicle_dealer", "taxonomy": "{'primary': 'motorcycle_dealer', 'hierarchy': ['shopping', 'vehicle_dealer', 'motorcycle_dealer'], 'alternates': None}", "version": 1 }, "geometry": { "type": "Point", "coordinates": [ -76.53896762, 3.43428872 ] } },
{ "type": "Feature", "properties": { "id": "f7e3c2f9-8809-47c6-b1a9-768f05bcd6e3", "categories": "{'primary': 'spas', 'alternate': None}", "confidence": 0.33780822157859802, "websites": [ "http://www.procesoscapilares.com" ], "emails": [ "esteticayanethvalencia2015@gmail.com" ], "socials": [ "https://www.facebook.com/1286625291477101" ], "phones": [ "+25575735" ], "brand": "{'wikidata': None, 'names': {'primary': None, 'common': None, 'rules': None}}", "addresses": "[{'freeform': 'Calle 5 26-72', 'locality': 'Cali', 'postcode': '760043', 'region': None, 'country': 'CO'}]", "names": "{'primary': 'Centro de Estetica Yaneth Valencia', 'common': None, 'rules': None}", "sources": "[{'property': '', 'dataset': 'meta', 'license': 'CDLA-Permissive-2.0', 'record_id': '1286625291477101', 'update_time': '2026-04-06T00:00:00.000Z', 'confidence': 0.337808221578598, 'between': None}, {'property': '/properties/confidence', 'dataset': 'Overture', 'license': 'CDLA-Permissive-2.0', 'record_id': None, 'update_time': '2026-04-07T10:00:15Z', 'confidence': None, 'between': None}]", "operating_status": "open", "basic_category": "wellness_service", "taxonomy": "{'primary': 'spa', 'hierarchy': ['lifestyle_services', 'wellness_service', 'spa'], 'alternates': None}", "version": 1 }, "geometry": { "type": "Point", "coordinates": [ -76.53903429, 3.43378152 ] } },
{ "type": "Feature", "properties": { "id": "5ab42e0c-9b61-4d85-a277-71542b091c20", "categories": { "primary": "motorcycle_dealer", "alternate": [ "motorcycle_repair", "automotive" ] }, "confidence": 0.73547297716140747, "websites": [ "http://www.auteco.com.co/" ], "emails": [ "diegolave8@hotmail.com" ], "socials": [ "https://www.facebook.com/1109333059093611" ], "phones": [ "+573148626500" ], "brand": "{'wikidata': None, 'names': {'primary': None, 'common': None, 'rules': None}}", "addresses": "[{'freeform': 'Avenida Roosevelt 27-4', 'locality': 'Cali', 'postcode': '760042', 'region': None, 'country': 'CO'}]", "names": "{'primary': 'Cosmetic dentistry specialist', 'common': None, 'rules': None}", "sources": "[{'property': '', 'dataset': 'meta', 'license': 'CDLA-Permissive-2.0', 'record_id': '1109333059093611', 'update_time': '2026-04-06T00:00:00.000Z', 'confidence': 0.7354729771614075, 'between': None}, {'property': '/properties/confidence', 'dataset': 'Overture', 'license': 'CDLA-Permissive-2.0', 'record_id': None, 'update_time': '2026-04-07T10:00:15Z', 'confidence': None, 'between': None}]", "operating_status": "open", "basic_category": "vehicle_dealer", "taxonomy": "{'primary': 'motorcycle_dealer', 'hierarchy': ['shopping', 'vehicle_dealer', 'motorcycle_dealer'], 'alternates': None}", "version": 6 }, "geometry": { "type": "Point", "coordinates": [ -76.5390355, 3.4331119 ] } },
{ "type": "Feature", "properties": { "id": "286c9891-81bf-4aa1-9e13-da40e8eabc01", "categories": { "primary": "beauty_salon", "alternate": [ "beauty_and_spa", "education" ] }, "confidence": 0.15102958679199219, "websites": null, "emails": [ "academiaglamourcali@gmail.com" ], "socials": [ "https://www.facebook.com/899990266713326" ], "phones": null, "brand": "{'wikidata': None, 'names': {'primary': None, 'common': None, 'rules': None}}", "addresses": "[{'freeform': '', 'locality': 'Cali', 'postcode': '', 'region': None, 'country': 'CO'}]", "names": "{'primary': 'Glamour', 'common': None, 'rules': None}", "sources": "[{'property': '', 'dataset': 'meta', 'license': 'CDLA-Permissive-2.0', 'record_id': '899990266713326', 'update_time': '2026-04-06T00:00:00.000Z', 'confidence': 0.1510295867919922, 'between': None}, {'property': '/properties/confidence', 'dataset': 'Overture', 'license': 'CDLA-Permissive-2.0', 'record_id': None, 'update_time': '2026-04-07T10:00:15Z', 'confidence': None, 'between': None}]", "operating_status": "open", "basic_category": "personal_or_beauty_service", "taxonomy": "{'primary': 'beauty_salon', 'hierarchy': ['lifestyle_services', 'personal_or_beauty_service', 'beauty_salon'], 'alternates': None}", "version": 3 }, "geometry": { "type": "Point", "coordinates": [ -76.53899569, 3.4335321 ] } },
{ "type": "Feature", "properties": { "id": "fcfeccc6-2c5e-400f-bcba-ba7878eb7e9e", "categories": { "primary": "hospital", "alternate": [ "pharmacy", "bar" ] }, "confidence": 0.59936386346817017, "websites": null, "emails": null, "socials": [ "https://www.facebook.com/113758806712376" ], "phones": [ "+25585339" ], "brand": "{'wikidata': None, 'names': {'primary': None, 'common': None, 'rules': None}}", "addresses": "[{'freeform': 'Calle 6 26-86', 'locality': 'Cali', 'postcode': '760042', 'region': None, 'country': 'CO'}]", "names": "{'primary': 'La Botica', 'common': None, 'rules': None}", "sources": "[{'property': '', 'dataset': 'meta', 'license': 'CDLA-Permissive-2.0', 'record_id': '113758806712376', 'update_time': '2026-04-06T00:00:00.000Z', 'confidence': 0.5993638634681702, 'between': None}, {'property': '/properties/confidence', 'dataset': 'Overture', 'license': 'CDLA-Permissive-2.0', 'record_id': None, 'update_time': '2026-04-07T10:00:15Z', 'confidence': None, 'between': None}]", "operating_status": "open", "basic_category": "hospital", "taxonomy": "{'primary': 'hospital', 'hierarchy': ['health_care', 'hospital'], 'alternates': None}", "version": 6 }, "geometry": { "type": "Point", "coordinates": [ -76.53899502, 3.43360664 ] } },
{ "type": "Feature", "properties": { "id": "c49a9eb2-babe-46b2-9afe-7cbbdf36c8e3", "categories": { "primary": "event_planning", "alternate": [ "educational_services" ] }, "confidence": 0.30182880163192749, "websites": null, "emails": [ "coservicio@yahoo.es" ], "socials": [ "https://www.facebook.com/113722645084086" ], "phones": [ "+25142727" ], "brand": "{'wikidata': None, 'names': {'primary': None, 'common': None, 'rules': None}}", "addresses": "[{'freeform': 'Avenida Roosevelt 27-20', 'locality': 'Cali', 'postcode': '760042', 'region': None, 'country': 'CO'}]", "names": "{'primary': 'Coservicio', 'common': None, 'rules': None}", "sources": "[{'property': '', 'dataset': 'meta', 'license': 'CDLA-Permissive-2.0', 'record_id': '113722645084086', 'update_time': '2026-04-06T00:00:00.000Z', 'confidence': 0.3018288016319275, 'between': None}, {'property': '/properties/confidence', 'dataset': 'Overture', 'license': 'CDLA-Permissive-2.0', 'record_id': None, 'update_time': '2026-04-07T10:00:15Z', 'confidence': None, 'between': None}]", "operating_status": "open", "basic_category": "event_or_party_service", "taxonomy": "{'primary': 'event_or_party_service', 'hierarchy': ['services_and_business', 'event_or_party_service'], 'alternates': None}", "version": 6 }, "geometry": { "type": "Point", "coordinates": [ -76.53899552, 3.43302671 ] } },
{ "type": "Feature", "properties": { "id": "14f856bc-6037-415c-95cf-e90414b6a4e7", "categories": { "primary": "religious_organization", "alternate": [ "church_cathedral" ] }, "confidence": 0.82517355680465698, "websites": [ "https://linktr.ee/iglesiaministeriomanacali" ], "emails": [ "ministeriomanacali@gmail.com" ], "socials": [ "https://www.facebook.com/230175404396208" ], "phones": [ "+573052232890" ], "brand": "{'wikidata': None, 'names': {'primary': None, 'common': None, 'rules': None}}", "addresses": "[{'freeform': 'Avenida Roosevelt 27-44', 'locality': 'Cali', 'postcode': '760042', 'region': None, 'country': 'CO'}]", "names": "{'primary': 'Iglesia Ministerio Maná Cali', 'common': None, 'rules': None}", "sources": "[{'property': '', 'dataset': 'meta', 'license': 'CDLA-Permissive-2.0', 'record_id': '230175404396208', 'update_time': '2026-04-06T00:00:00.000Z', 'confidence': 0.825173556804657, 'between': None}, {'property': '/properties/confidence', 'dataset': 'Overture', 'license': 'CDLA-Permissive-2.0', 'record_id': None, 'update_time': '2026-04-07T10:00:15Z', 'confidence': None, 'between': None}]", "operating_status": "open", "basic_category": "religious_organization", "taxonomy": "{'primary': 'religious_organization', 'hierarchy': ['cultural_and_historic', 'religious_organization'], 'alternates': None}", "version": 6 }, "geometry": { "type": "Point", "coordinates": [ -76.5390124, 3.4327612 ] } },
{ "type": "Feature", "properties": { "id": "afaf1954-4e42-49c1-a0db-3be0eeaf86da", "categories": { "primary": "driving_school", "alternate": [ "school" ] }, "confidence": 0.76862126588821411, "websites": null, "emails": [ "triplea.contactos@gmail.com" ], "socials": [ "https://www.facebook.com/2448077798744105" ], "phones": [ "+573135868548" ], "brand": "{'wikidata': None, 'names': {'primary': None, 'common': None, 'rules': None}}", "addresses": "[{'freeform': 'Avenida Roosevelt 28-26', 'locality': 'Cali', 'postcode': '760042', 'region': None, 'country': 'CO'}]", "names": "{'primary': 'Centro de Enseñanza Automovilistica AAA', 'common': None, 'rules': None}", "sources": "[{'property': '', 'dataset': 'meta', 'license': 'CDLA-Permissive-2.0', 'record_id': '2448077798744105', 'update_time': '2026-04-06T00:00:00.000Z', 'confidence': 0.7686212658882141, 'between': None}, {'property': '/properties/confidence', 'dataset': 'Overture', 'license': 'CDLA-Permissive-2.0', 'record_id': None, 'update_time': '2026-04-07T10:00:15Z', 'confidence': None, 'between': None}]", "operating_status": "open", "basic_category": "specialty_school", "taxonomy": "{'primary': 'driving_school', 'hierarchy': ['education', 'place_of_learning', 'specialty_school', 'driving_school'], 'alternates': None}", "version": 6 }, "geometry": { "type": "Point", "coordinates": [ -76.53899356, 3.43226889 ] } },
{ "type": "Feature", "properties": { "id": "e767221a-0c78-48c0-92e9-ddbaa413e0f1", "categories": { "primary": "orthodontist", "alternate": [ "dentist", "medical_service_organizations" ] }, "confidence": 0.55173337459564209, "websites": null, "emails": null, "socials": [ "https://www.facebook.com/1313071198756867" ], "phones": [ "+573166916590" ], "brand": "{'wikidata': None, 'names': {'primary': None, 'common': None, 'rules': None}}", "addresses": "[{'freeform': 'Carrera 30-7', 'locality': 'Cali', 'postcode': '760042', 'region': None, 'country': 'CO'}]", "names": "{'primary': 'Consultorio Dental', 'common': None, 'rules': None}", "sources": "[{'property': '', 'dataset': 'meta', 'license': 'CDLA-Permissive-2.0', 'record_id': '1313071198756867', 'update_time': '2026-04-06T00:00:00.000Z', 'confidence': 0.5517333745956421, 'between': None}, {'property': '/properties/confidence', 'dataset': 'Overture', 'license': 'CDLA-Permissive-2.0', 'record_id': None, 'update_time': '2026-04-07T10:00:15Z', 'confidence': None, 'between': None}]", "operating_status": "open", "basic_category": "dental_clinic", "taxonomy": "{'primary': 'orthodontics', 'hierarchy': ['health_care', 'outpatient_care_facility', 'dental_clinic', 'orthodontics'], 'alternates': None}", "version": 4 }, "geometry": { "type": "Point", "coordinates": [ -76.53901638, 3.43114752 ] } },
{ "type": "Feature", "properties": { "id": "07454751-fbfd-44f4-85e3-f468803dcf0f", "categories": { "primary": "grocery_store", "alternate": [ "health_food_store", "organic_grocery_store" ] }, "confidence": 0.74956405162811279, "websites": [ "http://instagram.com/naturteck" ], "emails": [ "ventasnaturteckcali@outlook.es" ], "socials": [ "https://www.facebook.com/359257817837264" ], "phones": [ "+573126173914" ], "brand": "{'wikidata': None, 'names': {'primary': None, 'common': None, 'rules': None}}", "addresses": "[{'freeform': 'La Milagrosa, Calle 6 29-71', 'locality': 'Cali', 'postcode': '760042', 'region': None, 'country': 'CO'}]", "names": "{'primary': 'NaturTeck', 'common': None, 'rules': None}", "sources": "[{'property': '', 'dataset': 'meta', 'license': 'CDLA-Permissive-2.0', 'record_id': '359257817837264', 'update_time': '2026-04-06T00:00:00.000Z', 'confidence': 0.7495640516281128, 'between': None}, {'property': '/properties/confidence', 'dataset': 'Overture', 'license': 'CDLA-Permissive-2.0', 'record_id': None, 'update_time': '2026-04-07T10:00:15Z', 'confidence': None, 'between': None}]", "operating_status": "open", "basic_category": "food_and_beverage_store", "taxonomy": "{'primary': 'grocery_store', 'hierarchy': ['shopping', 'food_and_beverage_store', 'grocery_store'], 'alternates': None}", "version": 6 }, "geometry": { "type": "Point", "coordinates": [ -76.53902678, 3.43113024 ] } },
{ "type": "Feature", "properties": { "id": "6ff02e4e-6194-4076-937f-3cf2fb4e9546", "categories": null, "confidence": 0.97259199619293213, "websites": [ "http://www.PanaderiaPaola.com/" ], "emails": [ "mercadeo@panaderiapaola.com" ], "socials": [ "https://www.facebook.com/198095713565747" ], "phones": [ "+576025541503" ], "brand": "{'wikidata': None, 'names': {'primary': None, 'common': None, 'rules': None}}", "addresses": "[{'freeform': 'Avenida Roosevelt 29-42', 'locality': 'Cali', 'postcode': '760042', 'region': None, 'country': 'CO'}]", "names": "{'primary': 'Panadería Paola Roosevelt', 'common': None, 'rules': None}", "sources": "[{'property': '', 'dataset': 'meta', 'license': 'CDLA-Permissive-2.0', 'record_id': '198095713565747', 'update_time': '2026-04-06T00:00:00.000Z', 'confidence': 0.9725919961929321, 'between': None}, {'property': '/properties/confidence', 'dataset': 'Overture', 'license': 'CDLA-Permissive-2.0', 'record_id': None, 'update_time': '2026-04-07T10:00:15Z', 'confidence': None, 'between': None}]", "operating_status": "open", "basic_category": "casual_eatery", "taxonomy": null, "version": 1 }, "geometry": { "type": "Point", "coordinates": [ -76.53903084, 3.43139822 ] } },
{ "type": "Feature", "properties": { "id": "6032e3fa-80f7-41bf-90ba-8734fdd25424", "categories": { "primary": "naturopathic_holistic", "alternate": [ "health_and_medical", "pharmacy" ] }, "confidence": 0.65687757730484009, "websites": null, "emails": null, "socials": [ "https://www.facebook.com/1677549965882896" ], "phones": null, "brand": "{'wikidata': None, 'names': {'primary': None, 'common': None, 'rules': None}}", "addresses": "[{'freeform': 'Avenida Roosevelt 29-12', 'locality': 'Cali', 'postcode': '760042', 'region': None, 'country': 'CO'}]", "names": "{'primary': 'Centro de Profesionales', 'common': None, 'rules': None}", "sources": "[{'property': '', 'dataset': 'meta', 'license': 'CDLA-Permissive-2.0', 'record_id': '1677549965882896', 'update_time': '2026-04-06T00:00:00.000Z', 'confidence': 0.6568775773048401, 'between': None}, {'property': '/properties/confidence', 'dataset': 'Overture', 'license': 'CDLA-Permissive-2.0', 'record_id': None, 'update_time': '2026-04-07T10:00:15Z', 'confidence': None, 'between': None}]", "operating_status": "open", "basic_category": "complementary_and_alternative_medicine", "taxonomy": "{'primary': 'naturopathic_medicine', 'hierarchy': ['health_care', 'outpatient_care_facility', 'complementary_and_alternative_medicine', 'naturopathic_medicine'], 'alternates': None}", "version": 6 }, "geometry": { "type": "Point", "coordinates": [ -76.53904429, 3.43165123 ] } },
{ "type": "Feature", "properties": { "id": "2779e826-4c4a-4d93-ac33-a7de2d574efc", "categories": { "primary": "restaurant", "alternate": [ "eat_and_drink", "latin_american_restaurant" ] }, "confidence": 0.93993277132511144, "websites": [ "http://www.apolorestaurantes.com" ], "emails": null, "socials": [ "https://www.facebook.com/457168384346646" ], "phones": [ "+25245040" ], "brand": "{'wikidata': None, 'names': {'primary': None, 'common': None, 'rules': None}}", "addresses": "[{'freeform': 'Avenida Roosevelt 29-54', 'locality': 'Cali', 'postcode': '760042', 'region': None, 'country': 'CO'}]", "names": "{'primary': 'Apolo Restaurante', 'common': None, 'rules': None}", "sources": "[{'property': '', 'dataset': 'meta', 'license': 'CDLA-Permissive-2.0', 'record_id': '457168384346646', 'update_time': '2026-04-06T00:00:00.000Z', 'confidence': 0.7388381361961365, 'between': None}, {'property': '/properties/confidence', 'dataset': 'Overture', 'license': 'CDLA-Permissive-2.0', 'record_id': None, 'update_time': '2026-04-07T10:00:15Z', 'confidence': None, 'between': None}]", "operating_status": "open", "basic_category": "restaurant", "taxonomy": "{'primary': 'restaurant', 'hierarchy': ['food_and_drink', 'restaurant'], 'alternates': None}", "version": 6 }, "geometry": { "type": "Point", "coordinates": [ -76.53903381, 3.43132879 ] } },
{ "type": "Feature", "properties": { "id": "e6bd54d2-672b-4a21-bf39-9a2fa869f302", "categories": { "primary": "department_store", "alternate": [ "cafe" ] }, "confidence": 0.77535045146942139, "websites": [ "http://www.herbalife.com.co" ], "emails": null, "socials": [ "https://www.facebook.com/249629532386578" ], "phones": null, "brand": "{'wikidata': None, 'names': {'primary': None, 'common': None, 'rules': None}}", "addresses": "[{'freeform': 'Avenida Roosevelt 28-40', 'locality': 'Cali', 'postcode': '760042', 'region': None, 'country': 'CO'}]", "names": "{'primary': 'Almacen Herbalife', 'common': None, 'rules': None}", "sources": "[{'property': '', 'dataset': 'meta', 'license': 'CDLA-Permissive-2.0', 'record_id': '249629532386578', 'update_time': '2026-04-06T00:00:00.000Z', 'confidence': 0.7753504514694214, 'between': None}, {'property': '/properties/confidence', 'dataset': 'Overture', 'license': 'CDLA-Permissive-2.0', 'record_id': None, 'update_time': '2026-04-07T10:00:15Z', 'confidence': None, 'between': None}]", "operating_status": "open", "basic_category": "department_store", "taxonomy": "{'primary': 'department_store', 'hierarchy': ['shopping', 'department_store'], 'alternates': None}", "version": 6 }, "geometry": { "type": "Point", "coordinates": [ -76.53908056, 3.43199911 ] } },
{ "type": "Feature", "properties": { "id": "b2688776-a805-4999-8dc2-2d8ea44c88f6", "categories": "{'primary': 'public_and_government_association', 'alternate': None}", "confidence": 0.84272259473800659, "websites": [ "https://linktr.ee/inciva_patrimonio_vital" ], "emails": [ "inciva@gmail.com" ], "socials": [ "https://www.facebook.com/689582497843115" ], "phones": null, "brand": "{'wikidata': None, 'names': {'primary': None, 'common': None, 'rules': None}}", "addresses": "[{'freeform': 'Avenida Roosevelt-80', 'locality': 'Cali', 'postcode': '760042', 'region': None, 'country': 'CO'}]", "names": "{'primary': 'Inciva Patrimonio Vital', 'common': None, 'rules': None}", "sources": "[{'property': '', 'dataset': 'meta', 'license': 'CDLA-Permissive-2.0', 'record_id': '689582497843115', 'update_time': '2026-04-06T00:00:00.000Z', 'confidence': 0.8427225947380066, 'between': None}, {'property': '/properties/confidence', 'dataset': 'Overture', 'license': 'CDLA-Permissive-2.0', 'record_id': None, 'update_time': '2026-04-07T10:00:15Z', 'confidence': None, 'between': None}]", "operating_status": "open", "basic_category": "government_office", "taxonomy": "{'primary': 'government_office', 'hierarchy': ['community_and_government', 'government_office'], 'alternates': None}", "version": 6 }, "geometry": { "type": "Point", "coordinates": [ -76.53908, 3.43202 ] } },
{ "type": "Feature", "properties": { "id": "88811ebd-af9b-46ed-92a6-7cc200ea3e42", "categories": "{'primary': 'nursery_and_gardening', 'alternate': None}", "confidence": 0.74418735504150391, "websites": [ "http://www.laplantula.com/" ], "emails": [ "info@laplantula.com" ], "socials": [ "https://www.facebook.com/244139792672133" ], "phones": null, "brand": "{'wikidata': None, 'names': {'primary': None, 'common': None, 'rules': None}}", "addresses": "[{'freeform': 'Avenida Roosevelt-36', 'locality': 'Cali', 'postcode': '760042', 'region': None, 'country': 'CO'}]", "names": "{'primary': 'La Plántula', 'common': None, 'rules': None}", "sources": "[{'property': '', 'dataset': 'meta', 'license': 'CDLA-Permissive-2.0', 'record_id': '244139792672133', 'update_time': '2026-04-06T00:00:00.000Z', 'confidence': 0.7441873550415039, 'between': None}, {'property': '/properties/confidence', 'dataset': 'Overture', 'license': 'CDLA-Permissive-2.0', 'record_id': None, 'update_time': '2026-04-07T10:00:15Z', 'confidence': None, 'between': None}]", "operating_status": "open", "basic_category": "hardware_home_and_garden_store", "taxonomy": "{'primary': 'nursery_and_gardening_store', 'hierarchy': ['shopping', 'specialty_store', 'hardware_home_and_garden_store', 'nursery_and_gardening_store'], 'alternates': None}", "version": 7 }, "geometry": { "type": "Point", "coordinates": [ -76.5390659, 3.4322323 ] } },
{ "type": "Feature", "properties": { "id": "60889ca9-645e-4d48-be3b-e91fc55eafc0", "categories": { "primary": "park", "alternate": [ "attractions_and_activities", "national_park" ] }, "confidence": 0.68558162450790405, "websites": null, "emails": null, "socials": [ "https://www.facebook.com/436059583812136" ], "phones": [ "+5725143469" ], "brand": "{'wikidata': None, 'names': {'primary': None, 'common': None, 'rules': None}}", "addresses": "[{'freeform': 'Calle 6-36', 'locality': 'Cali', 'postcode': '760042', 'region': None, 'country': 'CO'}]", "names": "{'primary': 'Parque El Templete', 'common': None, 'rules': None}", "sources": "[{'property': '', 'dataset': 'meta', 'license': 'CDLA-Permissive-2.0', 'record_id': '436059583812136', 'update_time': '2026-04-06T00:00:00.000Z', 'confidence': 0.685581624507904, 'between': None}, {'property': '/properties/confidence', 'dataset': 'Overture', 'license': 'CDLA-Permissive-2.0', 'record_id': None, 'update_time': '2026-04-07T10:00:15Z', 'confidence': None, 'between': None}]", "operating_status": "open", "basic_category": "park", "taxonomy": "{'primary': 'park', 'hierarchy': ['sports_and_recreation', 'park'], 'alternates': None}", "version": 1 }, "geometry": { "type": "Point", "coordinates": [ -76.53907, 3.43224 ] } },
{ "type": "Feature", "properties": { "id": "c8894e31-1dc8-4be4-b559-819009a13c24", "categories": { "primary": "automotive_repair", "alternate": [ "it_service_and_computer_repair" ] }, "confidence": 0.59380847215652466, "websites": null, "emails": null, "socials": [ "https://www.facebook.com/369276626537005" ], "phones": [ "+573113867906" ], "brand": "{'wikidata': None, 'names': {'primary': None, 'common': None, 'rules': None}}", "addresses": "[{'freeform': 'Calle 6-22', 'locality': 'Cali', 'postcode': '760042', 'region': None, 'country': 'CO'}]", "names": "{'primary': 'Servicio Automotriz Ibarrautos', 'common': None, 'rules': None}", "sources": "[{'property': '', 'dataset': 'meta', 'license': 'CDLA-Permissive-2.0', 'record_id': '369276626537005', 'update_time': '2026-04-06T00:00:00.000Z', 'confidence': 0.5938084721565247, 'between': None}, {'property': '/properties/confidence', 'dataset': 'Overture', 'license': 'CDLA-Permissive-2.0', 'record_id': None, 'update_time': '2026-04-07T10:00:15Z', 'confidence': None, 'between': None}]", "operating_status": "open", "basic_category": "automotive_service", "taxonomy": "{'primary': 'automotive_repair', 'hierarchy': ['travel_and_transportation', 'vehicle_service', 'automotive_service', 'automotive_repair'], 'alternates': None}", "version": 6 }, "geometry": { "type": "Point", "coordinates": [ -76.53907, 3.43231 ] } },
{ "type": "Feature", "properties": { "id": "e55bca45-5407-415e-a387-c5b1d848f432", "categories": { "primary": "cafe", "alternate": [ "coffee_shop", "internet_cafe" ] }, "confidence": 0.5865594744682312, "websites": null, "emails": [ "dana_d.m@hotmail.com" ], "socials": [ "https://www.facebook.com/971264086320792" ], "phones": [ "+573014507588" ], "brand": "{'wikidata': None, 'names': {'primary': None, 'common': None, 'rules': None}}", "addresses": "[{'freeform': 'Avenida Roosevelt-42', 'locality': 'Cali', 'postcode': '760042', 'region': None, 'country': 'CO'}]", "names": "{'primary': 'MOLI CAFÉ', 'common': None, 'rules': None}", "sources": "[{'property': '', 'dataset': 'meta', 'license': 'CDLA-Permissive-2.0', 'record_id': '971264086320792', 'update_time': '2026-04-06T00:00:00.000Z', 'confidence': 0.5865594744682312, 'between': None}, {'property': '/properties/confidence', 'dataset': 'Overture', 'license': 'CDLA-Permissive-2.0', 'record_id': None, 'update_time': '2026-04-07T10:00:15Z', 'confidence': None, 'between': None}]", "operating_status": "open", "basic_category": "cafe", "taxonomy": "{'primary': 'cafe', 'hierarchy': ['food_and_drink', 'casual_eatery', 'cafe'], 'alternates': None}", "version": 6 }, "geometry": { "type": "Point", "coordinates": [ -76.53907, 3.43221 ] } },
{ "type": "Feature", "properties": { "id": "297ff6f8-cf14-4ad0-bac7-5c0c20003d45", "categories": { "primary": "chicken_restaurant", "alternate": [ "restaurant", "burger_restaurant" ] }, "confidence": 0.76277059316635132, "websites": null, "emails": null, "socials": [ "https://www.facebook.com/2109014942498394" ], "phones": [ "+573015555555" ], "brand": "{'wikidata': None, 'names': {'primary': None, 'common': None, 'rules': None}}", "addresses": "[{'freeform': 'Avenida Roosevelt 28-70', 'locality': 'Cali', 'postcode': '760042', 'region': None, 'country': 'CO'}]", "names": "{'primary': 'Frisby', 'common': None, 'rules': None}", "sources": "[{'property': '', 'dataset': 'meta', 'license': 'CDLA-Permissive-2.0', 'record_id': '2109014942498394', 'update_time': '2026-04-06T00:00:00.000Z', 'confidence': 0.7627705931663513, 'between': None}, {'property': '/properties/confidence', 'dataset': 'Overture', 'license': 'CDLA-Permissive-2.0', 'record_id': None, 'update_time': '2026-04-07T10:00:15Z', 'confidence': None, 'between': None}]", "operating_status": "open", "basic_category": "restaurant", "taxonomy": "{'primary': 'chicken_restaurant', 'hierarchy': ['food_and_drink', 'restaurant', 'meat_restaurant', 'chicken_restaurant'], 'alternates': None}", "version": 3 }, "geometry": { "type": "Point", "coordinates": [ -76.53905639, 3.43194679 ] } },
{ "type": "Feature", "properties": { "id": "5f6a062a-82e4-4323-807a-a94db3673166", "categories": { "primary": "bakery", "alternate": [ "grocery_store", "arabian_restaurant" ] }, "confidence": 0.46699017286300659, "websites": [ "http://www.panarabeelmediterraneo.co/" ], "emails": null, "socials": [ "https://www.facebook.com/102636469408641" ], "phones": [ "+573166122678" ], "brand": "{'wikidata': None, 'names': {'primary': None, 'common': None, 'rules': None}}", "addresses": "[{'freeform': 'Avenida Roosevelt 29-50', 'locality': 'Cali', 'postcode': '760042', 'region': None, 'country': 'CO'}]", "names": "{'primary': 'Pan árabe El Mediterráneo', 'common': None, 'rules': None}", "sources": "[{'property': '', 'dataset': 'meta', 'license': 'CDLA-Permissive-2.0', 'record_id': '102636469408641', 'update_time': '2026-04-06T00:00:00.000Z', 'confidence': 0.4669901728630066, 'between': None}, {'property': '/properties/confidence', 'dataset': 'Overture', 'license': 'CDLA-Permissive-2.0', 'record_id': None, 'update_time': '2026-04-07T10:00:15Z', 'confidence': None, 'between': None}]", "operating_status": "open", "basic_category": "casual_eatery", "taxonomy": "{'primary': 'bakery', 'hierarchy': ['food_and_drink', 'casual_eatery', 'bakery'], 'alternates': None}", "version": 7 }, "geometry": { "type": "Point", "coordinates": [ -76.5390878, 3.4313638 ] } },
{ "type": "Feature", "properties": { "id": "7ecb4956-c82f-4723-bedb-7566089bbfb7", "categories": { "primary": "fitness_trainer", "alternate": [ "professional_services" ] }, "confidence": 0.42022192478179932, "websites": [ "https://kmocolombia.com/?page_id=36" ], "emails": [ "diegofernandoherreraarbelaez@gmail.com" ], "socials": [ "https://www.facebook.com/1672568942975804" ], "phones": [ "+573156541899" ], "brand": "{'wikidata': None, 'names': {'primary': None, 'common': None, 'rules': None}}", "addresses": "[{'freeform': 'Calle 4-2', 'locality': 'Andalucía', 'postcode': '763010', 'region': None, 'country': 'CO'}]", "names": "{'primary': 'KMO Combate Urbano', 'common': None, 'rules': None}", "sources": "[{'property': '', 'dataset': 'meta', 'license': 'CDLA-Permissive-2.0', 'record_id': '1672568942975804', 'update_time': '2026-04-06T00:00:00.000Z', 'confidence': 0.4202219247817993, 'between': None}, {'property': '/properties/confidence', 'dataset': 'Overture', 'license': 'CDLA-Permissive-2.0', 'record_id': None, 'update_time': '2026-04-07T10:00:15Z', 'confidence': None, 'between': None}]", "operating_status": "open", "basic_category": "sport_or_fitness_facility", "taxonomy": "{'primary': 'fitness_trainer', 'hierarchy': ['sports_and_recreation', 'sport_or_fitness_facility', 'fitness_trainer'], 'alternates': None}", "version": 1 }, "geometry": { "type": "Point", "coordinates": [ -76.539128213653001, 3.4330013948427 ] } },
{ "type": "Feature", "properties": { "id": "ec6b7558-7fef-44ed-bd59-fce942d7c580", "categories": "{'primary': 'professional_services', 'alternate': None}", "confidence": 0.48614737391471863, "websites": [ "http://www.gceconsultores.com.co/" ], "emails": [ "info@gceconsultores.com.co" ], "socials": [ "https://www.facebook.com/1493792244195786" ], "phones": [ "+5723719119" ], "brand": "{'wikidata': None, 'names': {'primary': None, 'common': None, 'rules': None}}", "addresses": "[{'freeform': 'Avenida Roosevelt-55', 'locality': 'Cali', 'postcode': '760042', 'region': None, 'country': 'CO'}]", "names": "{'primary': 'Grupo Consultor Empresarial NLC', 'common': None, 'rules': None}", "sources": "[{'property': '', 'dataset': 'meta', 'license': 'CDLA-Permissive-2.0', 'record_id': '1493792244195786', 'update_time': '2026-04-06T00:00:00.000Z', 'confidence': 0.48614737391471863, 'between': None}, {'property': '/properties/confidence', 'dataset': 'Overture', 'license': 'CDLA-Permissive-2.0', 'record_id': None, 'update_time': '2026-04-07T10:00:15Z', 'confidence': None, 'between': None}]", "operating_status": "open", "basic_category": "professional_service", "taxonomy": "{'primary': 'professional_service', 'hierarchy': ['services_and_business', 'professional_service'], 'alternates': None}", "version": 1 }, "geometry": { "type": "Point", "coordinates": [ -76.539106070995004, 3.4344519903221 ] } },
{ "type": "Feature", "properties": { "id": "071729a3-ee74-4213-8627-e08342024edb", "categories": { "primary": "motorcycle_dealer", "alternate": [ "motorsport_vehicle_dealer", "department_of_motor_vehicles", "automotive" ] }, "confidence": 0.77, "websites": [ "https://grupouma.com/" ], "emails": null, "socials": null, "phones": [ "3183677736" ], "brand": null, "addresses": [ { "freeform": "Av. Roosevelt #25-12", "locality": "Cali", "postcode": "760042", "region": "", "country": "CO" } ], "names": "{'primary': 'Bajaj Grupo UMA', 'common': None, 'rules': None}", "sources": "[{'property': '', 'dataset': 'Microsoft', 'license': 'CDLA-Permissive-2.0', 'record_id': '844424933853438', 'update_time': '2023-08-23T09:19:05.613Z', 'confidence': 0.77, 'between': None}, {'property': '/properties/confidence', 'dataset': 'Overture', 'license': 'CDLA-Permissive-2.0', 'record_id': None, 'update_time': '2026-04-07T10:00:15Z', 'confidence': None, 'between': None}]", "operating_status": "open", "basic_category": "vehicle_dealer", "taxonomy": "{'primary': 'motorcycle_dealer', 'hierarchy': ['shopping', 'vehicle_dealer', 'motorcycle_dealer'], 'alternates': None}", "version": 6 }, "geometry": { "type": "Point", "coordinates": [ -76.5390011, 3.4354371 ] } },
{ "type": "Feature", "properties": { "id": "79347043-09f1-48d1-ae26-a7b20b810562", "categories": { "primary": "library", "alternate": [ "public_and_government_association", "auditorium" ] }, "confidence": 0.99153310120105742, "websites": [ "https://beacons.ai/bibliovalle" ], "emails": [ "comunicaciones@bibliovalle.gov.co" ], "socials": [ "https://www.facebook.com/232998430082272" ], "phones": [ "+576026200400" ], "brand": "{'wikidata': None, 'names': {'primary': None, 'common': None, 'rules': None}}", "addresses": "[{'freeform': 'Calle 5 24-91', 'locality': 'Cali', 'postcode': '760042', 'region': None, 'country': 'CO'}]", "names": "{'primary': 'Biblioteca Departamental Jorge Garcés Borrero', 'common': None, 'rules': None}", "sources": "[{'property': '', 'dataset': 'meta', 'license': 'CDLA-Permissive-2.0', 'record_id': '232998430082272', 'update_time': '2026-04-06T00:00:00.000Z', 'confidence': 0.9631873965263367, 'between': None}, {'property': '/properties/confidence', 'dataset': 'Overture', 'license': 'CDLA-Permissive-2.0', 'record_id': None, 'update_time': '2026-04-07T10:00:15Z', 'confidence': None, 'between': None}]", "operating_status": "open", "basic_category": "library", "taxonomy": "{'primary': 'library', 'hierarchy': ['education', 'library'], 'alternates': None}", "version": 9 }, "geometry": { "type": "Point", "coordinates": [ -76.539041032414659, 3.436404365508891 ] } },
{ "type": "Feature", "properties": { "id": "91d1f19a-c361-4de2-8422-26b6897acb7b", "categories": { "primary": "history_museum", "alternate": [ "museum", "civilization_museum" ] }, "confidence": 0.5734211802482605, "websites": [ "http://bibliovalle.gov.co/index.php?option=com_content&view=article&id=136&Itemid=113" ], "emails": null, "socials": [ "https://www.facebook.com/175186602612517" ], "phones": [ "+5726200439" ], "brand": "{'wikidata': None, 'names': {'primary': None, 'common': None, 'rules': None}}", "addresses": "[{'freeform': 'Calle 5 24A-92', 'locality': 'Cali', 'postcode': '760043', 'region': None, 'country': 'CO'}]", "names": "{'primary': 'Museo Interactivo Abrakadabra', 'common': None, 'rules': None}", "sources": "[{'property': '', 'dataset': 'meta', 'license': 'CDLA-Permissive-2.0', 'record_id': '175186602612517', 'update_time': '2026-04-06T00:00:00.000Z', 'confidence': 0.5734211802482605, 'between': None}, {'property': '/properties/confidence', 'dataset': 'Overture', 'license': 'CDLA-Permissive-2.0', 'record_id': None, 'update_time': '2026-04-07T10:00:15Z', 'confidence': None, 'between': None}]", "operating_status": "open", "basic_category": "museum", "taxonomy": "{'primary': 'history_museum', 'hierarchy': ['arts_and_entertainment', 'museum', 'history_museum'], 'alternates': None}", "version": 6 }, "geometry": { "type": "Point", "coordinates": [ -76.538997738903731, 3.436368436683845 ] } },
{ "type": "Feature", "properties": { "id": "e0ccb0d4-9727-48f7-8507-08385714ac47", "categories": { "primary": "landmark_and_historical_building", "alternate": [ "observatory", "fountain" ] }, "confidence": 0.78881299495697021, "websites": null, "emails": null, "socials": [ "https://www.facebook.com/2382925521727114" ], "phones": null, "brand": "{'wikidata': None, 'names': {'primary': None, 'common': None, 'rules': None}}", "addresses": "[{'freeform': '', 'locality': 'Cali', 'postcode': '', 'region': None, 'country': 'CO'}]", "names": "{'primary': 'Observatorio Astronómico del Valle', 'common': None, 'rules': None}", "sources": "[{'property': '', 'dataset': 'meta', 'license': 'CDLA-Permissive-2.0', 'record_id': '2382925521727114', 'update_time': '2026-04-06T00:00:00.000Z', 'confidence': 0.7888129949569702, 'between': None}, {'property': '/properties/confidence', 'dataset': 'Overture', 'license': 'CDLA-Permissive-2.0', 'record_id': None, 'update_time': '2026-04-07T10:00:15Z', 'confidence': None, 'between': None}]", "operating_status": "open", "basic_category": "historic_site", "taxonomy": "{'primary': 'historic_site', 'hierarchy': ['cultural_and_historic', 'historic_site'], 'alternates': None}", "version": 8 }, "geometry": { "type": "Point", "coordinates": [ -76.539112, 3.43664 ] } },
{ "type": "Feature", "properties": { "id": "f20a6ff8-1f6d-4ee2-8467-0b85ea8c6cba", "categories": { "primary": "history_museum", "alternate": [ "museum", "science_museum" ] }, "confidence": 0.95043208062648776, "websites": [ "http://www.inciva.org" ], "emails": [ "divulgacion@inciva.gov.co" ], "socials": [ "https://www.facebook.com/550399014820896" ], "phones": [ "+573105676749" ], "brand": "{'wikidata': None, 'names': {'primary': None, 'common': None, 'rules': None}}", "addresses": "[{'freeform': 'Avenida Roosevelt 24A-80', 'locality': 'Cali', 'postcode': '760042', 'region': None, 'country': 'CO'}]", "names": "{'primary': 'Museo Departamental de Ciencias Naturales INCIVA', 'common': None, 'rules': None}", "sources": "[{'property': '', 'dataset': 'meta', 'license': 'CDLA-Permissive-2.0', 'record_id': '550399014820896', 'update_time': '2026-04-06T00:00:00.000Z', 'confidence': 0.7844873070716858, 'between': None}, {'property': '/properties/confidence', 'dataset': 'Overture', 'license': 'CDLA-Permissive-2.0', 'record_id': None, 'update_time': '2026-04-07T10:00:15Z', 'confidence': None, 'between': None}]", "operating_status": "open", "basic_category": "museum", "taxonomy": "{'primary': 'history_museum', 'hierarchy': ['arts_and_entertainment', 'museum', 'history_museum'], 'alternates': None}", "version": 9 }, "geometry": { "type": "Point", "coordinates": [ -76.53889664, 3.43629296 ] } },
{ "type": "Feature", "properties": { "id": "2f990676-4b88-4f0a-94bc-b4e26b5e8e73", "categories": { "primary": "gardener", "alternate": [ "janitorial_services" ] }, "confidence": 0.25187927484512329, "websites": [ "http://www.solucionesatiempo.com/" ], "emails": [ "info@solucionesatiempo.com" ], "socials": [ "https://www.facebook.com/342967350350924" ], "phones": [ "+576023450084" ], "brand": "{'wikidata': None, 'names': {'primary': None, 'common': None, 'rules': None}}", "addresses": "[{'freeform': 'calle 6  # 25-32, Cali, Valle del Cauca', 'locality': 'Cali', 'postcode': '760042', 'region': None, 'country': 'CO'}]", "names": "{'primary': 'Servicios de limpieza y mantenimiento Soluciones a Tiempo SAS', 'common': None, 'rules': None}", "sources": "[{'property': '', 'dataset': 'meta', 'license': 'CDLA-Permissive-2.0', 'record_id': '342967350350924', 'update_time': '2026-04-06T00:00:00.000Z', 'confidence': 0.2518792748451233, 'between': None}, {'property': '/properties/confidence', 'dataset': 'Overture', 'license': 'CDLA-Permissive-2.0', 'record_id': None, 'update_time': '2026-04-07T10:00:15Z', 'confidence': None, 'between': None}]", "operating_status": "open", "basic_category": "home_service", "taxonomy": "{'primary': 'gardener', 'hierarchy': ['services_and_business', 'home_service', 'landscaping', 'gardener'], 'alternates': None}", "version": 1 }, "geometry": { "type": "Point", "coordinates": [ -76.538934082975388, 3.434754474212927 ] } },
{ "type": "Feature", "properties": { "id": "dfbd25ff-a083-48ae-9e97-62e51e4bdb29", "categories": "{'primary': 'plastic_manufacturer', 'alternate': None}", "confidence": 0.55962646007537842, "websites": [ "https://envaphar.com/" ], "emails": [ "envaphar@gmail.com" ], "socials": [ "https://www.facebook.com/108386950715963" ], "phones": [ "+573155101320" ], "brand": "{'wikidata': None, 'names': {'primary': None, 'common': None, 'rules': None}}", "addresses": "[{'freeform': 'Avenida Roosevelt 25-32', 'locality': 'Cali', 'postcode': '760042', 'region': None, 'country': 'CO'}]", "names": "{'primary': 'Envaphar SAS', 'common': None, 'rules': None}", "sources": "[{'property': '', 'dataset': 'meta', 'license': 'CDLA-Permissive-2.0', 'record_id': '108386950715963', 'update_time': '2026-04-06T00:00:00.000Z', 'confidence': 0.5596264600753784, 'between': None}, {'property': '/properties/confidence', 'dataset': 'Overture', 'license': 'CDLA-Permissive-2.0', 'record_id': None, 'update_time': '2026-04-07T10:00:15Z', 'confidence': None, 'between': None}]", "operating_status": "open", "basic_category": "manufacturer", "taxonomy": "{'primary': 'plastic_manufacturer', 'hierarchy': ['services_and_business', 'b2b_service', 'manufacturer', 'plastic_manufacturer'], 'alternates': None}", "version": 7 }, "geometry": { "type": "Point", "coordinates": [ -76.5389, 3.43491 ] } },
{ "type": "Feature", "properties": { "id": "f3b86201-7e7b-43a4-80f9-71a30b9f3413", "categories": { "primary": "cafe", "alternate": [ "coffee_shop", "pizza_restaurant" ] }, "confidence": 0.86544358730316162, "websites": [ "https://cafelupin.com/" ], "emails": [ "cafelupin2021@gmail.com" ], "socials": [ "https://www.facebook.com/102770321954755" ], "phones": [ "+573215357500" ], "brand": "{'wikidata': None, 'names': {'primary': None, 'common': None, 'rules': None}}", "addresses": "[{'freeform': '', 'locality': 'Cali', 'postcode': '', 'region': None, 'country': 'CO'}]", "names": "{'primary': 'CafeLupin', 'common': None, 'rules': None}", "sources": "[{'property': '', 'dataset': 'meta', 'license': 'CDLA-Permissive-2.0', 'record_id': '102770321954755', 'update_time': '2026-04-06T00:00:00.000Z', 'confidence': 0.8654435873031616, 'between': None}, {'property': '/properties/confidence', 'dataset': 'Overture', 'license': 'CDLA-Permissive-2.0', 'record_id': None, 'update_time': '2026-04-07T10:00:15Z', 'confidence': None, 'between': None}]", "operating_status": "open", "basic_category": "cafe", "taxonomy": "{'primary': 'cafe', 'hierarchy': ['food_and_drink', 'casual_eatery', 'cafe'], 'alternates': None}", "version": 5 }, "geometry": { "type": "Point", "coordinates": [ -76.5388786, 3.4350187 ] } },
{ "type": "Feature", "properties": { "id": "9de3aaaa-a26e-4e93-af79-0e7a477e2b1f", "categories": { "primary": "landmark_and_historical_building", "alternate": [ "professional_services", "accommodation" ] }, "confidence": 0.94065278768539429, "websites": null, "emails": null, "socials": [ "https://www.facebook.com/143548866498742" ], "phones": [ "+573174988314" ], "brand": "{'wikidata': None, 'names': {'primary': None, 'common': None, 'rules': None}}", "addresses": "[{'freeform': 'Avenida Roosevelt 25-32', 'locality': 'Cali', 'postcode': '760042', 'region': None, 'country': 'CO'}]", "names": "{'primary': 'Edificio San Joaquin', 'common': None, 'rules': None}", "sources": "[{'property': '', 'dataset': 'meta', 'license': 'CDLA-Permissive-2.0', 'record_id': '143548866498742', 'update_time': '2026-04-06T00:00:00.000Z', 'confidence': 0.9406527876853943, 'between': None}, {'property': '/properties/confidence', 'dataset': 'Overture', 'license': 'CDLA-Permissive-2.0', 'record_id': None, 'update_time': '2026-04-07T10:00:15Z', 'confidence': None, 'between': None}]", "operating_status": "open", "basic_category": "historic_site", "taxonomy": "{'primary': 'historic_site', 'hierarchy': ['cultural_and_historic', 'historic_site'], 'alternates': None}", "version": 7 }, "geometry": { "type": "Point", "coordinates": [ -76.53887296, 3.43484749 ] } },
{ "type": "Feature", "properties": { "id": "04c32d3a-f406-48e7-a453-453296806779", "categories": { "primary": "health_food_store", "alternate": [ "vitamins_and_supplements" ] }, "confidence": 0.84883874654769897, "websites": [ "http://www.artemisa.co" ], "emails": null, "socials": [ "https://www.facebook.com/495697287841885" ], "phones": [ "+573164830179" ], "brand": "{'wikidata': None, 'names': {'primary': 'Artemisa Productos Naturales', 'common': None, 'rules': None}}", "addresses": "[{'freeform': 'Avenida Roosevelt 25-32', 'locality': 'Cali', 'postcode': '760042', 'region': None, 'country': 'CO'}]", "names": "{'primary': 'Artemisa Roosevelt', 'common': None, 'rules': None}", "sources": "[{'property': '', 'dataset': 'meta', 'license': 'CDLA-Permissive-2.0', 'record_id': '495697287841885', 'update_time': '2026-04-06T00:00:00.000Z', 'confidence': 0.848838746547699, 'between': None}, {'property': '/properties/confidence', 'dataset': 'Overture', 'license': 'CDLA-Permissive-2.0', 'record_id': None, 'update_time': '2026-04-07T10:00:15Z', 'confidence': None, 'between': None}]", "operating_status": "open", "basic_category": "food_and_beverage_store", "taxonomy": "{'primary': 'health_food_store', 'hierarchy': ['shopping', 'food_and_beverage_store', 'health_food_store'], 'alternates': None}", "version": 8 }, "geometry": { "type": "Point", "coordinates": [ -76.53887255, 3.43463347 ] } },
{ "type": "Feature", "properties": { "id": "f60ecd0b-6735-40db-a4d2-dc832a05ca75", "categories": { "primary": "medical_center", "alternate": [ "health_and_medical", "doctor" ] }, "confidence": 0.64060723781585693, "websites": null, "emails": null, "socials": [ "https://www.facebook.com/181961641943385" ], "phones": null, "brand": "{'wikidata': None, 'names': {'primary': None, 'common': None, 'rules': None}}", "addresses": "[{'freeform': 'Av. Roosevelt', 'locality': 'Cali', 'postcode': '720025', 'region': None, 'country': 'CO'}]", "names": "{'primary': 'Salud Total EPS Avenida Roosevelt', 'common': None, 'rules': None}", "sources": "[{'property': '', 'dataset': 'meta', 'license': 'CDLA-Permissive-2.0', 'record_id': '181961641943385', 'update_time': '2026-04-06T00:00:00.000Z', 'confidence': 0.6406072378158569, 'between': None}, {'property': '/properties/confidence', 'dataset': 'Overture', 'license': 'CDLA-Permissive-2.0', 'record_id': None, 'update_time': '2026-04-07T10:00:15Z', 'confidence': None, 'between': None}]", "operating_status": "open", "basic_category": "outpatient_care_facility", "taxonomy": "{'primary': 'outpatient_care_facility', 'hierarchy': ['health_care', 'outpatient_care_facility'], 'alternates': None}", "version": 8 }, "geometry": { "type": "Point", "coordinates": [ -76.53885817, 3.43483225 ] } },
{ "type": "Feature", "properties": { "id": "0653e1a2-c46c-4fd4-8a61-b3bbd3606281", "categories": { "primary": "car_dealer", "alternate": [ "motorcycle_dealer", "automotive_repair" ] }, "confidence": 0.70704567432403564, "websites": null, "emails": null, "socials": [ "https://www.facebook.com/107052972189093" ], "phones": [ "+573183677736" ], "brand": "{'wikidata': None, 'names': {'primary': 'Bajaj Colombia', 'common': None, 'rules': None}}", "addresses": "[{'freeform': 'Avenida Roosevelt 25-12', 'locality': 'Cali', 'postcode': '760042', 'region': None, 'country': 'CO'}]", "names": "{'primary': 'Tienda Grupo Uma Bajaj Roosevelt', 'common': None, 'rules': None}", "sources": "[{'property': '', 'dataset': 'meta', 'license': 'CDLA-Permissive-2.0', 'record_id': '107052972189093', 'update_time': '2026-04-06T00:00:00.000Z', 'confidence': 0.7070456743240356, 'between': None}, {'property': '/properties/confidence', 'dataset': 'Overture', 'license': 'CDLA-Permissive-2.0', 'record_id': None, 'update_time': '2026-04-07T10:00:15Z', 'confidence': None, 'between': None}]", "operating_status": "open", "basic_category": "auto_dealer", "taxonomy": "{'primary': 'auto_dealer', 'hierarchy': ['shopping', 'vehicle_dealer', 'auto_dealer'], 'alternates': None}", "version": 6 }, "geometry": { "type": "Point", "coordinates": [ -76.5388595, 3.43539374 ] } },
{ "type": "Feature", "properties": { "id": "7448996b-fe31-4fbb-b8d5-59060c5ca689", "categories": "{'primary': 'arcade', 'alternate': None}", "confidence": 0.77, "websites": [ "http://www.sossystemscali.com" ], "emails": null, "socials": [ "https://www.twitter.com/sscompurgencias" ], "phones": [ "575556419" ], "brand": null, "addresses": "[{'freeform': 'Clle 6 # 24-121', 'locality': 'Cali', 'postcode': None, 'region': None, 'country': 'CO'}]", "names": "{'primary': 'SOS Compurgencias', 'common': None, 'rules': None}", "sources": "[{'property': '', 'dataset': 'Foursquare', 'license': 'Apache-2.0', 'record_id': '4e68338dfa768a5e3cc3c618', 'update_time': '2021-02-10T00:00:00.000', 'confidence': 0.77, 'between': None}, {'property': '/properties/confidence', 'dataset': 'Overture', 'license': 'CDLA-Permissive-2.0', 'record_id': None, 'update_time': '2026-04-07T10:00:15Z', 'confidence': None, 'between': None}]", "operating_status": "open", "basic_category": "arcade", "taxonomy": "{'primary': 'arcade', 'hierarchy': ['arts_and_entertainment', 'gaming_venue', 'arcade'], 'alternates': None}", "version": 3 }, "geometry": { "type": "Point", "coordinates": [ -76.538753766666659, 3.436052566666667 ] } },
{ "type": "Feature", "properties": { "id": "381b0019-c40a-4e37-a3f3-cfb9248a7d2d", "categories": { "primary": "clothing_store", "alternate": [ "costume_store" ] }, "confidence": 0.21277192234992981, "websites": null, "emails": null, "socials": [ "https://www.facebook.com/1597696670510227" ], "phones": [ "+5725140860" ], "brand": "{'wikidata': None, 'names': {'primary': None, 'common': None, 'rules': None}}", "addresses": "[{'freeform': '', 'locality': 'Cali', 'postcode': '720025', 'region': None, 'country': 'CO'}]", "names": "{'primary': 'Stella Marmolejo', 'common': None, 'rules': None}", "sources": "[{'property': '', 'dataset': 'meta', 'license': 'CDLA-Permissive-2.0', 'record_id': '1597696670510227', 'update_time': '2026-04-06T00:00:00.000Z', 'confidence': 0.2127719223499298, 'between': None}, {'property': '/properties/confidence', 'dataset': 'Overture', 'license': 'CDLA-Permissive-2.0', 'record_id': None, 'update_time': '2026-04-07T10:00:15Z', 'confidence': None, 'between': None}]", "operating_status": "open", "basic_category": "fashion_and_apparel_store", "taxonomy": "{'primary': 'clothing_store', 'hierarchy': ['shopping', 'fashion_and_apparel_store', 'clothing_store'], 'alternates': None}", "version": 3 }, "geometry": { "type": "Point", "coordinates": [ -76.53868659, 3.43574332 ] } },
{ "type": "Feature", "properties": { "id": "980405c0-dfbc-4197-8df0-268a137047c3", "categories": { "primary": "automotive_parts_and_accessories", "alternate": [ "automotive" ] }, "confidence": 0.51857089996337891, "websites": [ "http://www.lomartautoparted.com.ve/" ], "emails": [ "lomartautoparyes@gmail.com" ], "socials": [ "https://www.facebook.com/104008125135829" ], "phones": [ "+573158774111" ], "brand": "{'wikidata': None, 'names': {'primary': None, 'common': None, 'rules': None}}", "addresses": "[{'freeform': 'Avenida Roosevelt 24A-39', 'locality': 'Cali', 'postcode': '760042', 'region': None, 'country': 'CO'}]", "names": "{'primary': 'Baterias Autoyankee', 'common': None, 'rules': None}", "sources": "[{'property': '', 'dataset': 'meta', 'license': 'CDLA-Permissive-2.0', 'record_id': '104008125135829', 'update_time': '2026-04-06T00:00:00.000Z', 'confidence': 0.5185708999633789, 'between': None}, {'property': '/properties/confidence', 'dataset': 'Overture', 'license': 'CDLA-Permissive-2.0', 'record_id': None, 'update_time': '2026-04-07T10:00:15Z', 'confidence': None, 'between': None}]", "operating_status": "open", "basic_category": "vehicle_parts_store", "taxonomy": "{'primary': 'auto_parts_store', 'hierarchy': ['shopping', 'specialty_store', 'vehicle_parts_store', 'auto_parts_store'], 'alternates': None}", "version": 6 }, "geometry": { "type": "Point", "coordinates": [ -76.53867255, 3.43576167 ] } },
{ "type": "Feature", "properties": { "id": "f573de65-5c7b-4981-a2d7-aef0dd07f5a5", "categories": "{'primary': 'gym', 'alternate': None}", "confidence": 1.0, "websites": [ "https://co.fitness24seven.com/gimnasios/nuestros-gimnasios/cali-san-fernando/" ], "emails": null, "socials": null, "phones": [ "+57 3227687798" ], "brand": null, "addresses": [ { "freeform": "Avenida Roosevelt # 24 A-75/85", "locality": "Cali", "postcode": "760042", "region": "", "country": "CO" } ], "names": "{'primary': 'Fitness24Seven', 'common': None, 'rules': None}", "sources": "[{'property': '', 'dataset': 'PinMeTo', 'license': 'CDLA-Permissive-2.0', 'record_id': '59edaa917014093e7b58fdbd', 'update_time': '2026-04-07T00:13:34.176Z', 'confidence': 0.5, 'between': None}, {'property': '/properties/confidence', 'dataset': 'Overture', 'license': 'CDLA-Permissive-2.0', 'record_id': None, 'update_time': '2026-04-07T10:00:15Z', 'confidence': None, 'between': None}]", "operating_status": "open", "basic_category": "gym", "taxonomy": "{'primary': 'gym', 'hierarchy': ['sports_and_recreation', 'sport_or_fitness_facility', 'gym'], 'alternates': None}", "version": 6 }, "geometry": { "type": "Point", "coordinates": [ -76.538652, 3.435324 ] } },
{ "type": "Feature", "properties": { "id": "1f96d3ed-ea97-4c82-a625-553befc2eb16", "categories": { "primary": "dance_club", "alternate": [ "music_venue", "bar" ] }, "confidence": 0.9042399525642395, "websites": [ "http://www.rumbavanaclub.com/" ], "emails": [ "info@rumbavanaclub.com" ], "socials": [ "https://www.facebook.com/148840665270172" ], "phones": [ "+573017445612" ], "brand": "{'wikidata': None, 'names': {'primary': None, 'common': None, 'rules': None}}", "addresses": "[{'freeform': 'Avenida Roosevelt 25-23', 'locality': 'Cali', 'postcode': '760042', 'region': None, 'country': 'CO'}]", "names": "{'primary': 'Rumbavana Club', 'common': None, 'rules': None}", "sources": "[{'property': '', 'dataset': 'meta', 'license': 'CDLA-Permissive-2.0', 'record_id': '148840665270172', 'update_time': '2026-04-06T00:00:00.000Z', 'confidence': 0.9042399525642395, 'between': None}, {'property': '/properties/confidence', 'dataset': 'Overture', 'license': 'CDLA-Permissive-2.0', 'record_id': None, 'update_time': '2026-04-07T10:00:15Z', 'confidence': None, 'between': None}]", "operating_status": "open", "basic_category": "dance_club", "taxonomy": "{'primary': 'dance_club', 'hierarchy': ['arts_and_entertainment', 'nightlife_venue', 'dance_club'], 'alternates': None}", "version": 6 }, "geometry": { "type": "Point", "coordinates": [ -76.53865658, 3.43500887 ] } },
{ "type": "Feature", "properties": { "id": "d101cc95-4aa9-4c32-b6f8-90a8c58d1fc4", "categories": null, "confidence": 0.037130475044250488, "websites": [ "http://www.carlosalbertomartineznoguera.com/" ], "emails": [ "valleenaccion@gmail.com" ], "socials": [ "https://www.facebook.com/1431457963605393" ], "phones": [ "+573144429732" ], "brand": "{'wikidata': None, 'names': {'primary': None, 'common': None, 'rules': None}}", "addresses": "[{'freeform': None, 'locality': 'Cali', 'postcode': None, 'region': None, 'country': 'CO'}]", "names": "{'primary': 'Carlos Martínez Noguera', 'common': None, 'rules': None}", "sources": "[{'property': '', 'dataset': 'meta', 'license': 'CDLA-Permissive-2.0', 'record_id': '1431457963605393', 'update_time': '2026-04-06T00:00:00.000Z', 'confidence': 0.03713047504425049, 'between': None}, {'property': '/properties/confidence', 'dataset': 'Overture', 'license': 'CDLA-Permissive-2.0', 'record_id': None, 'update_time': '2026-04-07T10:00:15Z', 'confidence': None, 'between': None}]", "operating_status": "open", "basic_category": null, "taxonomy": null, "version": 1 }, "geometry": { "type": "Point", "coordinates": [ -76.538701057433997, 3.4350731450017 ] } },
{ "type": "Feature", "properties": { "id": "62123df4-e48e-4e41-a44e-7cabc579390e", "categories": { "primary": "atms", "alternate": [ "bank_credit_union", "credit_union" ] }, "confidence": 0.529197096824646, "websites": null, "emails": null, "socials": [ "https://www.facebook.com/475408252605492" ], "phones": [ "+5718000518877" ], "brand": "{'wikidata': None, 'names': {'primary': None, 'common': None, 'rules': None}}", "addresses": "[{'freeform': 'Avenida Roosevelt 25-55', 'locality': 'Cali', 'postcode': '760042', 'region': None, 'country': 'CO'}]", "names": "{'primary': 'Bancolombia', 'common': None, 'rules': None}", "sources": "[{'property': '', 'dataset': 'meta', 'license': 'CDLA-Permissive-2.0', 'record_id': '475408252605492', 'update_time': '2026-04-06T00:00:00.000Z', 'confidence': 0.529197096824646, 'between': None}, {'property': '/properties/confidence', 'dataset': 'Overture', 'license': 'CDLA-Permissive-2.0', 'record_id': None, 'update_time': '2026-04-07T10:00:15Z', 'confidence': None, 'between': None}]", "operating_status": "open", "basic_category": "atm", "taxonomy": "{'primary': 'atm', 'hierarchy': ['services_and_business', 'financial_service', 'atm'], 'alternates': None}", "version": 8 }, "geometry": { "type": "Point", "coordinates": [ -76.53869237, 3.43452816 ] } },
{ "type": "Feature", "properties": { "id": "5fd29b88-65f5-4ec6-b1a3-f532f2fc95b6", "categories": { "primary": "driving_school", "alternate": [ "campus_building", "school" ] }, "confidence": 0.83789998292922974, "websites": [ "https://ferrervicnt.wixsite.com/vicnt" ], "emails": [ "ceajcatencionalcliente@gmail.com" ], "socials": [ "https://www.facebook.com/866061393499200" ], "phones": [ "+576025245818" ], "brand": "{'wikidata': None, 'names': {'primary': None, 'common': None, 'rules': None}}", "addresses": "[{'freeform': 'Avenida Roosevelt 25-51', 'locality': 'Cali', 'postcode': '760042', 'region': None, 'country': 'CO'}]", "names": "{'primary': 'Escuela de Automovilismo JC', 'common': None, 'rules': None}", "sources": "[{'property': '', 'dataset': 'meta', 'license': 'CDLA-Permissive-2.0', 'record_id': '866061393499200', 'update_time': '2026-04-06T00:00:00.000Z', 'confidence': 0.8378999829292297, 'between': None}, {'property': '/properties/confidence', 'dataset': 'Overture', 'license': 'CDLA-Permissive-2.0', 'record_id': None, 'update_time': '2026-04-07T10:00:15Z', 'confidence': None, 'between': None}]", "operating_status": "open", "basic_category": "specialty_school", "taxonomy": "{'primary': 'driving_school', 'hierarchy': ['education', 'place_of_learning', 'specialty_school', 'driving_school'], 'alternates': None}", "version": 1 }, "geometry": { "type": "Point", "coordinates": [ -76.53867012, 3.43467787 ] } },
{ "type": "Feature", "properties": { "id": "b6d56e3b-ae61-47a0-b732-1963a018889f", "categories": "{'primary': 'language_school', 'alternate': None}", "confidence": 0.5195162296295166, "websites": [ "http://www.englitypro.com/" ], "emails": [ "englity@gmail.com" ], "socials": [ "https://www.facebook.com/106702121376894" ], "phones": [ "+573187493604" ], "brand": "{'wikidata': None, 'names': {'primary': None, 'common': None, 'rules': None}}", "addresses": "[{'freeform': 'Avenida Roosevelt 24A-07', 'locality': 'Cali', 'postcode': '760042', 'region': None, 'country': 'CO'}]", "names": "{'primary': 'Englity English', 'common': None, 'rules': None}", "sources": "[{'property': '', 'dataset': 'meta', 'license': 'CDLA-Permissive-2.0', 'record_id': '106702121376894', 'update_time': '2026-04-06T00:00:00.000Z', 'confidence': 0.5195162296295166, 'between': None}, {'property': '/properties/confidence', 'dataset': 'Overture', 'license': 'CDLA-Permissive-2.0', 'record_id': None, 'update_time': '2026-04-07T10:00:15Z', 'confidence': None, 'between': None}]", "operating_status": "open", "basic_category": "specialty_school", "taxonomy": "{'primary': 'language_school', 'hierarchy': ['education', 'place_of_learning', 'specialty_school', 'language_school'], 'alternates': None}", "version": 8 }, "geometry": { "type": "Point", "coordinates": [ -76.53858654, 3.43595998 ] } },
{ "type": "Feature", "properties": { "id": "407f7871-0776-4afe-a879-3a26d91ddd70", "categories": { "primary": "landmark_and_historical_building", "alternate": [ "accommodation" ] }, "confidence": 0.50845086574554443, "websites": null, "emails": null, "socials": [ "https://www.facebook.com/694795720623856" ], "phones": null, "brand": "{'wikidata': None, 'names': {'primary': None, 'common': None, 'rules': None}}", "addresses": "[{'freeform': 'cll12', 'locality': 'Cali', 'postcode': 'Cra5', 'region': None, 'country': 'CO'}]", "names": "{'primary': 'Barrio San Fernando', 'common': None, 'rules': None}", "sources": "[{'property': '', 'dataset': 'meta', 'license': 'CDLA-Permissive-2.0', 'record_id': '694795720623856', 'update_time': '2026-04-06T00:00:00.000Z', 'confidence': 0.5084508657455444, 'between': None}, {'property': '/properties/confidence', 'dataset': 'Overture', 'license': 'CDLA-Permissive-2.0', 'record_id': None, 'update_time': '2026-04-07T10:00:15Z', 'confidence': None, 'between': None}]", "operating_status": "open", "basic_category": "historic_site", "taxonomy": "{'primary': 'historic_site', 'hierarchy': ['cultural_and_historic', 'historic_site'], 'alternates': None}", "version": 1 }, "geometry": { "type": "Point", "coordinates": [ -76.53860892, 3.43540537 ] } },
{ "type": "Feature", "properties": { "id": "957921ce-8b85-4caa-8775-d1b33a818717", "categories": { "primary": "dance_club", "alternate": [ "bar", "salsa_club" ] }, "confidence": 0.90035802125930786, "websites": null, "emails": null, "socials": [ "https://www.facebook.com/100388978615095" ], "phones": [ "+573163390367" ], "brand": "{'wikidata': None, 'names': {'primary': None, 'common': None, 'rules': None}}", "addresses": "[{'freeform': 'Avenida Roosevelt 24-69', 'locality': 'Cali', 'postcode': '760042', 'region': None, 'country': 'CO'}]", "names": "{'primary': 'Club Tao Cali', 'common': None, 'rules': None}", "sources": "[{'property': '', 'dataset': 'meta', 'license': 'CDLA-Permissive-2.0', 'record_id': '100388978615095', 'update_time': '2026-04-06T00:00:00.000Z', 'confidence': 0.9003580212593079, 'between': None}, {'property': '/properties/confidence', 'dataset': 'Overture', 'license': 'CDLA-Permissive-2.0', 'record_id': None, 'update_time': '2026-04-07T10:00:15Z', 'confidence': None, 'between': None}]", "operating_status": "open", "basic_category": "dance_club", "taxonomy": "{'primary': 'dance_club', 'hierarchy': ['arts_and_entertainment', 'nightlife_venue', 'dance_club'], 'alternates': None}", "version": 6 }, "geometry": { "type": "Point", "coordinates": [ -76.53861015, 3.43636168 ] } },
{ "type": "Feature", "properties": { "id": "2d498146-5a76-4bab-b552-c39d574ba5dd", "categories": { "primary": "dentist", "alternate": [ "health_and_medical" ] }, "confidence": 0.36891001462936401, "websites": [ "http://www.hbortodonciainvisible.com" ], "emails": null, "socials": [ "https://www.facebook.com/171502859571785" ], "phones": [ "+25571096" ], "brand": "{'wikidata': None, 'names': {'primary': None, 'common': None, 'rules': None}}", "addresses": "[{'freeform': 'Calle 6 24-131', 'locality': 'Cali', 'postcode': '760042', 'region': None, 'country': 'CO'}]", "names": "{'primary': 'Primsalud', 'common': None, 'rules': None}", "sources": "[{'property': '', 'dataset': 'meta', 'license': 'CDLA-Permissive-2.0', 'record_id': '171502859571785', 'update_time': '2026-04-06T00:00:00.000Z', 'confidence': 0.368910014629364, 'between': None}, {'property': '/properties/confidence', 'dataset': 'Overture', 'license': 'CDLA-Permissive-2.0', 'record_id': None, 'update_time': '2026-04-07T10:00:15Z', 'confidence': None, 'between': None}]", "operating_status": "open", "basic_category": "dental_clinic", "taxonomy": "{'primary': 'dental_clinic', 'hierarchy': ['health_care', 'outpatient_care_facility', 'dental_clinic'], 'alternates': None}", "version": 6 }, "geometry": { "type": "Point", "coordinates": [ -76.53875347, 3.43672976 ] } },
{ "type": "Feature", "properties": { "id": "24376e0f-82f1-4e46-9096-193264a8af16", "categories": { "primary": "clothing_store", "alternate": [ "costume_store", "party_supply" ] }, "confidence": 0.88067746162414551, "websites": [ "http://bit.ly/disfraceslacasadelterror" ], "emails": [ "disfraceslacasadelterrorcali@gmail.com" ], "socials": [ "https://www.facebook.com/648967368568131" ], "phones": [ "+25582563" ], "brand": "{'wikidata': None, 'names': {'primary': None, 'common': None, 'rules': None}}", "addresses": "[{'freeform': 'Calle 6 24-103', 'locality': 'Cali', 'postcode': '760042', 'region': None, 'country': 'CO'}]", "names": "{'primary': 'La casa del terror', 'common': None, 'rules': None}", "sources": "[{'property': '', 'dataset': 'meta', 'license': 'CDLA-Permissive-2.0', 'record_id': '648967368568131', 'update_time': '2026-04-06T00:00:00.000Z', 'confidence': 0.8806774616241455, 'between': None}, {'property': '/properties/confidence', 'dataset': 'Overture', 'license': 'CDLA-Permissive-2.0', 'record_id': None, 'update_time': '2026-04-07T10:00:15Z', 'confidence': None, 'between': None}]", "operating_status": "open", "basic_category": "fashion_and_apparel_store", "taxonomy": "{'primary': 'clothing_store', 'hierarchy': ['shopping', 'fashion_and_apparel_store', 'clothing_store'], 'alternates': None}", "version": 6 }, "geometry": { "type": "Point", "coordinates": [ -76.53875154, 3.43666013 ] } },
{ "type": "Feature", "properties": { "id": "1725b8f7-a8c6-49d1-b6da-4b365c1a5e06", "categories": { "primary": "veterinarian", "alternate": [ "pet_services", "hospital" ] }, "confidence": 0.8112826943397522, "websites": [ "http://mundocaninoyfelino.com/" ], "emails": [ "mundocaninoyfelino@hotmail.com" ], "socials": [ "https://www.facebook.com/545456635573374" ], "phones": [ "+573185575043" ], "brand": "{'wikidata': None, 'names': {'primary': None, 'common': None, 'rules': None}}", "addresses": "[{'freeform': 'Carrera 24A 6-29', 'locality': 'Cali', 'postcode': '760042', 'region': None, 'country': 'CO'}]", "names": "{'primary': 'Veterinaria Mundo Canino y Felino', 'common': None, 'rules': None}", "sources": "[{'property': '', 'dataset': 'meta', 'license': 'CDLA-Permissive-2.0', 'record_id': '545456635573374', 'update_time': '2026-04-06T00:00:00.000Z', 'confidence': 0.8112826943397522, 'between': None}, {'property': '/properties/confidence', 'dataset': 'Overture', 'license': 'CDLA-Permissive-2.0', 'record_id': None, 'update_time': '2026-04-07T10:00:15Z', 'confidence': None, 'between': None}]", "operating_status": "open", "basic_category": "animal_or_pet_service", "taxonomy": "{'primary': 'veterinarian', 'hierarchy': ['lifestyle_services', 'animal_or_pet_service', 'veterinary_care', 'veterinarian'], 'alternates': None}", "version": 6 }, "geometry": { "type": "Point", "coordinates": [ -76.53835832, 3.43619458 ] } },
{ "type": "Feature", "properties": { "id": "d1536a7d-31af-422c-9050-e57be0960840", "categories": { "primary": "dance_club", "alternate": [ "salsa_club", "arts_and_entertainment" ] }, "confidence": 0.80786597728729248, "websites": [ "https://twitter.com/salsaclubcali" ], "emails": [ "salsaclubcali@gmail.com" ], "socials": [ "https://www.facebook.com/332228728440" ], "phones": [ "+573146179654" ], "brand": "{'wikidata': None, 'names': {'primary': None, 'common': None, 'rules': None}}", "addresses": "[{'freeform': 'Avenida Roosevelt 24-67', 'locality': 'Cali', 'postcode': '760042', 'region': None, 'country': 'CO'}]", "names": "{'primary': 'Salsa Night Club', 'common': None, 'rules': None}", "sources": "[{'property': '', 'dataset': 'meta', 'license': 'CDLA-Permissive-2.0', 'record_id': '332228728440', 'update_time': '2026-04-06T00:00:00.000Z', 'confidence': 0.8078659772872925, 'between': None}, {'property': '/properties/confidence', 'dataset': 'Overture', 'license': 'CDLA-Permissive-2.0', 'record_id': None, 'update_time': '2026-04-07T10:00:15Z', 'confidence': None, 'between': None}]", "operating_status": "open", "basic_category": "dance_club", "taxonomy": "{'primary': 'dance_club', 'hierarchy': ['arts_and_entertainment', 'nightlife_venue', 'dance_club'], 'alternates': None}", "version": 6 }, "geometry": { "type": "Point", "coordinates": [ -76.5383797, 3.43694594 ] } },
{ "type": "Feature", "properties": { "id": "2bea37de-7788-45fc-8eba-122e0fc73426", "categories": { "primary": "dance_club", "alternate": [ "bar", "arts_and_entertainment" ] }, "confidence": 0.89381736516952515, "websites": null, "emails": [ "cervantesartista@gmail.com" ], "socials": [ "https://www.facebook.com/118699998146367" ], "phones": [ "+573006844126" ], "brand": "{'wikidata': None, 'names': {'primary': None, 'common': None, 'rules': None}}", "addresses": "[{'freeform': 'Carrera 5-32', 'locality': 'Cali', 'postcode': '760044', 'region': None, 'country': 'CO'}]", "names": "{'primary': 'El Manicero', 'common': None, 'rules': None}", "sources": "[{'property': '', 'dataset': 'meta', 'license': 'CDLA-Permissive-2.0', 'record_id': '118699998146367', 'update_time': '2026-04-06T00:00:00.000Z', 'confidence': 0.8938173651695251, 'between': None}, {'property': '/properties/confidence', 'dataset': 'Overture', 'license': 'CDLA-Permissive-2.0', 'record_id': None, 'update_time': '2026-04-07T10:00:15Z', 'confidence': None, 'between': None}]", "operating_status": "open", "basic_category": "dance_club", "taxonomy": "{'primary': 'dance_club', 'hierarchy': ['arts_and_entertainment', 'nightlife_venue', 'dance_club'], 'alternates': None}", "version": 8 }, "geometry": { "type": "Point", "coordinates": [ -76.53840942, 3.43716605 ] } },
{ "type": "Feature", "properties": { "id": "d2d0fc2a-1a32-4ea6-bc87-1d02b4922658", "categories": "{'primary': 'event_technology_service', 'alternate': None}", "confidence": 0.77, "websites": [ "http://www.lahoralocacali.com" ], "emails": null, "socials": [ "https://www.facebook.com/125632644645384" ], "phones": [ "317 2853771" ], "brand": null, "addresses": [ { "freeform": "Av Roosevelt Cl 6 24 - 109", "locality": "Cali", "postcode": "760042", "region": "Valle del Cauca", "country": "CO" } ], "names": "{'primary': 'La Hora Loca Cali', 'common': None, 'rules': None}", "sources": "[{'property': '', 'dataset': 'Foursquare', 'license': 'Apache-2.0', 'record_id': '5249fe9311d2c2803e41c6f1', 'update_time': '2024-10-16T00:00:00.000', 'confidence': 0.77, 'between': None}, {'property': '/properties/confidence', 'dataset': 'Overture', 'license': 'CDLA-Permissive-2.0', 'record_id': None, 'update_time': '2026-04-07T10:00:15Z', 'confidence': None, 'between': None}]", "operating_status": "open", "basic_category": "event_or_party_service", "taxonomy": "{'primary': 'event_technology_service', 'hierarchy': ['services_and_business', 'event_or_party_service', 'event_technology_service'], 'alternates': None}", "version": 7 }, "geometry": { "type": "Point", "coordinates": [ -76.5384818, 3.4364097 ] } },
{ "type": "Feature", "properties": { "id": "83fba770-7606-4f5d-bdbb-8a073fdd0bdd", "categories": "{'primary': 'motorcycle_repair', 'alternate': None}", "confidence": 0.74425047636032104, "websites": null, "emails": [ "superbikesservicio26@gmail.com" ], "socials": [ "https://www.facebook.com/100192605354888" ], "phones": [ "+573128828638" ], "brand": "{'wikidata': None, 'names': {'primary': None, 'common': None, 'rules': None}}", "addresses": "[{'freeform': 'Avenida Roosevelt 24A-49', 'locality': 'Cali', 'postcode': '760042', 'region': None, 'country': 'CO'}]", "names": "{'primary': 'SUPER BIKE servicio técnico', 'common': None, 'rules': None}", "sources": "[{'property': '', 'dataset': 'meta', 'license': 'CDLA-Permissive-2.0', 'record_id': '100192605354888', 'update_time': '2026-04-06T00:00:00.000Z', 'confidence': 0.744250476360321, 'between': None}, {'property': '/properties/confidence', 'dataset': 'Overture', 'license': 'CDLA-Permissive-2.0', 'record_id': None, 'update_time': '2026-04-07T10:00:15Z', 'confidence': None, 'between': None}]", "operating_status": "open", "basic_category": "vehicle_service", "taxonomy": "{'primary': 'motorcycle_repair', 'hierarchy': ['travel_and_transportation', 'vehicle_service', 'motorcycle_service', 'motorcycle_repair'], 'alternates': None}", "version": 7 }, "geometry": { "type": "Point", "coordinates": [ -76.53852, 3.4355149882833 ] } },
{ "type": "Feature", "properties": { "id": "7037c22f-b3ef-4479-af46-63b3acfa2d14", "categories": { "primary": "topic_concert_venue", "alternate": [ "arts_and_entertainment", "music_school" ] }, "confidence": 0.55505198240280151, "websites": null, "emails": [ "calidanza@gmail.com.com" ], "socials": [ "https://www.facebook.com/284658291595303" ], "phones": [ "+573192471400" ], "brand": "{'wikidata': None, 'names': {'primary': None, 'common': None, 'rules': None}}", "addresses": "[{'freeform': 'Carrera 25 6-24', 'locality': 'Cali', 'postcode': '760042', 'region': None, 'country': 'CO'}]", "names": "{'primary': 'Clases de Tango Cali', 'common': None, 'rules': None}", "sources": "[{'property': '', 'dataset': 'meta', 'license': 'CDLA-Permissive-2.0', 'record_id': '284658291595303', 'update_time': '2026-04-06T00:00:00.000Z', 'confidence': 0.5550519824028015, 'between': None}, {'property': '/properties/confidence', 'dataset': 'Overture', 'license': 'CDLA-Permissive-2.0', 'record_id': None, 'update_time': '2026-04-07T10:00:15Z', 'confidence': None, 'between': None}]", "operating_status": "open", "basic_category": "music_venue", "taxonomy": "{'primary': 'music_venue', 'hierarchy': ['arts_and_entertainment', 'performing_arts_venue', 'music_venue'], 'alternates': None}", "version": 6 }, "geometry": { "type": "Point", "coordinates": [ -76.538513302802997, 3.4350731450017 ] } },
{ "type": "Feature", "properties": { "id": "6b1a6989-ee32-4281-bcff-23446f7e6df7", "categories": { "primary": "dance_school", "alternate": [ "tutoring_center", "event_planning" ] }, "confidence": 0.60957401990890503, "websites": [ "http://www.muevelocali.com/" ], "emails": [ "contacto@muevelocali.com" ], "socials": [ "https://www.facebook.com/324485408175524" ], "phones": [ "+573502233161" ], "brand": "{'wikidata': None, 'names': {'primary': None, 'common': None, 'rules': None}}", "addresses": "[{'freeform': 'Carrera 25 6-24', 'locality': 'Cali', 'postcode': '760042', 'region': None, 'country': 'CO'}]", "names": "{'primary': 'Muévelo Cali', 'common': None, 'rules': None}", "sources": "[{'property': '', 'dataset': 'meta', 'license': 'CDLA-Permissive-2.0', 'record_id': '324485408175524', 'update_time': '2026-04-06T00:00:00.000Z', 'confidence': 0.609574019908905, 'between': None}, {'property': '/properties/confidence', 'dataset': 'Overture', 'license': 'CDLA-Permissive-2.0', 'record_id': None, 'update_time': '2026-04-07T10:00:15Z', 'confidence': None, 'between': None}]", "operating_status": "open", "basic_category": "sport_or_fitness_facility", "taxonomy": "{'primary': 'dance_studio', 'hierarchy': ['sports_and_recreation', 'sport_or_fitness_facility', 'dance_studio'], 'alternates': None}", "version": 6 }, "geometry": { "type": "Point", "coordinates": [ -76.53846609, 3.43515722 ] } },
{ "type": "Feature", "properties": { "id": "822f4698-6faa-4a48-a7cf-dd1ecb293f2a", "categories": "{'primary': 'pet_services', 'alternate': None}", "confidence": 0.87137621641159058, "websites": null, "emails": [ "atheneahospitalveterinario@gmail.com" ], "socials": [ "https://www.facebook.com/233888959817416" ], "phones": [ "+573152496827" ], "brand": "{'wikidata': None, 'names': {'primary': None, 'common': None, 'rules': None}}", "addresses": "[{'freeform': 'Carrera 25-42', 'locality': 'Cali', 'postcode': '760042', 'region': None, 'country': 'CO'}]", "names": "{'primary': 'Athenea Hospital Veterinario ', 'common': None, 'rules': None}", "sources": "[{'property': '', 'dataset': 'meta', 'license': 'CDLA-Permissive-2.0', 'record_id': '233888959817416', 'update_time': '2026-04-06T00:00:00.000Z', 'confidence': 0.8713762164115906, 'between': None}, {'property': '/properties/confidence', 'dataset': 'Overture', 'license': 'CDLA-Permissive-2.0', 'record_id': None, 'update_time': '2026-04-07T10:00:15Z', 'confidence': None, 'between': None}]", "operating_status": "open", "basic_category": "animal_or_pet_service", "taxonomy": "{'primary': 'animal_or_pet_service', 'hierarchy': ['lifestyle_services', 'animal_or_pet_service'], 'alternates': None}", "version": 7 }, "geometry": { "type": "Point", "coordinates": [ -76.538330078125, 3.4350700628494 ] } },
{ "type": "Feature", "properties": { "id": "72ad4a5c-8049-4416-948b-f097a0ba1ce9", "categories": "{'primary': 'flowers_and_gifts_shop', 'alternate': None}", "confidence": 0.54578483104705811, "websites": [ "http://www.vaez.com.co/" ], "emails": [ "info@vaez.com.co" ], "socials": [ "https://www.facebook.com/269364067342972" ], "phones": [ "+573183367329" ], "brand": "{'wikidata': None, 'names': {'primary': None, 'common': None, 'rules': None}}", "addresses": "[{'freeform': 'Carrera 26 6A', 'locality': 'Cali', 'postcode': '760042', 'region': None, 'country': 'CO'}]", "names": "{'primary': 'Vaez floristería', 'common': None, 'rules': None}", "sources": "[{'property': '', 'dataset': 'meta', 'license': 'CDLA-Permissive-2.0', 'record_id': '269364067342972', 'update_time': '2026-04-06T00:00:00.000Z', 'confidence': 0.5457848310470581, 'between': None}, {'property': '/properties/confidence', 'dataset': 'Overture', 'license': 'CDLA-Permissive-2.0', 'record_id': None, 'update_time': '2026-04-07T10:00:15Z', 'confidence': None, 'between': None}]", "operating_status": "open", "basic_category": "flowers_and_gifts_store", "taxonomy": "{'primary': 'flowers_and_gifts_shop', 'hierarchy': ['shopping', 'specialty_store', 'flowers_and_gifts_store'], 'alternates': None}", "version": 7 }, "geometry": { "type": "Point", "coordinates": [ -76.53836868, 3.43446992 ] } },
{ "type": "Feature", "properties": { "id": "3f8c2226-8081-4945-a6d9-47fde2a539df", "categories": { "primary": "church_cathedral", "alternate": [ "catholic_church" ] }, "confidence": 0.96447396278381348, "websites": null, "emails": null, "socials": [ "https://www.facebook.com/1770941966253493" ], "phones": [ "+573373216" ], "brand": "{'wikidata': None, 'names': {'primary': None, 'common': None, 'rules': None}}", "addresses": "[{'freeform': '', 'locality': 'Cali', 'postcode': '720025', 'region': None, 'country': 'CO'}]", "names": "{'primary': 'Santuario a la Virgen Milagrosa', 'common': None, 'rules': None}", "sources": "[{'property': '', 'dataset': 'meta', 'license': 'CDLA-Permissive-2.0', 'record_id': '1770941966253493', 'update_time': '2026-04-06T00:00:00.000Z', 'confidence': 0.9644739627838135, 'between': None}, {'property': '/properties/confidence', 'dataset': 'Overture', 'license': 'CDLA-Permissive-2.0', 'record_id': None, 'update_time': '2026-04-07T10:00:15Z', 'confidence': None, 'between': None}]", "operating_status": "open", "basic_category": "christian_place_of_worship", "taxonomy": "{'primary': 'christian_place_of_worship', 'hierarchy': ['cultural_and_historic', 'religious_organization', 'place_of_worship', 'christian_place_of_worship'], 'alternates': None}", "version": 7 }, "geometry": { "type": "Point", "coordinates": [ -76.53846993, 3.43112784 ] } },
{ "type": "Feature", "properties": { "id": "686ac3a8-f5a5-4e36-a27e-a5c1d9ea5b17", "categories": { "primary": "butcher_shop", "alternate": [ "grocery_store" ] }, "confidence": 0.37000903487205505, "websites": null, "emails": [ "maxicarnicos8@gmail.com" ], "socials": [ "https://www.facebook.com/106381269042915" ], "phones": [ "+573183633671" ], "brand": "{'wikidata': None, 'names': {'primary': None, 'common': None, 'rules': None}}", "addresses": "[{'freeform': 'Carrera 24D-40', 'locality': 'Cali', 'postcode': '760043', 'region': None, 'country': 'CO'}]", "names": "{'primary': 'MaxiCarnicos SAS', 'common': None, 'rules': None}", "sources": "[{'property': '', 'dataset': 'meta', 'license': 'CDLA-Permissive-2.0', 'record_id': '106381269042915', 'update_time': '2026-04-06T00:00:00.000Z', 'confidence': 0.37000903487205505, 'between': None}, {'property': '/properties/confidence', 'dataset': 'Overture', 'license': 'CDLA-Permissive-2.0', 'record_id': None, 'update_time': '2026-04-07T10:00:15Z', 'confidence': None, 'between': None}]", "operating_status": "open", "basic_category": "food_and_beverage_store", "taxonomy": "{'primary': 'butcher_shop', 'hierarchy': ['shopping', 'food_and_beverage_store', 'butcher_shop'], 'alternates': None}", "version": 8 }, "geometry": { "type": "Point", "coordinates": [ -76.53844976, 3.43425175 ] } },
{ "type": "Feature", "properties": { "id": "4a39c84c-7699-4b4c-9630-063d66cc6989", "categories": "{'primary': 'restaurant', 'alternate': None}", "confidence": 0.45326822996139526, "websites": null, "emails": null, "socials": [ "https://www.facebook.com/113685728249744" ], "phones": [ "+573217956174" ], "brand": "{'wikidata': None, 'names': {'primary': None, 'common': None, 'rules': None}}", "addresses": "[{'freeform': 'Carrera 26 6', 'locality': 'Cali', 'postcode': '760042', 'region': None, 'country': 'CO'}]", "names": "{'primary': 'El Sazón de Machú', 'common': None, 'rules': None}", "sources": "[{'property': '', 'dataset': 'meta', 'license': 'CDLA-Permissive-2.0', 'record_id': '113685728249744', 'update_time': '2026-04-06T00:00:00.000Z', 'confidence': 0.45326822996139526, 'between': None}, {'property': '/properties/confidence', 'dataset': 'Overture', 'license': 'CDLA-Permissive-2.0', 'record_id': None, 'update_time': '2026-04-07T10:00:15Z', 'confidence': None, 'between': None}]", "operating_status": "open", "basic_category": "restaurant", "taxonomy": "{'primary': 'restaurant', 'hierarchy': ['food_and_drink', 'restaurant'], 'alternates': None}", "version": 6 }, "geometry": { "type": "Point", "coordinates": [ -76.53844374, 3.43425844 ] } },
{ "type": "Feature", "properties": { "id": "e5aeb421-7622-4c05-be65-13ee1336faed", "categories": { "primary": "hostel", "alternate": [ "hotel", "motel" ] }, "confidence": 0.63788747787475586, "websites": [ "http://apolishostel.com" ], "emails": null, "socials": [ "https://www.facebook.com/452962475246731" ], "phones": [ "+573105212103" ], "brand": "{'wikidata': None, 'names': {'primary': None, 'common': None, 'rules': None}}", "addresses": "[{'freeform': 'Carrera 26 6-40', 'locality': 'Cali', 'postcode': '760042', 'region': None, 'country': 'CO'}]", "names": "{'primary': 'Apolis hostel', 'common': None, 'rules': None}", "sources": "[{'property': '', 'dataset': 'meta', 'license': 'CDLA-Permissive-2.0', 'record_id': '452962475246731', 'update_time': '2026-04-06T00:00:00.000Z', 'confidence': 0.6378874778747559, 'between': None}, {'property': '/properties/confidence', 'dataset': 'Overture', 'license': 'CDLA-Permissive-2.0', 'record_id': None, 'update_time': '2026-04-07T10:00:15Z', 'confidence': None, 'between': None}]", "operating_status": "open", "basic_category": "lodging", "taxonomy": "{'primary': 'hostel', 'hierarchy': ['lodging', 'hostel'], 'alternates': None}", "version": 7 }, "geometry": { "type": "Point", "coordinates": [ -76.53849002, 3.43440734 ] } },
{ "type": "Feature", "properties": { "id": "90ca206c-c2f0-44a6-bbf8-60d9deb900b6", "categories": { "primary": "music_school", "alternate": [ "art_school", "school" ] }, "confidence": 0.85772651433944702, "websites": [ "https://cantabile.com.co/" ], "emails": [ "cantabileescuelademusica@hotmail.com" ], "socials": [ "https://www.facebook.com/192052467602273" ], "phones": [ "+573148911659" ], "brand": "{'wikidata': None, 'names': {'primary': None, 'common': None, 'rules': None}}", "addresses": "[{'freeform': 'Carrera 27 6-29', 'locality': 'Cali', 'postcode': '760042', 'region': None, 'country': 'CO'}]", "names": "{'primary': 'Cantabile Escuela de Música', 'common': None, 'rules': None}", "sources": "[{'property': '', 'dataset': 'meta', 'license': 'CDLA-Permissive-2.0', 'record_id': '192052467602273', 'update_time': '2026-04-06T00:00:00.000Z', 'confidence': 0.857726514339447, 'between': None}, {'property': '/properties/confidence', 'dataset': 'Overture', 'license': 'CDLA-Permissive-2.0', 'record_id': None, 'update_time': '2026-04-07T10:00:15Z', 'confidence': None, 'between': None}]", "operating_status": "open", "basic_category": "specialty_school", "taxonomy": "{'primary': 'music_school', 'hierarchy': ['education', 'place_of_learning', 'specialty_school', 'music_school'], 'alternates': None}", "version": 9 }, "geometry": { "type": "Point", "coordinates": [ -76.53856943, 3.43333192 ] } },
{ "type": "Feature", "properties": { "id": "0283cb5a-fc59-48bb-a3ca-520430bee3f0", "categories": { "primary": "music_production", "alternate": [ "mass_media" ] }, "confidence": 0.77059674263000488, "websites": null, "emails": [ "gracestudios@hotmail.com" ], "socials": [ "https://www.facebook.com/631069413593858" ], "phones": [ "+573012137338" ], "brand": "{'wikidata': None, 'names': {'primary': None, 'common': None, 'rules': None}}", "addresses": "[{'freeform': 'Carrera 27 7-23', 'locality': 'Cali', 'postcode': '760042', 'region': None, 'country': 'CO'}]", "names": "{'primary': 'Grace Estudios', 'common': None, 'rules': None}", "sources": "[{'property': '', 'dataset': 'meta', 'license': 'CDLA-Permissive-2.0', 'record_id': '631069413593858', 'update_time': '2026-04-06T00:00:00.000Z', 'confidence': 0.7705967426300049, 'between': None}, {'property': '/properties/confidence', 'dataset': 'Overture', 'license': 'CDLA-Permissive-2.0', 'record_id': None, 'update_time': '2026-04-07T10:00:15Z', 'confidence': None, 'between': None}]", "operating_status": "open", "basic_category": "media_service", "taxonomy": "{'primary': 'music_production', 'hierarchy': ['services_and_business', 'media_service', 'media_news_company', 'music_production'], 'alternates': None}", "version": 6 }, "geometry": { "type": "Point", "coordinates": [ -76.53858092, 3.43331381 ] } },
{ "type": "Feature", "properties": { "id": "34333e33-3568-430b-9a83-7c3985a30cc7", "categories": { "primary": "vegetarian_restaurant", "alternate": [ "restaurant", "fruits_and_vegetables" ] }, "confidence": 0.56475687026977539, "websites": null, "emails": [ "missiondurga@gmail.com" ], "socials": [ "https://www.facebook.com/284149138374189" ], "phones": [ "+573113581116" ], "brand": "{'wikidata': None, 'names': {'primary': None, 'common': None, 'rules': None}}", "addresses": "[{'freeform': 'Carrera 26 6', 'locality': 'Cali', 'postcode': '760042', 'region': None, 'country': 'CO'}]", "names": "{'primary': 'Restaurante Vegano Durga Mission', 'common': None, 'rules': None}", "sources": "[{'property': '', 'dataset': 'meta', 'license': 'CDLA-Permissive-2.0', 'record_id': '284149138374189', 'update_time': '2026-04-06T00:00:00.000Z', 'confidence': 0.5647568702697754, 'between': None}, {'property': '/properties/confidence', 'dataset': 'Overture', 'license': 'CDLA-Permissive-2.0', 'record_id': None, 'update_time': '2026-04-07T10:00:15Z', 'confidence': None, 'between': None}]", "operating_status": "open", "basic_category": "restaurant", "taxonomy": "{'primary': 'vegetarian_restaurant', 'hierarchy': ['food_and_drink', 'restaurant', 'special_diet_restaurant', 'vegetarian_restaurant'], 'alternates': None}", "version": 6 }, "geometry": { "type": "Point", "coordinates": [ -76.53865, 3.43425 ] } },
{ "type": "Feature", "properties": { "id": "90c95ff8-731c-4edc-92b7-3c46a9e1ca07", "categories": "{'primary': 'event_planning', 'alternate': None}", "confidence": 0.33329373598098755, "websites": [ "https://www.tiktok.com/@tiempo_vals_cali_show?_t=8pfthYiTG3q&_r=1" ], "emails": [ "tiempodevalscali@gmail.com" ], "socials": [ "https://www.facebook.com/100428052134098" ], "phones": [ "+573136195654" ], "brand": "{'wikidata': None, 'names': {'primary': None, 'common': None, 'rules': None}}", "addresses": "[{'freeform': 'Calle 6 26-43', 'locality': 'Cali', 'postcode': '760042', 'region': None, 'country': 'CO'}]", "names": "{'primary': 'Edecanes Tiempo de vals Cali', 'common': None, 'rules': None}", "sources": "[{'property': '', 'dataset': 'meta', 'license': 'CDLA-Permissive-2.0', 'record_id': '100428052134098', 'update_time': '2026-04-06T00:00:00.000Z', 'confidence': 0.33329373598098755, 'between': None}, {'property': '/properties/confidence', 'dataset': 'Overture', 'license': 'CDLA-Permissive-2.0', 'record_id': None, 'update_time': '2026-04-07T10:00:15Z', 'confidence': None, 'between': None}]", "operating_status": "open", "basic_category": "event_or_party_service", "taxonomy": "{'primary': 'event_or_party_service', 'hierarchy': ['services_and_business', 'event_or_party_service'], 'alternates': None}", "version": 8 }, "geometry": { "type": "Point", "coordinates": [ -76.53867, 3.43401 ] } },
{ "type": "Feature", "properties": { "id": "12972efd-8619-4bb7-ad15-e30a77d22407", "categories": { "primary": "bar", "alternate": [ "dance_club", "salsa_club" ] }, "confidence": 0.60594046115875244, "websites": null, "emails": [ "aquieslalorabar@gmail.com" ], "socials": [ "https://www.facebook.com/480334135688343" ], "phones": [ "+573128720970" ], "brand": "{'wikidata': None, 'names': {'primary': None, 'common': None, 'rules': None}}", "addresses": "[{'freeform': 'Avenida Roosevelt 26-79', 'locality': 'Cali', 'postcode': '760042', 'region': None, 'country': 'CO'}]", "names": "{'primary': 'La LORA licores', 'common': None, 'rules': None}", "sources": "[{'property': '', 'dataset': 'meta', 'license': 'CDLA-Permissive-2.0', 'record_id': '480334135688343', 'update_time': '2026-04-06T00:00:00.000Z', 'confidence': 0.6059404611587524, 'between': None}, {'property': '/properties/confidence', 'dataset': 'Overture', 'license': 'CDLA-Permissive-2.0', 'record_id': None, 'update_time': '2026-04-07T10:00:15Z', 'confidence': None, 'between': None}]", "operating_status": "open", "basic_category": "bar", "taxonomy": "{'primary': 'bar', 'hierarchy': ['food_and_drink', 'alcoholic_beverage_venue', 'bar'], 'alternates': None}", "version": 9 }, "geometry": { "type": "Point", "coordinates": [ -76.53868, 3.43381 ] } },
{ "type": "Feature", "properties": { "id": "43cd98a8-f9cc-4bbc-b5c7-ad64892ebb32", "categories": "{'primary': 'burger_restaurant', 'alternate': None}", "confidence": 0.07198294997215271, "websites": null, "emails": null, "socials": [ "https://www.facebook.com/105446241877300" ], "phones": [ "+573217949152" ], "brand": "{'wikidata': None, 'names': {'primary': None, 'common': None, 'rules': None}}", "addresses": "[{'freeform': 'Avenida Roosevelt 26-43', 'locality': 'Cali', 'postcode': '760042', 'region': None, 'country': 'CO'}]", "names": "{'primary': 'PALATE otro nivel', 'common': None, 'rules': None}", "sources": "[{'property': '', 'dataset': 'meta', 'license': 'CDLA-Permissive-2.0', 'record_id': '105446241877300', 'update_time': '2026-04-06T00:00:00.000Z', 'confidence': 0.07198294997215271, 'between': None}, {'property': '/properties/confidence', 'dataset': 'Overture', 'license': 'CDLA-Permissive-2.0', 'record_id': None, 'update_time': '2026-04-07T10:00:15Z', 'confidence': None, 'between': None}]", "operating_status": "open", "basic_category": "restaurant", "taxonomy": "{'primary': 'burger_restaurant', 'hierarchy': ['food_and_drink', 'restaurant', 'meat_restaurant', 'burger_restaurant'], 'alternates': None}", "version": 7 }, "geometry": { "type": "Point", "coordinates": [ -76.53868214, 3.43397 ] } },
{ "type": "Feature", "properties": { "id": "7b87b225-8861-4699-aa5c-c2502d279667", "categories": { "primary": "bar", "alternate": [ "liquor_store" ] }, "confidence": 0.84195202589035034, "websites": [ "https://instagram.com/elparchelicorescali?utm_medium=copy_link" ], "emails": [ "elparchelicorescali@gmail.com" ], "socials": [ "https://www.facebook.com/100204685736318" ], "phones": [ "+573104706031" ], "brand": "{'wikidata': None, 'names': {'primary': None, 'common': None, 'rules': None}}", "addresses": "[{'freeform': 'Avenida Roosevelt 26-29', 'locality': 'Cali', 'postcode': '760042', 'region': None, 'country': 'CO'}]", "names": "{'primary': 'El Parche Licores', 'common': None, 'rules': None}", "sources": "[{'property': '', 'dataset': 'meta', 'license': 'CDLA-Permissive-2.0', 'record_id': '100204685736318', 'update_time': '2026-04-06T00:00:00.000Z', 'confidence': 0.8419520258903503, 'between': None}, {'property': '/properties/confidence', 'dataset': 'Overture', 'license': 'CDLA-Permissive-2.0', 'record_id': None, 'update_time': '2026-04-07T10:00:15Z', 'confidence': None, 'between': None}]", "operating_status": "open", "basic_category": "bar", "taxonomy": "{'primary': 'bar', 'hierarchy': ['food_and_drink', 'alcoholic_beverage_venue', 'bar'], 'alternates': None}", "version": 6 }, "geometry": { "type": "Point", "coordinates": [ -76.53871465, 3.43413827 ] } },
{ "type": "Feature", "properties": { "id": "84c9179a-a596-44e9-8007-0b25c18ae4f2", "categories": "{'primary': 'audio_visual_equipment_store', 'alternate': None}", "confidence": 0.70696622133255005, "websites": [ "http://www.conexionio.com/" ], "emails": null, "socials": [ "https://www.facebook.com/109191352467953" ], "phones": [ "+5725580995" ], "brand": "{'wikidata': None, 'names': {'primary': None, 'common': None, 'rules': None}}", "addresses": "[{'freeform': 'Avenida Roosevelt 26-19', 'locality': 'Cali', 'postcode': '760042', 'region': None, 'country': 'CO'}]", "names": "{'primary': 'Conexion IO SAS', 'common': None, 'rules': None}", "sources": "[{'property': '', 'dataset': 'meta', 'license': 'CDLA-Permissive-2.0', 'record_id': '109191352467953', 'update_time': '2026-04-06T00:00:00.000Z', 'confidence': 0.70696622133255, 'between': None}, {'property': '/properties/confidence', 'dataset': 'Overture', 'license': 'CDLA-Permissive-2.0', 'record_id': None, 'update_time': '2026-04-07T10:00:15Z', 'confidence': None, 'between': None}]", "operating_status": "open", "basic_category": "electronics_store", "taxonomy": "{'primary': 'audio_visual_equipment_store', 'hierarchy': ['shopping', 'specialty_store', 'electronics_store', 'audio_visual_equipment_store'], 'alternates': None}", "version": 6 }, "geometry": { "type": "Point", "coordinates": [ -76.53875382, 3.43404024 ] } },
{ "type": "Feature", "properties": { "id": "9cf0c91a-804d-466a-94c1-2c3b30ca2d92", "categories": "{'primary': 'spas', 'alternate': None}", "confidence": 0.39811599254608154, "websites": null, "emails": null, "socials": [ "https://www.facebook.com/100919599358640" ], "phones": [ "+573174019808" ], "brand": "{'wikidata': None, 'names': {'primary': None, 'common': None, 'rules': None}}", "addresses": "[{'freeform': 'Avenida Roosevelt 26-59', 'locality': 'Cali', 'postcode': '760042', 'region': None, 'country': 'CO'}]", "names": "{'primary': 'Ariadna', 'common': None, 'rules': None}", "sources": "[{'property': '', 'dataset': 'meta', 'license': 'CDLA-Permissive-2.0', 'record_id': '100919599358640', 'update_time': '2026-04-06T00:00:00.000Z', 'confidence': 0.39811599254608154, 'between': None}, {'property': '/properties/confidence', 'dataset': 'Overture', 'license': 'CDLA-Permissive-2.0', 'record_id': None, 'update_time': '2026-04-07T10:00:15Z', 'confidence': None, 'between': None}]", "operating_status": "open", "basic_category": "wellness_service", "taxonomy": "{'primary': 'spa', 'hierarchy': ['lifestyle_services', 'wellness_service', 'spa'], 'alternates': None}", "version": 6 }, "geometry": { "type": "Point", "coordinates": [ -76.53875566, 3.4336861 ] } },
{ "type": "Feature", "properties": { "id": "cf5dcb27-97a8-4cd7-8818-5b6f465bcee8", "categories": { "primary": "medical_center", "alternate": [ "health_and_medical" ] }, "confidence": 0.6597365140914917, "websites": null, "emails": null, "socials": [ "https://www.facebook.com/1537098539836644" ], "phones": [ "+25574488" ], "brand": "{'wikidata': None, 'names': {'primary': None, 'common': None, 'rules': None}}", "addresses": "[{'freeform': 'Avenida Roosevelt 26-61', 'locality': 'Cali', 'postcode': '760042', 'region': None, 'country': 'CO'}]", "names": "{'primary': 'Comedica IPS', 'common': None, 'rules': None}", "sources": "[{'property': '', 'dataset': 'meta', 'license': 'CDLA-Permissive-2.0', 'record_id': '1537098539836644', 'update_time': '2026-04-06T00:00:00.000Z', 'confidence': 0.6597365140914917, 'between': None}, {'property': '/properties/confidence', 'dataset': 'Overture', 'license': 'CDLA-Permissive-2.0', 'record_id': None, 'update_time': '2026-04-07T10:00:15Z', 'confidence': None, 'between': None}]", "operating_status": "open", "basic_category": "outpatient_care_facility", "taxonomy": "{'primary': 'outpatient_care_facility', 'hierarchy': ['health_care', 'outpatient_care_facility'], 'alternates': None}", "version": 3 }, "geometry": { "type": "Point", "coordinates": [ -76.53874145, 3.43372576 ] } },
{ "type": "Feature", "properties": { "id": "5f894675-473c-4c8a-8d71-32c8df933a21", "categories": { "primary": "hospital", "alternate": [ "fast_food_restaurant" ] }, "confidence": 0.58884984254837036, "websites": null, "emails": null, "socials": [ "https://www.facebook.com/388500665331880" ], "phones": [ "+573188277252" ], "brand": "{'wikidata': None, 'names': {'primary': None, 'common': None, 'rules': None}}", "addresses": "[{'freeform': 'Avenida Roosevelt 26-37', 'locality': 'Cali', 'postcode': '760042', 'region': None, 'country': 'CO'}]", "names": "{'primary': 'Coosalud EPS', 'common': None, 'rules': None}", "sources": "[{'property': '', 'dataset': 'meta', 'license': 'CDLA-Permissive-2.0', 'record_id': '388500665331880', 'update_time': '2026-04-06T00:00:00.000Z', 'confidence': 0.5888498425483704, 'between': None}, {'property': '/properties/confidence', 'dataset': 'Overture', 'license': 'CDLA-Permissive-2.0', 'record_id': None, 'update_time': '2026-04-07T10:00:15Z', 'confidence': None, 'between': None}]", "operating_status": "open", "basic_category": "hospital", "taxonomy": "{'primary': 'hospital', 'hierarchy': ['health_care', 'hospital'], 'alternates': None}", "version": 7 }, "geometry": { "type": "Point", "coordinates": [ -76.53873159, 3.43399067 ] } },
{ "type": "Feature", "properties": { "id": "c4e2fa89-c7d6-4e06-b154-12e034fd843a", "categories": "{'primary': 'media_news_company', 'alternate': None}", "confidence": 0.28871342539787292, "websites": [ "http://www.coridem.org/" ], "emails": [ "comunicaciones@coridem.org" ], "socials": [ "https://www.facebook.com/920394511150898" ], "phones": [ "+573122546523" ], "brand": "{'wikidata': None, 'names': {'primary': None, 'common': None, 'rules': None}}", "addresses": "[{'freeform': 'Avenida Roosevelt 27-13', 'locality': 'Cali', 'postcode': '760042', 'region': None, 'country': 'CO'}]", "names": "{'primary': 'Coridem SAS ', 'common': None, 'rules': None}", "sources": "[{'property': '', 'dataset': 'meta', 'license': 'CDLA-Permissive-2.0', 'record_id': '920394511150898', 'update_time': '2026-04-06T00:00:00.000Z', 'confidence': 0.2887134253978729, 'between': None}, {'property': '/properties/confidence', 'dataset': 'Overture', 'license': 'CDLA-Permissive-2.0', 'record_id': None, 'update_time': '2026-04-07T10:00:15Z', 'confidence': None, 'between': None}]", "operating_status": "open", "basic_category": "media_service", "taxonomy": "{'primary': 'media_news_company', 'hierarchy': ['services_and_business', 'media_service', 'media_news_company'], 'alternates': None}", "version": 1 }, "geometry": { "type": "Point", "coordinates": [ -76.53873, 3.43308 ] } },
{ "type": "Feature", "properties": { "id": "c9636bc8-ebe5-469c-a1ae-651a5dca5bc6", "categories": "{'primary': 'travel_services', 'alternate': None}", "confidence": 0.44857308268547058, "websites": [ "http://bit.ly/InfoQuieroViajar" ], "emails": [ "quericoviajar2018@gmail.com" ], "socials": [ "https://www.facebook.com/457063481445825" ], "phones": [ "+573167846728" ], "brand": "{'wikidata': None, 'names': {'primary': None, 'common': None, 'rules': None}}", "addresses": "[{'freeform': 'Avenida Roosevelt 27-29', 'locality': 'Cali', 'postcode': '760042', 'region': None, 'country': 'CO'}]", "names": "{'primary': 'Hora de viajar', 'common': None, 'rules': None}", "sources": "[{'property': '', 'dataset': 'meta', 'license': 'CDLA-Permissive-2.0', 'record_id': '457063481445825', 'update_time': '2026-04-06T00:00:00.000Z', 'confidence': 0.4485730826854706, 'between': None}, {'property': '/properties/confidence', 'dataset': 'Overture', 'license': 'CDLA-Permissive-2.0', 'record_id': None, 'update_time': '2026-04-07T10:00:15Z', 'confidence': None, 'between': None}]", "operating_status": "open", "basic_category": "travel_service", "taxonomy": "{'primary': 'travel_service', 'hierarchy': ['travel_and_transportation', 'travel_service'], 'alternates': None}", "version": 1 }, "geometry": { "type": "Point", "coordinates": [ -76.5387424, 3.43300055 ] } },
{ "type": "Feature", "properties": { "id": "7789becf-66b4-4a10-ab2b-42b65609677f", "categories": { "primary": "motorcycle_repair", "alternate": [ "motorcycle_dealer", "credit_and_debt_counseling" ] }, "confidence": 0.63474994897842407, "websites": [ "https://www.auteco.com.co/" ], "emails": null, "socials": [ "https://www.facebook.com/144985958702369" ], "phones": [ "+573136564726" ], "brand": "{'wikidata': None, 'names': {'primary': None, 'common': None, 'rules': None}}", "addresses": "[{'freeform': 'Avenida Roosevelt 27-41', 'locality': 'Cali', 'postcode': '760042', 'region': None, 'country': 'CO'}]", "names": "{'primary': 'Auteco Valle Motos', 'common': None, 'rules': None}", "sources": "[{'property': '', 'dataset': 'meta', 'license': 'CDLA-Permissive-2.0', 'record_id': '144985958702369', 'update_time': '2026-04-06T00:00:00.000Z', 'confidence': 0.6347499489784241, 'between': None}, {'property': '/properties/confidence', 'dataset': 'Overture', 'license': 'CDLA-Permissive-2.0', 'record_id': None, 'update_time': '2026-04-07T10:00:15Z', 'confidence': None, 'between': None}]", "operating_status": "open", "basic_category": "vehicle_service", "taxonomy": "{'primary': 'motorcycle_repair', 'hierarchy': ['travel_and_transportation', 'vehicle_service', 'motorcycle_service', 'motorcycle_repair'], 'alternates': None}", "version": 7 }, "geometry": { "type": "Point", "coordinates": [ -76.53871539, 3.43290085 ] } },
{ "type": "Feature", "properties": { "id": "ee65968c-7175-4066-a926-4d6317d538e6", "categories": { "primary": "motorcycle_dealer", "alternate": [ "motorcycle_repair" ] }, "confidence": 0.61574083566665649, "websites": null, "emails": null, "socials": [ "https://www.facebook.com/100402438375776" ], "phones": [ "+25582917" ], "brand": "{'wikidata': None, 'names': {'primary': None, 'common': None, 'rules': None}}", "addresses": "[{'freeform': 'Avenida Roosevelt-27', 'locality': 'Cali', 'postcode': '760042', 'region': None, 'country': 'CO'}]", "names": "{'primary': 'Vallemotos', 'common': None, 'rules': None}", "sources": "[{'property': '', 'dataset': 'meta', 'license': 'CDLA-Permissive-2.0', 'record_id': '100402438375776', 'update_time': '2026-04-06T00:00:00.000Z', 'confidence': 0.6157408356666565, 'between': None}, {'property': '/properties/confidence', 'dataset': 'Overture', 'license': 'CDLA-Permissive-2.0', 'record_id': None, 'update_time': '2026-04-07T10:00:15Z', 'confidence': None, 'between': None}]", "operating_status": "open", "basic_category": "vehicle_dealer", "taxonomy": "{'primary': 'motorcycle_dealer', 'hierarchy': ['shopping', 'vehicle_dealer', 'motorcycle_dealer'], 'alternates': None}", "version": 1 }, "geometry": { "type": "Point", "coordinates": [ -76.53871777, 3.43284783 ] } },
{ "type": "Feature", "properties": { "id": "e0f63210-e23d-4142-9743-3c458d478a69", "categories": "{'primary': 'motorcycle_repair', 'alternate': None}", "confidence": 0.97042208909988403, "websites": null, "emails": [ "motorlabcali@hotmail.com" ], "socials": [ "https://www.facebook.com/392323531345909" ], "phones": [ "+573012154545" ], "brand": "{'wikidata': None, 'names': {'primary': None, 'common': None, 'rules': None}}", "addresses": "[{'freeform': 'Avenida Roosevelt 27-19', 'locality': 'Cali', 'postcode': '760042', 'region': None, 'country': 'CO'}]", "names": "{'primary': 'Motorlab Cali', 'common': None, 'rules': None}", "sources": "[{'property': '', 'dataset': 'meta', 'license': 'CDLA-Permissive-2.0', 'record_id': '392323531345909', 'update_time': '2026-04-06T00:00:00.000Z', 'confidence': 0.970422089099884, 'between': None}, {'property': '/properties/confidence', 'dataset': 'Overture', 'license': 'CDLA-Permissive-2.0', 'record_id': None, 'update_time': '2026-04-07T10:00:15Z', 'confidence': None, 'between': None}]", "operating_status": "open", "basic_category": "vehicle_service", "taxonomy": "{'primary': 'motorcycle_repair', 'hierarchy': ['travel_and_transportation', 'vehicle_service', 'motorcycle_service', 'motorcycle_repair'], 'alternates': None}", "version": 7 }, "geometry": { "type": "Point", "coordinates": [ -76.53870114, 3.4330701 ] } },
{ "type": "Feature", "properties": { "id": "71bee913-c651-467c-9608-043321cf944d", "categories": { "primary": "event_planning", "alternate": [ "professional_services" ] }, "confidence": 0.28848743438720703, "websites": [ "http://www.grupobss.com/" ], "emails": [ "mauricio@grupobss.com" ], "socials": [ "https://www.facebook.com/205580306119813" ], "phones": [ "+573142877947" ], "brand": "{'wikidata': None, 'names': {'primary': None, 'common': None, 'rules': None}}", "addresses": "[{'freeform': 'Avenida Roosevelt 27', 'locality': 'Cali', 'postcode': '760042', 'region': None, 'country': 'CO'}]", "names": "{'primary': 'Grupo BrainStorming', 'common': None, 'rules': None}", "sources": "[{'property': '', 'dataset': 'meta', 'license': 'CDLA-Permissive-2.0', 'record_id': '205580306119813', 'update_time': '2026-04-06T00:00:00.000Z', 'confidence': 0.28848743438720703, 'between': None}, {'property': '/properties/confidence', 'dataset': 'Overture', 'license': 'CDLA-Permissive-2.0', 'record_id': None, 'update_time': '2026-04-07T10:00:15Z', 'confidence': None, 'between': None}]", "operating_status": "open", "basic_category": "event_or_party_service", "taxonomy": "{'primary': 'event_or_party_service', 'hierarchy': ['services_and_business', 'event_or_party_service'], 'alternates': None}", "version": 6 }, "geometry": { "type": "Point", "coordinates": [ -76.5386527, 3.43290197 ] } },
{ "type": "Feature", "properties": { "id": "96ed370e-2b14-4962-a249-5ff1b85ebee0", "categories": { "primary": "travel_services", "alternate": [ "tours" ] }, "confidence": 0.48140856623649597, "websites": [ "http://bit.ly/InfoViajandoAndo" ], "emails": [ "luzelenaromeo00@gmail.com" ], "socials": [ "https://www.facebook.com/113370306787037" ], "phones": [ "+573023401031" ], "brand": "{'wikidata': None, 'names': {'primary': None, 'common': None, 'rules': None}}", "addresses": "[{'freeform': 'Calle 6 27', 'locality': 'Cali', 'postcode': '760042', 'region': None, 'country': 'CO'}]", "names": "{'primary': 'Viajamax', 'common': None, 'rules': None}", "sources": "[{'property': '', 'dataset': 'meta', 'license': 'CDLA-Permissive-2.0', 'record_id': '113370306787037', 'update_time': '2026-04-06T00:00:00.000Z', 'confidence': 0.48140856623649597, 'between': None}, {'property': '/properties/confidence', 'dataset': 'Overture', 'license': 'CDLA-Permissive-2.0', 'record_id': None, 'update_time': '2026-04-07T10:00:15Z', 'confidence': None, 'between': None}]", "operating_status": "open", "basic_category": "travel_service", "taxonomy": "{'primary': 'travel_service', 'hierarchy': ['travel_and_transportation', 'travel_service'], 'alternates': None}", "version": 7 }, "geometry": { "type": "Point", "coordinates": [ -76.53865075, 3.43290272 ] } },
{ "type": "Feature", "properties": { "id": "c2fae4dc-37f9-430e-86ea-7066fcefa3bf", "categories": { "primary": "motorcycle_dealer", "alternate": [ "automotive" ] }, "confidence": 0.77, "websites": [ "https://hondasupermotos.com/" ], "emails": null, "socials": null, "phones": [ "3113678883" ], "brand": null, "addresses": [ { "freeform": "Avenida Roosevelt #27-65", "locality": "Cali", "postcode": "760042", "region": "", "country": "CO" } ], "names": "{'primary': 'HONDA GRUPO SUPERMOTOS CALI PPAL. AV. ROOSEVELT', 'common': None, 'rules': None}", "sources": "[{'property': '', 'dataset': 'Microsoft', 'license': 'CDLA-Permissive-2.0', 'record_id': '844424934560236', 'update_time': '2025-07-05T15:53:57.850Z', 'confidence': 0.77, 'between': None}, {'property': '/properties/confidence', 'dataset': 'Overture', 'license': 'CDLA-Permissive-2.0', 'record_id': None, 'update_time': '2026-04-07T10:00:15Z', 'confidence': None, 'between': None}]", "operating_status": "open", "basic_category": "vehicle_dealer", "taxonomy": "{'primary': 'motorcycle_dealer', 'hierarchy': ['shopping', 'vehicle_dealer', 'motorcycle_dealer'], 'alternates': None}", "version": 7 }, "geometry": { "type": "Point", "coordinates": [ -76.538701, 3.432736 ] } },
{ "type": "Feature", "properties": { "id": "eaac02f0-2059-4699-855d-09929938f620", "categories": { "primary": "business", "alternate": [ "professional_services" ] }, "confidence": 0.25577670335769653, "websites": [ "http://globalserviceworld.com/" ], "emails": [ "mercadeo@globalserviceworld.com" ], "socials": [ "https://www.facebook.com/594121587412958" ], "phones": [ "+5723851770" ], "brand": "{'wikidata': None, 'names': {'primary': None, 'common': None, 'rules': None}}", "addresses": "[{'freeform': 'Carrera 28 7-15', 'locality': 'Cali', 'postcode': '760042', 'region': None, 'country': 'CO'}]", "names": "{'primary': 'Global Service World S.A.S', 'common': None, 'rules': None}", "sources": "[{'property': '', 'dataset': 'meta', 'license': 'CDLA-Permissive-2.0', 'record_id': '594121587412958', 'update_time': '2026-04-06T00:00:00.000Z', 'confidence': 0.25577670335769653, 'between': None}, {'property': '/properties/confidence', 'dataset': 'Overture', 'license': 'CDLA-Permissive-2.0', 'record_id': None, 'update_time': '2026-04-07T10:00:15Z', 'confidence': None, 'between': None}]", "operating_status": "open", "basic_category": "corporate_or_business_office", "taxonomy": "{'primary': 'corporate_or_business_office', 'hierarchy': ['services_and_business', 'corporate_or_business_office'], 'alternates': None}", "version": 6 }, "geometry": { "type": "Point", "coordinates": [ -76.5386127, 3.43266649 ] } },
{ "type": "Feature", "properties": { "id": "9565ea05-745a-467c-978c-05677fca5d9b", "categories": "{'primary': 'surgeon', 'alternate': None}", "confidence": 0.57041525840759277, "websites": null, "emails": [ "gluteosperfectos@hotmail.com" ], "socials": [ "https://www.facebook.com/112366998149850" ], "phones": [ "+573104138845" ], "brand": "{'wikidata': None, 'names': {'primary': None, 'common': None, 'rules': None}}", "addresses": "[{'freeform': 'Carrera 6-32', 'locality': 'Cali', 'postcode': '760044', 'region': None, 'country': 'CO'}]", "names": "{'primary': 'Doctor William Vega', 'common': None, 'rules': None}", "sources": "[{'property': '', 'dataset': 'meta', 'license': 'CDLA-Permissive-2.0', 'record_id': '112366998149850', 'update_time': '2026-04-06T00:00:00.000Z', 'confidence': 0.5704152584075928, 'between': None}, {'property': '/properties/confidence', 'dataset': 'Overture', 'license': 'CDLA-Permissive-2.0', 'record_id': None, 'update_time': '2026-04-07T10:00:15Z', 'confidence': None, 'between': None}]", "operating_status": "open", "basic_category": "surgery", "taxonomy": "{'primary': 'surgery', 'hierarchy': ['health_care', 'specialized_medical_facility', 'surgery'], 'alternates': None}", "version": 7 }, "geometry": { "type": "Point", "coordinates": [ -76.5386047, 3.4323856 ] } },
{ "type": "Feature", "properties": { "id": "56648f1f-c8cb-423b-b0bc-ff9cb47be67e", "categories": "{'primary': 'plastic_surgeon', 'alternate': None}", "confidence": 0.31049296259880066, "websites": [ "http://www.lipoencali.com/" ], "emails": [ "williamvegafernandez69@outlook.com" ], "socials": [ "https://www.facebook.com/2384275795192186" ], "phones": [ "+576023797181" ], "brand": "{'wikidata': None, 'names': {'primary': None, 'common': None, 'rules': None}}", "addresses": "[{'freeform': 'Carrera 28 6-32', 'locality': 'Cali', 'postcode': '760042', 'region': None, 'country': 'CO'}]", "names": "{'primary': 'Dr William Vega Fernandez', 'common': None, 'rules': None}", "sources": "[{'property': '', 'dataset': 'meta', 'license': 'CDLA-Permissive-2.0', 'record_id': '2384275795192186', 'update_time': '2026-04-06T00:00:00.000Z', 'confidence': 0.31049296259880066, 'between': None}, {'property': '/properties/confidence', 'dataset': 'Overture', 'license': 'CDLA-Permissive-2.0', 'record_id': None, 'update_time': '2026-04-07T10:00:15Z', 'confidence': None, 'between': None}]", "operating_status": "open", "basic_category": "surgery", "taxonomy": "{'primary': 'plastic_and_reconstructive_surgery', 'hierarchy': ['health_care', 'specialized_medical_facility', 'surgery', 'plastic_and_reconstructive_surgery'], 'alternates': None}", "version": 4 }, "geometry": { "type": "Point", "coordinates": [ -76.53854515, 3.43245983 ] } },
{ "type": "Feature", "properties": { "id": "1be46315-c1aa-4d3e-bfe0-9e2e63c9d47c", "categories": { "primary": "church_cathedral", "alternate": [ "catholic_church" ] }, "confidence": 0.58396881818771362, "websites": null, "emails": null, "socials": [ "https://www.facebook.com/588781667837727" ], "phones": [ "+573234352134" ], "brand": "{'wikidata': None, 'names': {'primary': None, 'common': None, 'rules': None}}", "addresses": "[{'freeform': 'Av. Roosevelt #2971', 'locality': 'Cali', 'postcode': '760042', 'region': None, 'country': 'CO'}]", "names": "{'primary': 'Iglesia La Milagrosa', 'common': None, 'rules': None}", "sources": "[{'property': '', 'dataset': 'meta', 'license': 'CDLA-Permissive-2.0', 'record_id': '588781667837727', 'update_time': '2026-04-06T00:00:00.000Z', 'confidence': 0.5839688181877136, 'between': None}, {'property': '/properties/confidence', 'dataset': 'Overture', 'license': 'CDLA-Permissive-2.0', 'record_id': None, 'update_time': '2026-04-07T10:00:15Z', 'confidence': None, 'between': None}]", "operating_status": "open", "basic_category": "christian_place_of_worship", "taxonomy": "{'primary': 'christian_place_of_worship', 'hierarchy': ['cultural_and_historic', 'religious_organization', 'place_of_worship', 'christian_place_of_worship'], 'alternates': None}", "version": 7 }, "geometry": { "type": "Point", "coordinates": [ -76.53857946, 3.43093253 ] } },
{ "type": "Feature", "properties": { "id": "2f39a6b6-4f64-491c-bb7d-4f423559e9a4", "categories": null, "confidence": 0.12019200623035431, "websites": null, "emails": [ "maxicanescali@gmail.com" ], "socials": [ "https://www.facebook.com/533739526481910" ], "phones": [ "+573163511783" ], "brand": "{'wikidata': None, 'names': {'primary': None, 'common': None, 'rules': None}}", "addresses": "[{'freeform': 'Cra. 46 #4-79', 'locality': 'Cali', 'postcode': '760000', 'region': None, 'country': 'CO'}]", "names": "{'primary': 'MAXI CANES', 'common': None, 'rules': None}", "sources": "[{'property': '', 'dataset': 'meta', 'license': 'CDLA-Permissive-2.0', 'record_id': '533739526481910', 'update_time': '2026-04-06T00:00:00.000Z', 'confidence': 0.12019200623035431, 'between': None}, {'property': '/properties/confidence', 'dataset': 'Overture', 'license': 'CDLA-Permissive-2.0', 'record_id': None, 'update_time': '2026-04-07T10:00:15Z', 'confidence': None, 'between': None}]", "operating_status": "open", "basic_category": null, "taxonomy": null, "version": 1 }, "geometry": { "type": "Point", "coordinates": [ -76.53856296, 3.43006865 ] } },
{ "type": "Feature", "properties": { "id": "7b4991aa-b3b5-4463-9ff3-aeb97ae24365", "categories": { "primary": "martial_arts_club", "alternate": [ "gym", "stadium_arena" ] }, "confidence": 0.59843158721923828, "websites": [ "https://twitter.com/arielwushucali" ], "emails": [ "ariel.vargassalas@gmail.com" ], "socials": [ "https://www.facebook.com/669164623142256" ], "phones": [ "+573006793217" ], "brand": "{'wikidata': None, 'names': {'primary': None, 'common': None, 'rules': None}}", "addresses": "[{'freeform': 'Carrera 30A-46', 'locality': 'Cali', 'postcode': '760042', 'region': None, 'country': 'CO'}]", "names": "{'primary': 'Escuela de Artes Marciales Dragón Amarillo SEDE San Fernando', 'common': None, 'rules': None}", "sources": "[{'property': '', 'dataset': 'meta', 'license': 'CDLA-Permissive-2.0', 'record_id': '669164623142256', 'update_time': '2026-04-06T00:00:00.000Z', 'confidence': 0.5984315872192383, 'between': None}, {'property': '/properties/confidence', 'dataset': 'Overture', 'license': 'CDLA-Permissive-2.0', 'record_id': None, 'update_time': '2026-04-07T10:00:15Z', 'confidence': None, 'between': None}]", "operating_status": "open", "basic_category": "sport_or_recreation_club", "taxonomy": "{'primary': 'martial_arts_club', 'hierarchy': ['sports_and_recreation', 'sport_or_recreation_club', 'martial_arts_club'], 'alternates': None}", "version": 6 }, "geometry": { "type": "Point", "coordinates": [ -76.5386062, 3.4297866 ] } },
{ "type": "Feature", "properties": { "id": "f8959721-83c9-4e13-a520-61ef8962511c", "categories": { "primary": "event_planning", "alternate": [ "real_estate" ] }, "confidence": 0.35819911956787109, "websites": null, "emails": [ "inmo.twintowers2020@gmail.com" ], "socials": [ "https://www.facebook.com/103810041270926" ], "phones": [ "+573013443764" ], "brand": "{'wikidata': None, 'names': {'primary': None, 'common': None, 'rules': None}}", "addresses": "[{'freeform': 'Carrera 30-6', 'locality': 'Cali', 'postcode': '760042', 'region': None, 'country': 'CO'}]", "names": "{'primary': 'Twin Towers Bienes Raices', 'common': None, 'rules': None}", "sources": "[{'property': '', 'dataset': 'meta', 'license': 'CDLA-Permissive-2.0', 'record_id': '103810041270926', 'update_time': '2026-04-06T00:00:00.000Z', 'confidence': 0.3581991195678711, 'between': None}, {'property': '/properties/confidence', 'dataset': 'Overture', 'license': 'CDLA-Permissive-2.0', 'record_id': None, 'update_time': '2026-04-07T10:00:15Z', 'confidence': None, 'between': None}]", "operating_status": "open", "basic_category": "event_or_party_service", "taxonomy": "{'primary': 'event_or_party_service', 'hierarchy': ['services_and_business', 'event_or_party_service'], 'alternates': None}", "version": 9 }, "geometry": { "type": "Point", "coordinates": [ -76.53863463, 3.43025896 ] } },
{ "type": "Feature", "properties": { "id": "e9935d77-79fa-46f6-8733-8c05552113c8", "categories": { "primary": "education", "alternate": [ "college_university", "school" ] }, "confidence": 0.86840176582336426, "websites": [ "https://www.cced.com.co/" ], "emails": [ "mercadeoypublicidadcced@gmail.com" ], "socials": [ "https://www.facebook.com/143726359146764" ], "phones": [ "+573183968819" ], "brand": "{'wikidata': None, 'names': {'primary': None, 'common': None, 'rules': None}}", "addresses": "[{'freeform': 'Carrera 31 6-37', 'locality': 'Cali', 'postcode': '760042', 'region': None, 'country': 'CO'}]", "names": "{'primary': 'CCED Training Center and Directed Education', 'common': None, 'rules': None}", "sources": "[{'property': '', 'dataset': 'meta', 'license': 'CDLA-Permissive-2.0', 'record_id': '143726359146764', 'update_time': '2026-04-06T00:00:00.000Z', 'confidence': 0.8684017658233643, 'between': None}, {'property': '/properties/confidence', 'dataset': 'Overture', 'license': 'CDLA-Permissive-2.0', 'record_id': None, 'update_time': '2026-04-07T10:00:15Z', 'confidence': None, 'between': None}]", "operating_status": "open", "basic_category": null, "taxonomy": "{'primary': 'education', 'hierarchy': ['education'], 'alternates': None}", "version": 4 }, "geometry": { "type": "Point", "coordinates": [ -76.53864424, 3.42928295 ] } },
{ "type": "Feature", "properties": { "id": "1ba28d1a-d2b6-46c7-9e35-f10c4e84d4ef", "categories": { "primary": "dance_club", "alternate": [ "arts_and_entertainment", "bar" ] }, "confidence": 0.64550870656967163, "websites": null, "emails": null, "socials": [ "https://www.facebook.com/1530079533956173" ], "phones": [ "+573117137020" ], "brand": "{'wikidata': None, 'names': {'primary': None, 'common': None, 'rules': None}}", "addresses": "[{'freeform': 'Calle 9 51-105', 'locality': 'Cali', 'postcode': '760036', 'region': None, 'country': 'CO'}]", "names": "{'primary': 'Mayami Plaza', 'common': None, 'rules': None}", "sources": "[{'property': '', 'dataset': 'meta', 'license': 'CDLA-Permissive-2.0', 'record_id': '1530079533956173', 'update_time': '2026-04-06T00:00:00.000Z', 'confidence': 0.6455087065696716, 'between': None}, {'property': '/properties/confidence', 'dataset': 'Overture', 'license': 'CDLA-Permissive-2.0', 'record_id': None, 'update_time': '2026-04-07T10:00:15Z', 'confidence': None, 'between': None}]", "operating_status": "open", "basic_category": "dance_club", "taxonomy": "{'primary': 'dance_club', 'hierarchy': ['arts_and_entertainment', 'nightlife_venue', 'dance_club'], 'alternates': None}", "version": 7 }, "geometry": { "type": "Point", "coordinates": [ -76.538608889763495, 3.428753408323831 ] } },
{ "type": "Feature", "properties": { "id": "e8cdce8a-340e-4a56-92c0-2e9190a23a55", "categories": { "primary": "auto_restoration_services", "alternate": [ "auto_detailing", "car_window_tinting" ] }, "confidence": 0.34212186932563782, "websites": null, "emails": [ "gammadetailingcali@gmail.com" ], "socials": [ "https://www.facebook.com/492008623986845" ], "phones": [ "+573164756435" ], "brand": "{'wikidata': None, 'names': {'primary': None, 'common': None, 'rules': None}}", "addresses": "[{'freeform': 'Calle 7 31-16', 'locality': 'Cali', 'postcode': '760042', 'region': None, 'country': 'CO'}]", "names": "{'primary': 'GAMMA Exclusive Detailing', 'common': None, 'rules': None}", "sources": "[{'property': '', 'dataset': 'meta', 'license': 'CDLA-Permissive-2.0', 'record_id': '492008623986845', 'update_time': '2026-04-06T00:00:00.000Z', 'confidence': 0.3421218693256378, 'between': None}, {'property': '/properties/confidence', 'dataset': 'Overture', 'license': 'CDLA-Permissive-2.0', 'record_id': None, 'update_time': '2026-04-07T10:00:15Z', 'confidence': None, 'between': None}]", "operating_status": "open", "basic_category": "automotive_service", "taxonomy": "{'primary': 'auto_restoration_service', 'hierarchy': ['travel_and_transportation', 'vehicle_service', 'automotive_service', 'auto_restoration_service'], 'alternates': None}", "version": 6 }, "geometry": { "type": "Point", "coordinates": [ -76.53859273, 3.42896115 ] } },
{ "type": "Feature", "properties": { "id": "4f9cc969-c578-4276-a8d6-0682d8592fe1", "categories": "{'primary': 'adult_entertainment', 'alternate': None}", "confidence": 0.84872785478830337, "websites": [ "http://www.paradisex.co/" ], "emails": null, "socials": [ "https://www.facebook.com/2219355898152168" ], "phones": [ "+573182086423" ], "brand": "{'wikidata': None, 'names': {'primary': None, 'common': None, 'rules': None}}", "addresses": "[{'freeform': 'Carrera 32 7-22', 'locality': 'Cali', 'postcode': '760042', 'region': None, 'country': 'CO'}]", "names": "{'primary': 'Paradisex Shop Templete', 'common': None, 'rules': None}", "sources": "[{'property': '', 'dataset': 'meta', 'license': 'CDLA-Permissive-2.0', 'record_id': '2219355898152168', 'update_time': '2026-04-06T00:00:00.000Z', 'confidence': 0.3422950208187103, 'between': None}, {'property': '/properties/confidence', 'dataset': 'Overture', 'license': 'CDLA-Permissive-2.0', 'record_id': None, 'update_time': '2026-04-07T10:00:15Z', 'confidence': None, 'between': None}]", "operating_status": "open", "basic_category": "adult_entertainment_venue", "taxonomy": "{'primary': 'adult_entertainment_venue', 'hierarchy': ['arts_and_entertainment', 'nightlife_venue', 'adult_entertainment_venue'], 'alternates': None}", "version": 6 }, "geometry": { "type": "Point", "coordinates": [ -76.53859428, 3.42834908 ] } },
{ "type": "Feature", "properties": { "id": "278dc95c-2995-4d7f-a371-26d01d3d30de", "categories": "{'primary': 'hotel', 'alternate': None}", "confidence": 0.67520153522491455, "websites": [ "http://www.kasa5taapartahotel.com/" ], "emails": [ "kasa5taapartahotel@gmail.com" ], "socials": [ "https://www.facebook.com/101086136383079" ], "phones": [ "+573226633633" ], "brand": "{'wikidata': None, 'names': {'primary': None, 'common': None, 'rules': None}}", "addresses": "[{'freeform': 'Calle 5 # 34 a 32', 'locality': 'Cali', 'postcode': '760042', 'region': None, 'country': 'CO'}]", "names": "{'primary': 'Kasa 5ta ApartaHotel', 'common': None, 'rules': None}", "sources": "[{'property': '', 'dataset': 'meta', 'license': 'CDLA-Permissive-2.0', 'record_id': '101086136383079', 'update_time': '2026-04-06T00:00:00.000Z', 'confidence': 0.6752015352249146, 'between': None}, {'property': '/properties/confidence', 'dataset': 'Overture', 'license': 'CDLA-Permissive-2.0', 'record_id': None, 'update_time': '2026-04-07T10:00:15Z', 'confidence': None, 'between': None}]", "operating_status": "open", "basic_category": "hotel", "taxonomy": "{'primary': 'hotel', 'hierarchy': ['lodging', 'hotel'], 'alternates': None}", "version": 7 }, "geometry": { "type": "Point", "coordinates": [ -76.53859, 3.42832 ] } },
{ "type": "Feature", "properties": { "id": "4ad3e4be-76f0-49d1-a278-3b6c2d2f47e3", "categories": { "primary": "hotel", "alternate": [ "accommodation", "motel" ] }, "confidence": 0.97766280174255371, "websites": [ "http://www.mphotel.co/" ], "emails": [ "reservas@mphotel.co" ], "socials": [ "https://www.facebook.com/1238131486360849" ], "phones": [ "+576024850083" ], "brand": "{'wikidata': None, 'names': {'primary': None, 'common': None, 'rules': None}}", "addresses": "[{'freeform': 'Carrera 34 6-61', 'locality': 'Cali', 'postcode': '760042', 'region': None, 'country': 'CO'}]", "names": "{'primary': 'MP Hotel', 'common': None, 'rules': None}", "sources": "[{'property': '', 'dataset': 'meta', 'license': 'CDLA-Permissive-2.0', 'record_id': '1238131486360849', 'update_time': '2026-04-06T00:00:00.000Z', 'confidence': 0.9776628017425537, 'between': None}, {'property': '/properties/confidence', 'dataset': 'Overture', 'license': 'CDLA-Permissive-2.0', 'record_id': None, 'update_time': '2026-04-07T10:00:15Z', 'confidence': None, 'between': None}]", "operating_status": "open", "basic_category": "hotel", "taxonomy": "{'primary': 'hotel', 'hierarchy': ['lodging', 'hotel'], 'alternates': None}", "version": 7 }, "geometry": { "type": "Point", "coordinates": [ -76.53850925, 3.42781561 ] } },
{ "type": "Feature", "properties": { "id": "efcd3e69-72e4-4be3-8641-fba6fc283232", "categories": "{'primary': 'automotive_services_and_repair', 'alternate': None}", "confidence": 0.47566267848014832, "websites": [ "http://www.progpscol.com/" ], "emails": [ "info@progpscol.com" ], "socials": [ "https://www.facebook.com/110886341393266" ], "phones": [ "+573225028374" ], "brand": "{'wikidata': None, 'names': {'primary': None, 'common': None, 'rules': None}}", "addresses": "[{'freeform': 'Carrera 14A 9A-24', 'locality': 'Cali', 'postcode': '760044', 'region': None, 'country': 'CO'}]", "names": "{'primary': 'Pro GPS Cali', 'common': None, 'rules': None}", "sources": "[{'property': '', 'dataset': 'meta', 'license': 'CDLA-Permissive-2.0', 'record_id': '110886341393266', 'update_time': '2026-04-06T00:00:00.000Z', 'confidence': 0.4756626784801483, 'between': None}, {'property': '/properties/confidence', 'dataset': 'Overture', 'license': 'CDLA-Permissive-2.0', 'record_id': None, 'update_time': '2026-04-07T10:00:15Z', 'confidence': None, 'between': None}]", "operating_status": "open", "basic_category": "vehicle_service", "taxonomy": "{'primary': 'automotive_service', 'hierarchy': ['travel_and_transportation', 'vehicle_service', 'automotive_service'], 'alternates': None}", "version": 1 }, "geometry": { "type": "Point", "coordinates": [ -76.538483798504004, 3.428591161843 ] } },
{ "type": "Feature", "properties": { "id": "1b74be71-726b-4e1f-8322-dd99f8f8d11e", "categories": "{'primary': 'fashion', 'alternate': None}", "confidence": 0.31490415334701538, "websites": [ "https://w.app/orve" ], "emails": [ "orvecolombia@gmail.com" ], "socials": [ "https://www.facebook.com/1065745066614084" ], "phones": [ "+573104061562" ], "brand": "{'wikidata': None, 'names': {'primary': None, 'common': None, 'rules': None}}", "addresses": "[{'freeform': '1234', 'locality': 'Cali', 'postcode': '760001', 'region': None, 'country': 'CO'}]", "names": "{'primary': 'ORVE', 'common': None, 'rules': None}", "sources": "[{'property': '', 'dataset': 'meta', 'license': 'CDLA-Permissive-2.0', 'record_id': '1065745066614084', 'update_time': '2026-04-06T00:00:00.000Z', 'confidence': 0.3149041533470154, 'between': None}, {'property': '/properties/confidence', 'dataset': 'Overture', 'license': 'CDLA-Permissive-2.0', 'record_id': None, 'update_time': '2026-04-07T10:00:15Z', 'confidence': None, 'between': None}]", "operating_status": "open", "basic_category": "fashion_and_apparel_store", "taxonomy": "{'primary': 'fashion_and_apparel_store', 'hierarchy': ['shopping', 'fashion_and_apparel_store'], 'alternates': None}", "version": 2 }, "geometry": { "type": "Point", "coordinates": [ -76.538477291430297, 3.428781117330827 ] } },
{ "type": "Feature", "properties": { "id": "da90010b-6247-46ef-ada8-ae2089a688e2", "categories": { "primary": "damage_restoration", "alternate": [ "automotive_repair" ] }, "confidence": 0.91641318798065186, "websites": [ "https://automotriz.gdc.coop/ads/reparacionrestauracionrinesgomez/" ], "emails": [ "armandogomez22249@gmail.com" ], "socials": [ "https://www.facebook.com/117209316340248" ], "phones": [ "+573163281722" ], "brand": "{'wikidata': None, 'names': {'primary': None, 'common': None, 'rules': None}}", "addresses": "[{'freeform': 'Calle 8 30A-13', 'locality': 'Cali', 'postcode': '760042', 'region': None, 'country': 'CO'}]", "names": "{'primary': 'Rines gomez reparacion y pintura', 'common': None, 'rules': None}", "sources": "[{'property': '', 'dataset': 'meta', 'license': 'CDLA-Permissive-2.0', 'record_id': '117209316340248', 'update_time': '2026-04-06T00:00:00.000Z', 'confidence': 0.9164131879806519, 'between': None}, {'property': '/properties/confidence', 'dataset': 'Overture', 'license': 'CDLA-Permissive-2.0', 'record_id': None, 'update_time': '2026-04-07T10:00:15Z', 'confidence': None, 'between': None}]", "operating_status": "open", "basic_category": "home_service", "taxonomy": "{'primary': 'damage_restoration', 'hierarchy': ['services_and_business', 'home_service', 'damage_restoration'], 'alternates': None}", "version": 1 }, "geometry": { "type": "Point", "coordinates": [ -76.5385113, 3.4287183 ] } },
{ "type": "Feature", "properties": { "id": "586af915-a4f4-47d0-a25c-72fd61eb8da2", "categories": { "primary": "car_dealer", "alternate": [ "automotive", "auto_customization" ] }, "confidence": 0.79958051443099976, "websites": null, "emails": null, "socials": [ "https://www.facebook.com/1185821204841447" ], "phones": [ "+5725577776" ], "brand": "{'wikidata': None, 'names': {'primary': None, 'common': None, 'rules': None}}", "addresses": "[{'freeform': 'Calle 7 31-54', 'locality': 'Cali', 'postcode': '760042', 'region': None, 'country': 'CO'}]", "names": "{'primary': 'MTX Car Audio', 'common': None, 'rules': None}", "sources": "[{'property': '', 'dataset': 'meta', 'license': 'CDLA-Permissive-2.0', 'record_id': '1185821204841447', 'update_time': '2026-04-06T00:00:00.000Z', 'confidence': 0.7995805144309998, 'between': None}, {'property': '/properties/confidence', 'dataset': 'Overture', 'license': 'CDLA-Permissive-2.0', 'record_id': None, 'update_time': '2026-04-07T10:00:15Z', 'confidence': None, 'between': None}]", "operating_status": "open", "basic_category": "auto_dealer", "taxonomy": "{'primary': 'auto_dealer', 'hierarchy': ['shopping', 'vehicle_dealer', 'auto_dealer'], 'alternates': None}", "version": 6 }, "geometry": { "type": "Point", "coordinates": [ -76.53851493, 3.42857246 ] } },
{ "type": "Feature", "properties": { "id": "4858f0d4-c84d-49c8-8954-230ed5748af5", "categories": { "primary": "tire_dealer_and_repair", "alternate": [ "automotive_parts_and_accessories", "wheel_and_rim_repair" ] }, "confidence": 0.52621793746948242, "websites": null, "emails": null, "socials": [ "https://www.facebook.com/968546779837450" ], "phones": [ "+573152132394" ], "brand": "{'wikidata': None, 'names': {'primary': None, 'common': None, 'rules': None}}", "addresses": "[{'freeform': 'Calle 7 31-60', 'locality': 'Cali', 'postcode': '760042', 'region': None, 'country': 'CO'}]", "names": "{'primary': 'Formula 1 Tire and Rim', 'common': None, 'rules': None}", "sources": "[{'property': '', 'dataset': 'meta', 'license': 'CDLA-Permissive-2.0', 'record_id': '968546779837450', 'update_time': '2026-04-06T00:00:00.000Z', 'confidence': 0.5262179374694824, 'between': None}, {'property': '/properties/confidence', 'dataset': 'Overture', 'license': 'CDLA-Permissive-2.0', 'record_id': None, 'update_time': '2026-04-07T10:00:15Z', 'confidence': None, 'between': None}]", "operating_status": "open", "basic_category": "automotive_service", "taxonomy": "{'primary': 'tire_dealer_and_repair', 'hierarchy': ['travel_and_transportation', 'vehicle_service', 'automotive_service', 'automotive_repair', 'tire_dealer_and_repair'], 'alternates': None}", "version": 8 }, "geometry": { "type": "Point", "coordinates": [ -76.53853704, 3.42858442 ] } },
{ "type": "Feature", "properties": { "id": "41659040-b671-43ff-9494-739846651ea7", "categories": { "primary": "veterinarian", "alternate": [ "health_and_medical", "pet_services" ] }, "confidence": 0.48058393597602844, "websites": [ "http://mundocaninoyfelino.com" ], "emails": null, "socials": [ "https://www.facebook.com/58882471662" ], "phones": [ "+5725583048" ], "brand": "{'wikidata': None, 'names': {'primary': None, 'common': None, 'rules': None}}", "addresses": "[{'freeform': 'Carrera 30 6-32', 'locality': 'Cali', 'postcode': '760042', 'region': None, 'country': 'CO'}]", "names": "{'primary': 'Clínica Veterinaria Mundo Canino y Felino', 'common': None, 'rules': None}", "sources": "[{'property': '', 'dataset': 'meta', 'license': 'CDLA-Permissive-2.0', 'record_id': '58882471662', 'update_time': '2026-04-06T00:00:00.000Z', 'confidence': 0.48058393597602844, 'between': None}, {'property': '/properties/confidence', 'dataset': 'Overture', 'license': 'CDLA-Permissive-2.0', 'record_id': None, 'update_time': '2026-04-07T10:00:15Z', 'confidence': None, 'between': None}]", "operating_status": "open", "basic_category": "animal_or_pet_service", "taxonomy": "{'primary': 'veterinarian', 'hierarchy': ['lifestyle_services', 'animal_or_pet_service', 'veterinary_care', 'veterinarian'], 'alternates': None}", "version": 6 }, "geometry": { "type": "Point", "coordinates": [ -76.53843533, 3.4301928 ] } },
{ "type": "Feature", "properties": { "id": "d7409dba-227e-41ab-beed-f22d58f18453", "categories": { "primary": "event_planning", "alternate": [ "topic_concert_venue" ] }, "confidence": 0.97661370038986206, "websites": null, "emails": [ "salondeeventosroses@outlook.com" ], "socials": [ "https://www.facebook.com/1780108342078348" ], "phones": [ "+573166458347" ], "brand": "{'wikidata': None, 'names': {'primary': None, 'common': None, 'rules': None}}", "addresses": "[{'freeform': 'Carrera 32 7-34', 'locality': 'Cali', 'postcode': '760042', 'region': None, 'country': 'CO'}]", "names": "{'primary': \"Salón de Eventos Rose's Cedro 2\", 'common': None, 'rules': None}", "sources": "[{'property': '', 'dataset': 'meta', 'license': 'CDLA-Permissive-2.0', 'record_id': '1780108342078348', 'update_time': '2026-04-06T00:00:00.000Z', 'confidence': 0.9766137003898621, 'between': None}, {'property': '/properties/confidence', 'dataset': 'Overture', 'license': 'CDLA-Permissive-2.0', 'record_id': None, 'update_time': '2026-04-07T10:00:15Z', 'confidence': None, 'between': None}]", "operating_status": "open", "basic_category": "event_or_party_service", "taxonomy": "{'primary': 'event_or_party_service', 'hierarchy': ['services_and_business', 'event_or_party_service'], 'alternates': None}", "version": 3 }, "geometry": { "type": "Point", "coordinates": [ -76.53827659, 3.42816926 ] } },
{ "type": "Feature", "properties": { "id": "e8e9b287-6a8c-4fd8-80e6-ec206f668a20", "categories": { "primary": "professional_services", "alternate": [ "event_photography" ] }, "confidence": 0.17751798033714294, "websites": [ "http://www.hans-studio.com/" ], "emails": null, "socials": [ "https://www.facebook.com/186468633672" ], "phones": [ "+573103967670" ], "brand": "{'wikidata': None, 'names': {'primary': None, 'common': None, 'rules': None}}", "addresses": "[{'freeform': 'Carrera 32 7-20', 'locality': 'Cali', 'postcode': '760042', 'region': None, 'country': 'CO'}]", "names": "{'primary': 'Hans Fotografía', 'common': None, 'rules': None}", "sources": "[{'property': '', 'dataset': 'meta', 'license': 'CDLA-Permissive-2.0', 'record_id': '186468633672', 'update_time': '2026-04-06T00:00:00.000Z', 'confidence': 0.17751798033714294, 'between': None}, {'property': '/properties/confidence', 'dataset': 'Overture', 'license': 'CDLA-Permissive-2.0', 'record_id': None, 'update_time': '2026-04-07T10:00:15Z', 'confidence': None, 'between': None}]", "operating_status": "open", "basic_category": "professional_service", "taxonomy": "{'primary': 'professional_service', 'hierarchy': ['services_and_business', 'professional_service'], 'alternates': None}", "version": 4 }, "geometry": { "type": "Point", "coordinates": [ -76.53827482, 3.42820375 ] } },
{ "type": "Feature", "properties": { "id": "5e279b9f-81a6-498f-b958-3ffa37b09247", "categories": "{'primary': 'dentist', 'alternate': None}", "confidence": 0.50367754697799683, "websites": [ "https://api.whatsapp.com/send?phone=573157194074" ], "emails": null, "socials": [ "https://www.facebook.com/1654062531299116" ], "phones": [ "+573202723461" ], "brand": "{'wikidata': None, 'names': {'primary': None, 'common': None, 'rules': None}}", "addresses": "[{'freeform': 'Carrera 32A-36', 'locality': 'Cali', 'postcode': '760041', 'region': None, 'country': 'CO'}]", "names": "{'primary': 'Odontologia Especializada Dr. Daniel Sanchez', 'common': None, 'rules': None}", "sources": "[{'property': '', 'dataset': 'meta', 'license': 'CDLA-Permissive-2.0', 'record_id': '1654062531299116', 'update_time': '2026-04-06T00:00:00.000Z', 'confidence': 0.5036775469779968, 'between': None}, {'property': '/properties/confidence', 'dataset': 'Overture', 'license': 'CDLA-Permissive-2.0', 'record_id': None, 'update_time': '2026-04-07T10:00:15Z', 'confidence': None, 'between': None}]", "operating_status": "open", "basic_category": "dental_clinic", "taxonomy": "{'primary': 'dental_clinic', 'hierarchy': ['health_care', 'outpatient_care_facility', 'dental_clinic'], 'alternates': None}", "version": 4 }, "geometry": { "type": "Point", "coordinates": [ -76.53819903, 3.42822285 ] } },
{ "type": "Feature", "properties": { "id": "d5f5b1c6-7875-4f5e-b93b-3eb52cf3ea72", "categories": "{'primary': 'doctor', 'alternate': None}", "confidence": 0.56436055898666382, "websites": null, "emails": [ "camilo_93512@hotmail.com" ], "socials": [ "https://www.facebook.com/2040719702835670" ], "phones": [ "+573166944489" ], "brand": "{'wikidata': None, 'names': {'primary': None, 'common': None, 'rules': None}}", "addresses": "[{'freeform': 'Carrera 32 7-36', 'locality': 'Cali', 'postcode': '760042', 'region': None, 'country': 'CO'}]", "names": "{'primary': 'Martinez y Velasco Odontología', 'common': None, 'rules': None}", "sources": "[{'property': '', 'dataset': 'meta', 'license': 'CDLA-Permissive-2.0', 'record_id': '2040719702835670', 'update_time': '2026-04-06T00:00:00.000Z', 'confidence': 0.5643605589866638, 'between': None}, {'property': '/properties/confidence', 'dataset': 'Overture', 'license': 'CDLA-Permissive-2.0', 'record_id': None, 'update_time': '2026-04-07T10:00:15Z', 'confidence': None, 'between': None}]", "operating_status": "open", "basic_category": "outpatient_care_facility", "taxonomy": "{'primary': 'heatlh_care', 'hierarchy': ['health_care', 'doctor'], 'alternates': None}", "version": 6 }, "geometry": { "type": "Point", "coordinates": [ -76.53818, 3.42822 ] } },
{ "type": "Feature", "properties": { "id": "a51f0167-640a-46f1-94a6-3834cb35e7ba", "categories": { "primary": "dentist", "alternate": [ "orthodontist", "cosmetic_dentist" ] }, "confidence": 0.76699841022491455, "websites": null, "emails": [ "dra.nathaliamv@gmail.com" ], "socials": [ "https://www.facebook.com/102529671841860" ], "phones": [ "+573053184204" ], "brand": "{'wikidata': None, 'names': {'primary': None, 'common': None, 'rules': None}}", "addresses": "[{'freeform': 'Calle 5B3 BIS 38-70', 'locality': 'Cali', 'postcode': '760042', 'region': None, 'country': 'CO'}]", "names": "{'primary': 'Dra. Nathalia Martínez', 'common': None, 'rules': None}", "sources": "[{'property': '', 'dataset': 'meta', 'license': 'CDLA-Permissive-2.0', 'record_id': '102529671841860', 'update_time': '2026-04-06T00:00:00.000Z', 'confidence': 0.7669984102249146, 'between': None}, {'property': '/properties/confidence', 'dataset': 'Overture', 'license': 'CDLA-Permissive-2.0', 'record_id': None, 'update_time': '2026-04-07T10:00:15Z', 'confidence': None, 'between': None}]", "operating_status": "open", "basic_category": "dental_clinic", "taxonomy": "{'primary': 'dental_clinic', 'hierarchy': ['health_care', 'outpatient_care_facility', 'dental_clinic'], 'alternates': None}", "version": 8 }, "geometry": { "type": "Point", "coordinates": [ -76.538132429122996, 3.4280904863872 ] } },
{ "type": "Feature", "properties": { "id": "efe19f8f-d10b-4827-aacb-48c2c8514752", "categories": { "primary": "automotive_dealer", "alternate": [ "automotive_parts_and_accessories" ] }, "confidence": 0.47991034388542175, "websites": null, "emails": null, "socials": [ "https://www.facebook.com/108056508005185" ], "phones": [ "+573166190460" ], "brand": "{'wikidata': None, 'names': {'primary': None, 'common': None, 'rules': None}}", "addresses": "[{'freeform': 'Calle 7 30-08', 'locality': 'Cali', 'postcode': '760042', 'region': None, 'country': 'CO'}]", "names": "{'primary': 'Auto lujos Las Vegas', 'common': None, 'rules': None}", "sources": "[{'property': '', 'dataset': 'meta', 'license': 'CDLA-Permissive-2.0', 'record_id': '108056508005185', 'update_time': '2026-04-06T00:00:00.000Z', 'confidence': 0.47991034388542175, 'between': None}, {'property': '/properties/confidence', 'dataset': 'Overture', 'license': 'CDLA-Permissive-2.0', 'record_id': None, 'update_time': '2026-04-07T10:00:15Z', 'confidence': None, 'between': None}]", "operating_status": "open", "basic_category": "vehicle_dealer", "taxonomy": "{'primary': 'vehicle_dealer', 'hierarchy': ['shopping', 'vehicle_dealer'], 'alternates': None}", "version": 3 }, "geometry": { "type": "Point", "coordinates": [ -76.53811246, 3.42969012 ] } },
{ "type": "Feature", "properties": { "id": "65a0a65a-acf5-41aa-b5a6-29e5282b25a6", "categories": { "primary": "tire_dealer_and_repair", "alternate": [ "automotive", "wheel_and_rim_repair" ] }, "confidence": 0.85100090503692627, "websites": null, "emails": [ "centralderinesyllantas@gmail.com" ], "socials": [ "https://www.facebook.com/1234754449935346" ], "phones": [ "+573143813911" ], "brand": "{'wikidata': None, 'names': {'primary': None, 'common': None, 'rules': None}}", "addresses": "[{'freeform': 'Calle 7 30A-34', 'locality': 'Cali', 'postcode': '760042', 'region': None, 'country': 'CO'}]", "names": "{'primary': 'central de rines y llantas', 'common': None, 'rules': None}", "sources": "[{'property': '', 'dataset': 'meta', 'license': 'CDLA-Permissive-2.0', 'record_id': '1234754449935346', 'update_time': '2026-04-06T00:00:00.000Z', 'confidence': 0.8510009050369263, 'between': None}, {'property': '/properties/confidence', 'dataset': 'Overture', 'license': 'CDLA-Permissive-2.0', 'record_id': None, 'update_time': '2026-04-07T10:00:15Z', 'confidence': None, 'between': None}]", "operating_status": "open", "basic_category": "automotive_service", "taxonomy": "{'primary': 'tire_dealer_and_repair', 'hierarchy': ['travel_and_transportation', 'vehicle_service', 'automotive_service', 'automotive_repair', 'tire_dealer_and_repair'], 'alternates': None}", "version": 8 }, "geometry": { "type": "Point", "coordinates": [ -76.53813781, 3.42975288 ] } },
{ "type": "Feature", "properties": { "id": "0d2f7f67-18d7-4c74-9be1-b61021ef7b10", "categories": "{'primary': 'cosmetology_school', 'alternate': None}", "confidence": 0.95801782608032227, "websites": [ "https://escuelatecnicagloriamejia.edu.co/" ], "emails": [ "director.ejecutivo@escuelagloriamejia.edu.co" ], "socials": [ "https://www.facebook.com/1481713698738530" ], "phones": [ "+573024250199" ], "brand": "{'wikidata': None, 'names': {'primary': None, 'common': None, 'rules': None}}", "addresses": "[{'freeform': 'Calle 7 30A-34', 'locality': 'Cali', 'postcode': '760042', 'region': None, 'country': 'CO'}]", "names": "{'primary': 'Escuela Tecnica Gloria Mejia', 'common': None, 'rules': None}", "sources": "[{'property': '', 'dataset': 'meta', 'license': 'CDLA-Permissive-2.0', 'record_id': '1481713698738530', 'update_time': '2026-04-06T00:00:00.000Z', 'confidence': 0.9580178260803223, 'between': None}, {'property': '/properties/confidence', 'dataset': 'Overture', 'license': 'CDLA-Permissive-2.0', 'record_id': None, 'update_time': '2026-04-07T10:00:15Z', 'confidence': None, 'between': None}]", "operating_status": "open", "basic_category": "specialty_school", "taxonomy": "{'primary': 'cosmetology_school', 'hierarchy': ['education', 'place_of_learning', 'specialty_school', 'cosmetology_school'], 'alternates': None}", "version": 7 }, "geometry": { "type": "Point", "coordinates": [ -76.53821916, 3.42941268 ] } },
{ "type": "Feature", "properties": { "id": "50e6ce3c-29ba-4a6e-acff-5cfa20484741", "categories": { "primary": "health_and_medical", "alternate": [ "vitamins_and_supplements" ] }, "confidence": 0.29873195290565491, "websites": [ "https://wa.me/message/ILEHNWNCP4T5H1" ], "emails": [ "callciber102@gmail.com" ], "socials": [ "https://www.facebook.com/286677014536833" ], "phones": [ "+573127159177" ], "brand": "{'wikidata': None, 'names': {'primary': None, 'common': None, 'rules': None}}", "addresses": "[{'freeform': 'Avenida Roosevelt 29-34', 'locality': 'Cali', 'postcode': '760042', 'region': None, 'country': 'CO'}]", "names": "{'primary': 'Nativos Centro de Medicina Natural ', 'common': None, 'rules': None}", "sources": "[{'property': '', 'dataset': 'meta', 'license': 'CDLA-Permissive-2.0', 'record_id': '286677014536833', 'update_time': '2026-04-06T00:00:00.000Z', 'confidence': 0.2987319529056549, 'between': None}, {'property': '/properties/confidence', 'dataset': 'Overture', 'license': 'CDLA-Permissive-2.0', 'record_id': None, 'update_time': '2026-04-07T10:00:15Z', 'confidence': None, 'between': None}]", "operating_status": "open", "basic_category": null, "taxonomy": "{'primary': 'health_care', 'hierarchy': ['health_care'], 'alternates': None}", "version": 1 }, "geometry": { "type": "Point", "coordinates": [ -76.53828, 3.430151 ] } },
{ "type": "Feature", "properties": { "id": "2dce9571-e519-416d-9dcb-ed698c13c152", "categories": { "primary": "pet_store", "alternate": [ "veterinarian", "pet_services" ] }, "confidence": 0.77135306596755981, "websites": [ "http://www.petmour.com/" ], "emails": [ "petmourcali@hotmail.com" ], "socials": [ "https://www.facebook.com/187457881715141" ], "phones": [ "+25571020" ], "brand": "{'wikidata': None, 'names': {'primary': None, 'common': None, 'rules': None}}", "addresses": "[{'freeform': 'Carrera 31A-6', 'locality': 'Cali', 'postcode': '760042', 'region': None, 'country': 'CO'}]", "names": "{'primary': 'Petmour - Mascotas Con Glamour', 'common': None, 'rules': None}", "sources": "[{'property': '', 'dataset': 'meta', 'license': 'CDLA-Permissive-2.0', 'record_id': '187457881715141', 'update_time': '2026-04-06T00:00:00.000Z', 'confidence': 0.7713530659675598, 'between': None}, {'property': '/properties/confidence', 'dataset': 'Overture', 'license': 'CDLA-Permissive-2.0', 'record_id': None, 'update_time': '2026-04-07T10:00:15Z', 'confidence': None, 'between': None}]", "operating_status": "open", "basic_category": "animal_and_pet_store", "taxonomy": "{'primary': 'pet_store', 'hierarchy': ['shopping', 'specialty_store', 'animal_and_pet_store', 'pet_store'], 'alternates': None}", "version": 9 }, "geometry": { "type": "Point", "coordinates": [ -76.53832178, 3.42948402 ] } },
{ "type": "Feature", "properties": { "id": "3bf5f255-5188-4e25-9493-28828b502790", "categories": { "primary": "catholic_church", "alternate": [ "church_cathedral" ] }, "confidence": 0.6137547492980957, "websites": null, "emails": [ "omm1970@hotmail.com" ], "socials": [ "https://www.facebook.com/1588585184593886" ], "phones": [ "+573154178226" ], "brand": "{'wikidata': None, 'names': {'primary': None, 'common': None, 'rules': None}}", "addresses": "[{'freeform': 'Carrera 29 6-97', 'locality': 'Cali', 'postcode': '760042', 'region': None, 'country': 'CO'}]", "names": "{'primary': 'Iglesia La Milagrosa', 'common': None, 'rules': None}", "sources": "[{'property': '', 'dataset': 'meta', 'license': 'CDLA-Permissive-2.0', 'record_id': '1588585184593886', 'update_time': '2026-04-06T00:00:00.000Z', 'confidence': 0.6137547492980957, 'between': None}, {'property': '/properties/confidence', 'dataset': 'Overture', 'license': 'CDLA-Permissive-2.0', 'record_id': None, 'update_time': '2026-04-07T10:00:15Z', 'confidence': None, 'between': None}]", "operating_status": "open", "basic_category": "christian_place_of_worship", "taxonomy": "{'primary': 'roman_catholic_place_of_worship', 'hierarchy': ['cultural_and_historic', 'religious_organization', 'place_of_worship', 'christian_place_of_worship', 'roman_catholic_place_of_worship'], 'alternates': None}", "version": 6 }, "geometry": { "type": "Point", "coordinates": [ -76.53831878, 3.43174614 ] } },
{ "type": "Feature", "properties": { "id": "b5ed0bd8-2074-454e-a6b8-ac2832651ebf", "categories": { "primary": "construction_services", "alternate": [ "engineering_services" ] }, "confidence": 0.22666625678539276, "websites": null, "emails": null, "socials": [ "https://www.facebook.com/1653252148301596" ], "phones": [ "+573155945559" ], "brand": "{'wikidata': None, 'names': {'primary': None, 'common': None, 'rules': None}}", "addresses": "[{'freeform': 'Calle 8 30-29', 'locality': 'Cali', 'postcode': '760042', 'region': None, 'country': 'CO'}]", "names": "{'primary': 'IPC Constructores', 'common': None, 'rules': None}", "sources": "[{'property': '', 'dataset': 'meta', 'license': 'CDLA-Permissive-2.0', 'record_id': '1653252148301596', 'update_time': '2026-04-06T00:00:00.000Z', 'confidence': 0.22666625678539276, 'between': None}, {'property': '/properties/confidence', 'dataset': 'Overture', 'license': 'CDLA-Permissive-2.0', 'record_id': None, 'update_time': '2026-04-07T10:00:15Z', 'confidence': None, 'between': None}]", "operating_status": "open", "basic_category": "building_or_construction_service", "taxonomy": "{'primary': 'construction_service', 'hierarchy': ['services_and_business', 'building_or_construction_service'], 'alternates': None}", "version": 6 }, "geometry": { "type": "Point", "coordinates": [ -76.53830209, 3.43313655 ] } },
{ "type": "Feature", "properties": { "id": "ddeab383-777e-4ee9-8a68-f3602ba6dedd", "categories": "{'primary': 'non_governmental_association', 'alternate': None}", "confidence": 0.41393312811851501, "websites": [ "http://www.crecerenfamilia.org/" ], "emails": [ "comunicaciones@crecefamilia.org" ], "socials": [ "https://www.facebook.com/1008050825913882" ], "phones": [ "+573162582646" ], "brand": "{'wikidata': None, 'names': {'primary': None, 'common': None, 'rules': None}}", "addresses": "[{'freeform': 'Carrera 27 6-64', 'locality': 'Cali', 'postcode': '760042', 'region': None, 'country': 'CO'}]", "names": "{'primary': 'Crecerenfamilia', 'common': None, 'rules': None}", "sources": "[{'property': '', 'dataset': 'meta', 'license': 'CDLA-Permissive-2.0', 'record_id': '1008050825913882', 'update_time': '2026-04-06T00:00:00.000Z', 'confidence': 0.413933128118515, 'between': None}, {'property': '/properties/confidence', 'dataset': 'Overture', 'license': 'CDLA-Permissive-2.0', 'record_id': None, 'update_time': '2026-04-07T10:00:15Z', 'confidence': None, 'between': None}]", "operating_status": "open", "basic_category": "civic_organization", "taxonomy": "{'primary': 'non_governmental_association', 'hierarchy': ['community_and_government', 'civic_organization', 'non_governmental_association'], 'alternates': None}", "version": 1 }, "geometry": { "type": "Point", "coordinates": [ -76.538172125784001, 3.4331748736122 ] } },
{ "type": "Feature", "properties": { "id": "67568cee-7b7b-4ee7-86f3-7743d155f547", "categories": "{'primary': 'pest_control_service', 'alternate': None}", "confidence": 1.0, "websites": [ "https://www.rentokil.com/co/acerca-de-rentokil/equipo-local/control-de-plagas-en-cali" ], "emails": null, "socials": "['https://www.facebook.com/rentokilcol'\n 'https://www.instagram.com/rentokilcol'\n 'https://www.linkedin.com/company/rentokil-initial/']", "phones": [ "+573009121277" ], "brand": null, "addresses": "[{'freeform': 'Carrera 27 #670', 'locality': 'Cali', 'postcode': '760042', 'region': None, 'country': 'CO'}]", "names": "{'primary': 'Rentokil', 'common': None, 'rules': None}", "sources": "[{'property': '', 'dataset': 'DAC', 'license': 'CDLA-Permissive-2.0', 'record_id': 'overture:places:place:9001220454', 'update_time': '2026-03-31T09:42:21.843Z', 'confidence': 1.0, 'between': None}, {'property': '/properties/confidence', 'dataset': 'Overture', 'license': 'CDLA-Permissive-2.0', 'record_id': None, 'update_time': '2026-04-07T10:00:15Z', 'confidence': None, 'between': None}]", "operating_status": "open", "basic_category": "home_service", "taxonomy": "{'primary': 'pest_control_service', 'hierarchy': ['services_and_business', 'home_service', 'pest_control_service'], 'alternates': None}", "version": 2 }, "geometry": { "type": "Point", "coordinates": [ -76.537997, 3.433076 ] } },
{ "type": "Feature", "properties": { "id": "3959ace4-1452-493b-9940-f7933f887769", "categories": { "primary": "church_cathedral", "alternate": [ "religious_organization", "catholic_church" ] }, "confidence": 0.90523624420166016, "websites": [ "https://bit.ly/CanalOficialRCC_Cali" ], "emails": [ "renocatolicacali@gmail.com" ], "socials": [ "https://www.facebook.com/320829364626135" ], "phones": [ "+573154807798" ], "brand": "{'wikidata': None, 'names': {'primary': None, 'common': None, 'rules': None}}", "addresses": "[{'freeform': 'Carrera 26A 2 O', 'locality': 'Cali', 'postcode': '760043', 'region': None, 'country': 'CO'}]", "names": "{'primary': 'Renovacion Carismatica Catolica', 'common': None, 'rules': None}", "sources": "[{'property': '', 'dataset': 'meta', 'license': 'CDLA-Permissive-2.0', 'record_id': '320829364626135', 'update_time': '2026-04-06T00:00:00.000Z', 'confidence': 0.9052362442016602, 'between': None}, {'property': '/properties/confidence', 'dataset': 'Overture', 'license': 'CDLA-Permissive-2.0', 'record_id': None, 'update_time': '2026-04-07T10:00:15Z', 'confidence': None, 'between': None}]", "operating_status": "open", "basic_category": "christian_place_of_worship", "taxonomy": "{'primary': 'christian_place_of_worship', 'hierarchy': ['cultural_and_historic', 'religious_organization', 'place_of_worship', 'christian_place_of_worship'], 'alternates': None}", "version": 7 }, "geometry": { "type": "Point", "coordinates": [ -76.53790437, 3.43438731 ] } },
{ "type": "Feature", "properties": { "id": "cd26040a-fb6f-4009-b801-be19917c2728", "categories": { "primary": "health_and_medical", "alternate": [ "beauty_and_spa" ] }, "confidence": 0.80937439203262329, "websites": null, "emails": [ "atencionalcliente.gruposb@gmail.com" ], "socials": [ "https://www.facebook.com/212459125450468" ], "phones": [ "+573174423826" ], "brand": "{'wikidata': None, 'names': {'primary': None, 'common': None, 'rules': None}}", "addresses": "[{'freeform': 'Carrera 28-87', 'locality': 'Cali', 'postcode': '760042', 'region': None, 'country': 'CO'}]", "names": "{'primary': 'Grupo SB', 'common': None, 'rules': None}", "sources": "[{'property': '', 'dataset': 'meta', 'license': 'CDLA-Permissive-2.0', 'record_id': '212459125450468', 'update_time': '2026-04-06T00:00:00.000Z', 'confidence': 0.8093743920326233, 'between': None}, {'property': '/properties/confidence', 'dataset': 'Overture', 'license': 'CDLA-Permissive-2.0', 'record_id': None, 'update_time': '2026-04-07T10:00:15Z', 'confidence': None, 'between': None}]", "operating_status": "open", "basic_category": null, "taxonomy": "{'primary': 'health_care', 'hierarchy': ['health_care'], 'alternates': None}", "version": 8 }, "geometry": { "type": "Point", "coordinates": [ -76.53799825, 3.43260558 ] } },
{ "type": "Feature", "properties": { "id": "9e812b1d-0db2-4917-b4a9-f29a7c555a32", "categories": { "primary": "automotive_parts_and_accessories", "alternate": [ "lighting_store" ] }, "confidence": 0.6628652811050415, "websites": null, "emails": [ "lujosyaccesoriosjuanes@gmail.com" ], "socials": [ "https://www.facebook.com/114482240345318" ], "phones": [ "+573105018891" ], "brand": "{'wikidata': None, 'names': {'primary': None, 'common': None, 'rules': None}}", "addresses": "[{'freeform': 'Carrera 30A 7', 'locality': 'Cali', 'postcode': '760042', 'region': None, 'country': 'CO'}]", "names": "{'primary': 'Lujos y Accesorios Juanes', 'common': None, 'rules': None}", "sources": "[{'property': '', 'dataset': 'meta', 'license': 'CDLA-Permissive-2.0', 'record_id': '114482240345318', 'update_time': '2026-04-06T00:00:00.000Z', 'confidence': 0.6628652811050415, 'between': None}, {'property': '/properties/confidence', 'dataset': 'Overture', 'license': 'CDLA-Permissive-2.0', 'record_id': None, 'update_time': '2026-04-07T10:00:15Z', 'confidence': None, 'between': None}]", "operating_status": "open", "basic_category": "vehicle_parts_store", "taxonomy": "{'primary': 'auto_parts_store', 'hierarchy': ['shopping', 'specialty_store', 'vehicle_parts_store', 'auto_parts_store'], 'alternates': None}", "version": 7 }, "geometry": { "type": "Point", "coordinates": [ -76.53800071, 3.42997394 ] } },
{ "type": "Feature", "properties": { "id": "0c8b831c-7204-4792-882e-e0a82e0e4cbb", "categories": { "primary": "shopping", "alternate": [ "automotive_parts_and_accessories" ] }, "confidence": 0.8948710560798645, "websites": [ "http://www.servirines.com/" ], "emails": [ "servirines@hotmail.com" ], "socials": [ "https://www.facebook.com/491743554189405" ], "phones": [ "+573016152529" ], "brand": "{'wikidata': None, 'names': {'primary': None, 'common': None, 'rules': None}}", "addresses": "[{'freeform': 'Calle 7 30-04', 'locality': 'Cali', 'postcode': '760042', 'region': None, 'country': 'CO'}]", "names": "{'primary': 'Servirines', 'common': None, 'rules': None}", "sources": "[{'property': '', 'dataset': 'meta', 'license': 'CDLA-Permissive-2.0', 'record_id': '491743554189405', 'update_time': '2026-04-06T00:00:00.000Z', 'confidence': 0.8948710560798645, 'between': None}, {'property': '/properties/confidence', 'dataset': 'Overture', 'license': 'CDLA-Permissive-2.0', 'record_id': None, 'update_time': '2026-04-07T10:00:15Z', 'confidence': None, 'between': None}]", "operating_status": "open", "basic_category": null, "taxonomy": "{'primary': 'shopping', 'hierarchy': ['shopping'], 'alternates': None}", "version": 9 }, "geometry": { "type": "Point", "coordinates": [ -76.53800724, 3.43022687 ] } },
{ "type": "Feature", "properties": { "id": "45fe727f-b365-4fe5-bc5a-a6e7d4d839a7", "categories": "{'primary': 'beauty_and_spa', 'alternate': None}", "confidence": 0.45442211627960205, "websites": [ "https://www.instagram.com/p/C53N-LFN4EZ/?igsh=YzljYTk1ODg3Zg%3D%3D" ], "emails": [ "afric4bellossas@gmail.com" ], "socials": [ "https://www.facebook.com/319684127899475" ], "phones": [ "+573207056512" ], "brand": "{'wikidata': None, 'names': {'primary': None, 'common': None, 'rules': None}}", "addresses": "[{'freeform': 'Carrera 32 7-22', 'locality': 'Cali', 'postcode': '760042', 'region': None, 'country': 'CO'}]", "names": "{'primary': 'Afric4bellos, Centro de Identidad y Estética ', 'common': None, 'rules': None}", "sources": "[{'property': '', 'dataset': 'meta', 'license': 'CDLA-Permissive-2.0', 'record_id': '319684127899475', 'update_time': '2026-04-06T00:00:00.000Z', 'confidence': 0.45442211627960205, 'between': None}, {'property': '/properties/confidence', 'dataset': 'Overture', 'license': 'CDLA-Permissive-2.0', 'record_id': None, 'update_time': '2026-04-07T10:00:15Z', 'confidence': None, 'between': None}]", "operating_status": "open", "basic_category": "personal_or_beauty_service", "taxonomy": "{'primary': 'beauty_service', 'hierarchy': ['lifestyle_services', 'personal_or_beauty_service'], 'alternates': None}", "version": 1 }, "geometry": { "type": "Point", "coordinates": [ -76.53807, 3.429951071672 ] } },
{ "type": "Feature", "properties": { "id": "4854718f-5c1a-4056-9f6b-e0dd6b089ce6", "categories": "{'primary': 'automotive_parts_and_accessories', 'alternate': None}", "confidence": 0.87747341394424438, "websites": null, "emails": [ "centrobateriascali@gmail.com" ], "socials": [ "https://www.facebook.com/435965420528591" ], "phones": [ "+573183117878" ], "brand": "{'wikidata': None, 'names': {'primary': None, 'common': None, 'rules': None}}", "addresses": "[{'freeform': 'Calle 7 30', 'locality': 'Cali', 'postcode': '760042', 'region': None, 'country': 'CO'}]", "names": "{'primary': 'Baterías Electro Car', 'common': None, 'rules': None}", "sources": "[{'property': '', 'dataset': 'meta', 'license': 'CDLA-Permissive-2.0', 'record_id': '435965420528591', 'update_time': '2026-04-06T00:00:00.000Z', 'confidence': 0.8774734139442444, 'between': None}, {'property': '/properties/confidence', 'dataset': 'Overture', 'license': 'CDLA-Permissive-2.0', 'record_id': None, 'update_time': '2026-04-07T10:00:15Z', 'confidence': None, 'between': None}]", "operating_status": "open", "basic_category": "vehicle_parts_store", "taxonomy": "{'primary': 'auto_parts_store', 'hierarchy': ['shopping', 'specialty_store', 'vehicle_parts_store', 'auto_parts_store'], 'alternates': None}", "version": 6 }, "geometry": { "type": "Point", "coordinates": [ -76.53810612, 3.42989148 ] } },
{ "type": "Feature", "properties": { "id": "6ea0d22d-da29-40d0-bf62-0380b3daff83", "categories": "{'primary': 'bar', 'alternate': None}", "confidence": 0.9068676233291626, "websites": [ "https://www.instagram.com/elpedazo_cali/?hl=es" ], "emails": [ "mercadeo@swinglatino.co" ], "socials": [ "https://www.facebook.com/116351631254880" ], "phones": [ "+573205263764" ], "brand": "{'wikidata': None, 'names': {'primary': None, 'common': None, 'rules': None}}", "addresses": "[{'freeform': 'Carrera 32A-7', 'locality': 'Cali', 'postcode': '760042', 'region': None, 'country': 'CO'}]", "names": "{'primary': 'Marcela Terraza Cali', 'common': None, 'rules': None}", "sources": "[{'property': '', 'dataset': 'meta', 'license': 'CDLA-Permissive-2.0', 'record_id': '116351631254880', 'update_time': '2026-04-06T00:00:00.000Z', 'confidence': 0.9068676233291626, 'between': None}, {'property': '/properties/confidence', 'dataset': 'Overture', 'license': 'CDLA-Permissive-2.0', 'record_id': None, 'update_time': '2026-04-07T10:00:15Z', 'confidence': None, 'between': None}]", "operating_status": "open", "basic_category": "bar", "taxonomy": "{'primary': 'bar', 'hierarchy': ['food_and_drink', 'alcoholic_beverage_venue', 'bar'], 'alternates': None}", "version": 7 }, "geometry": { "type": "Point", "coordinates": [ -76.5380324, 3.4280758 ] } },
{ "type": "Feature", "properties": { "id": "7c1ea1fb-1766-4ce2-904c-23109232df9e", "categories": { "primary": "hotel", "alternate": [ "accommodation", "travel" ] }, "confidence": 0.92879929423332219, "websites": [ "http://hotelesms.com" ], "emails": [ "reservas@hotelesms.com" ], "socials": [ "https://www.facebook.com/292149524174229" ], "phones": [ "+25580733" ], "brand": "{'wikidata': None, 'names': {'primary': None, 'common': None, 'rules': None}}", "addresses": "[{'freeform': 'Carrera 32A-20', 'locality': 'Cali', 'postcode': '760042', 'region': None, 'country': 'CO'}]", "names": "{'primary': 'Hotel Ms Castellana', 'common': None, 'rules': None}", "sources": "[{'property': '', 'dataset': 'meta', 'license': 'CDLA-Permissive-2.0', 'record_id': '292149524174229', 'update_time': '2026-04-06T00:00:00.000Z', 'confidence': 0.6904317140579224, 'between': None}, {'property': '/properties/confidence', 'dataset': 'Overture', 'license': 'CDLA-Permissive-2.0', 'record_id': None, 'update_time': '2026-04-07T10:00:15Z', 'confidence': None, 'between': None}]", "operating_status": "open", "basic_category": "hotel", "taxonomy": "{'primary': 'hotel', 'hierarchy': ['lodging', 'hotel'], 'alternates': None}", "version": 7 }, "geometry": { "type": "Point", "coordinates": [ -76.5376383, 3.42807547 ] } },
{ "type": "Feature", "properties": { "id": "d345a165-3bcc-4f02-b30f-9579fb1a785f", "categories": { "primary": "hotel", "alternate": [ "accommodation", "motel" ] }, "confidence": 0.97186654806137085, "websites": [ "http://www.hotelcastellanareal.com/" ], "emails": [ "hotelcastellanarealcali@gmail.com" ], "socials": [ "https://www.facebook.com/110047754035631" ], "phones": [ "+5725580733" ], "brand": "{'wikidata': None, 'names': {'primary': None, 'common': None, 'rules': None}}", "addresses": "[{'freeform': 'Carrera 32 8-20', 'locality': 'Cali', 'postcode': '760042', 'region': None, 'country': 'CO'}]", "names": "{'primary': 'Hotel Castellana Real', 'common': None, 'rules': None}", "sources": "[{'property': '', 'dataset': 'meta', 'license': 'CDLA-Permissive-2.0', 'record_id': '110047754035631', 'update_time': '2026-04-06T00:00:00.000Z', 'confidence': 0.9718665480613708, 'between': None}, {'property': '/properties/confidence', 'dataset': 'Overture', 'license': 'CDLA-Permissive-2.0', 'record_id': None, 'update_time': '2026-04-07T10:00:15Z', 'confidence': None, 'between': None}]", "operating_status": "open", "basic_category": "hotel", "taxonomy": "{'primary': 'hotel', 'hierarchy': ['lodging', 'hotel'], 'alternates': None}", "version": 7 }, "geometry": { "type": "Point", "coordinates": [ -76.53755728, 3.42798282 ] } },
{ "type": "Feature", "properties": { "id": "02ec53cc-d250-4cc4-9733-e4c0c9e64e1b", "categories": { "primary": "hotel", "alternate": [ "bed_and_breakfast", "restaurant" ] }, "confidence": 0.52222895622253418, "websites": null, "emails": null, "socials": [ "https://www.facebook.com/770507836635424" ], "phones": null, "brand": "{'wikidata': None, 'names': {'primary': None, 'common': None, 'rules': None}}", "addresses": "[{'freeform': None, 'locality': 'Cali', 'postcode': None, 'region': None, 'country': 'CO'}]", "names": "{'primary': 'Restaurante Ambrosia Caleña', 'common': None, 'rules': None}", "sources": "[{'property': '', 'dataset': 'meta', 'license': 'CDLA-Permissive-2.0', 'record_id': '770507836635424', 'update_time': '2026-04-06T00:00:00.000Z', 'confidence': 0.5222289562225342, 'between': None}, {'property': '/properties/confidence', 'dataset': 'Overture', 'license': 'CDLA-Permissive-2.0', 'record_id': None, 'update_time': '2026-04-07T10:00:15Z', 'confidence': None, 'between': None}]", "operating_status": "open", "basic_category": "hotel", "taxonomy": "{'primary': 'hotel', 'hierarchy': ['lodging', 'hotel'], 'alternates': None}", "version": 7 }, "geometry": { "type": "Point", "coordinates": [ -76.537560503088059, 3.42794012006016 ] } },
{ "type": "Feature", "properties": { "id": "fd84223d-c330-4a05-9924-5038092295e0", "categories": { "primary": "endodontist", "alternate": [ "health_and_medical" ] }, "confidence": 0.63443887233734131, "websites": null, "emails": [ "jonavegab@gmail.com" ], "socials": [ "https://www.facebook.com/577921245588281" ], "phones": [ "+573206716010" ], "brand": "{'wikidata': None, 'names': {'primary': None, 'common': None, 'rules': None}}", "addresses": "[{'freeform': 'Avenida 4 Calle 5 N-25', 'locality': 'Cali', 'postcode': '760045', 'region': None, 'country': 'CO'}]", "names": "{'primary': 'Jonathan Vega, OD - Especialista en Endodoncia', 'common': None, 'rules': None}", "sources": "[{'property': '', 'dataset': 'meta', 'license': 'CDLA-Permissive-2.0', 'record_id': '577921245588281', 'update_time': '2026-04-06T00:00:00.000Z', 'confidence': 0.6344388723373413, 'between': None}, {'property': '/properties/confidence', 'dataset': 'Overture', 'license': 'CDLA-Permissive-2.0', 'record_id': None, 'update_time': '2026-04-07T10:00:15Z', 'confidence': None, 'between': None}]", "operating_status": "open", "basic_category": "dental_clinic", "taxonomy": "{'primary': 'endodontics', 'hierarchy': ['health_care', 'outpatient_care_facility', 'dental_clinic', 'endodontics'], 'alternates': None}", "version": 1 }, "geometry": { "type": "Point", "coordinates": [ -76.537671089171994, 3.4320316251297 ] } },
{ "type": "Feature", "properties": { "id": "280a007f-e906-4f65-806e-5fab14fba25b", "categories": { "primary": "general_dentistry", "alternate": [ "health_and_medical" ] }, "confidence": 0.56643038988113403, "websites": null, "emails": [ "marianar_g@outlook.es" ], "socials": [ "https://www.facebook.com/100149381985512" ], "phones": [ "+573007062558" ], "brand": "{'wikidata': None, 'names': {'primary': None, 'common': None, 'rules': None}}", "addresses": "[{'freeform': 'Calle 7 28-32', 'locality': 'Cali', 'postcode': '760042', 'region': None, 'country': 'CO'}]", "names": "{'primary': 'Consultorio odontológico MR Dra. Mariana Rojas', 'common': None, 'rules': None}", "sources": "[{'property': '', 'dataset': 'meta', 'license': 'CDLA-Permissive-2.0', 'record_id': '100149381985512', 'update_time': '2026-04-06T00:00:00.000Z', 'confidence': 0.566430389881134, 'between': None}, {'property': '/properties/confidence', 'dataset': 'Overture', 'license': 'CDLA-Permissive-2.0', 'record_id': None, 'update_time': '2026-04-07T10:00:15Z', 'confidence': None, 'between': None}]", "operating_status": "open", "basic_category": "dental_clinic", "taxonomy": "{'primary': 'general_dentistry', 'hierarchy': ['health_care', 'outpatient_care_facility', 'dental_clinic', 'general_dentistry'], 'alternates': None}", "version": 3 }, "geometry": { "type": "Point", "coordinates": [ -76.53766217, 3.43199105 ] } },
{ "type": "Feature", "properties": { "id": "b402721f-7d2e-4814-8341-6bc84402fa0f", "categories": { "primary": "restaurant", "alternate": [ "barbecue_restaurant", "buffet_restaurant" ] }, "confidence": 0.60154491662979126, "websites": null, "emails": [ "lacocinademartina01@gmail.com" ], "socials": [ "https://www.facebook.com/348919998651674" ], "phones": null, "brand": "{'wikidata': None, 'names': {'primary': None, 'common': None, 'rules': None}}", "addresses": "[{'freeform': 'Calle 7 26', 'locality': 'Cali', 'postcode': '760042', 'region': None, 'country': 'CO'}]", "names": "{'primary': 'La Cocina De Martina', 'common': None, 'rules': None}", "sources": "[{'property': '', 'dataset': 'meta', 'license': 'CDLA-Permissive-2.0', 'record_id': '348919998651674', 'update_time': '2026-04-06T00:00:00.000Z', 'confidence': 0.6015449166297913, 'between': None}, {'property': '/properties/confidence', 'dataset': 'Overture', 'license': 'CDLA-Permissive-2.0', 'record_id': None, 'update_time': '2026-04-07T10:00:15Z', 'confidence': None, 'between': None}]", "operating_status": "open", "basic_category": "restaurant", "taxonomy": "{'primary': 'restaurant', 'hierarchy': ['food_and_drink', 'restaurant'], 'alternates': None}", "version": 6 }, "geometry": { "type": "Point", "coordinates": [ -76.537649631500003, 3.4323957512585 ] } },
{ "type": "Feature", "properties": { "id": "5090d830-f31b-463d-b75d-bf3490319d15", "categories": { "primary": "event_planning", "alternate": [ "wedding_planning", "caterer" ] }, "confidence": 0.61190301179885864, "websites": [ "http://www.eventosipus.com.co/" ], "emails": [ "eventosybanquetesipus@hotmail.com" ], "socials": [ "https://www.facebook.com/282758725217140" ], "phones": [ "+573104706463" ], "brand": "{'wikidata': None, 'names': {'primary': None, 'common': None, 'rules': None}}", "addresses": "[{'freeform': 'Calle 7 30-38', 'locality': 'Cali', 'postcode': '760042', 'region': None, 'country': 'CO'}]", "names": "{'primary': 'Eventos Ipus', 'common': None, 'rules': None}", "sources": "[{'property': '', 'dataset': 'meta', 'license': 'CDLA-Permissive-2.0', 'record_id': '282758725217140', 'update_time': '2026-04-06T00:00:00.000Z', 'confidence': 0.6119030117988586, 'between': None}, {'property': '/properties/confidence', 'dataset': 'Overture', 'license': 'CDLA-Permissive-2.0', 'record_id': None, 'update_time': '2026-04-07T10:00:15Z', 'confidence': None, 'between': None}]", "operating_status": "open", "basic_category": "event_or_party_service", "taxonomy": "{'primary': 'event_or_party_service', 'hierarchy': ['services_and_business', 'event_or_party_service'], 'alternates': None}", "version": 6 }, "geometry": { "type": "Point", "coordinates": [ -76.537636176654743, 3.432327584476911 ] } },
{ "type": "Feature", "properties": { "id": "c2b10401-26f1-47b4-ae83-096413acaa8c", "categories": { "primary": "psychologist", "alternate": [ "health_and_medical", "doctor" ] }, "confidence": 0.31985515356063843, "websites": null, "emails": [ "gmguzman73@hotmail.com" ], "socials": [ "https://www.facebook.com/497795347248863" ], "phones": [ "+573154516061" ], "brand": "{'wikidata': None, 'names': {'primary': None, 'common': None, 'rules': None}}", "addresses": "[{'freeform': 'Calle 7 28-32', 'locality': 'Cali', 'postcode': '760042', 'region': None, 'country': 'CO'}]", "names": "{'primary': 'Dra. Gloria Guzman', 'common': None, 'rules': None}", "sources": "[{'property': '', 'dataset': 'meta', 'license': 'CDLA-Permissive-2.0', 'record_id': '497795347248863', 'update_time': '2026-04-06T00:00:00.000Z', 'confidence': 0.3198551535606384, 'between': None}, {'property': '/properties/confidence', 'dataset': 'Overture', 'license': 'CDLA-Permissive-2.0', 'record_id': None, 'update_time': '2026-04-07T10:00:15Z', 'confidence': None, 'between': None}]", "operating_status": "open", "basic_category": "behavioral_or_mental_health_clinic", "taxonomy": "{'primary': 'psychologist', 'hierarchy': ['health_care', 'outpatient_care_facility', 'behavioral_or_mental_health_clinic', 'psychiatry_or_psychology_service', 'psychology'], 'alternates': None}", "version": 6 }, "geometry": { "type": "Point", "coordinates": [ -76.53762875, 3.4320685 ] } },
{ "type": "Feature", "properties": { "id": "b6debcc4-38d0-4738-8fae-2c3d68719dd9", "categories": { "primary": "cosmetic_dentist", "alternate": [ "dentist", "health_and_medical" ] }, "confidence": 0.64507776498794556, "websites": null, "emails": [ "doctor.rojas76@gmail.com" ], "socials": [ "https://www.facebook.com/107946470625103" ], "phones": [ "+573173828008" ], "brand": "{'wikidata': None, 'names': {'primary': None, 'common': None, 'rules': None}}", "addresses": "[{'freeform': 'Calle 7 28-32', 'locality': 'Cali', 'postcode': '760042', 'region': None, 'country': 'CO'}]", "names": "{'primary': 'Dr. Rojas Odontología Estética', 'common': None, 'rules': None}", "sources": "[{'property': '', 'dataset': 'meta', 'license': 'CDLA-Permissive-2.0', 'record_id': '107946470625103', 'update_time': '2026-04-06T00:00:00.000Z', 'confidence': 0.6450777649879456, 'between': None}, {'property': '/properties/confidence', 'dataset': 'Overture', 'license': 'CDLA-Permissive-2.0', 'record_id': None, 'update_time': '2026-04-07T10:00:15Z', 'confidence': None, 'between': None}]", "operating_status": "open", "basic_category": "dental_clinic", "taxonomy": "{'primary': 'cosmetic_dentistry', 'hierarchy': ['health_care', 'outpatient_care_facility', 'dental_clinic', 'cosmetic_dentistry'], 'alternates': None}", "version": 5 }, "geometry": { "type": "Point", "coordinates": [ -76.5376267, 3.43206859 ] } },
{ "type": "Feature", "properties": { "id": "35c097d7-f2fa-4843-80cd-812bf151fa61", "categories": { "primary": "dentist", "alternate": [ "general_dentistry" ] }, "confidence": 0.33728200197219849, "websites": null, "emails": [ "jcamilo.falla@hotmail.com" ], "socials": [ "https://www.facebook.com/1042669218920886" ], "phones": [ "+573138266328" ], "brand": "{'wikidata': None, 'names': {'primary': None, 'common': None, 'rules': None}}", "addresses": "[{'freeform': 'Calle 7#28-32', 'locality': 'Cali', 'postcode': '760042', 'region': None, 'country': 'CO'}]", "names": "{'primary': 'Dra. Lucia Garces', 'common': None, 'rules': None}", "sources": "[{'property': '', 'dataset': 'meta', 'license': 'CDLA-Permissive-2.0', 'record_id': '1042669218920886', 'update_time': '2026-04-06T00:00:00.000Z', 'confidence': 0.3372820019721985, 'between': None}, {'property': '/properties/confidence', 'dataset': 'Overture', 'license': 'CDLA-Permissive-2.0', 'record_id': None, 'update_time': '2026-04-07T10:00:15Z', 'confidence': None, 'between': None}]", "operating_status": "open", "basic_category": "dental_clinic", "taxonomy": "{'primary': 'dental_clinic', 'hierarchy': ['health_care', 'outpatient_care_facility', 'dental_clinic'], 'alternates': None}", "version": 1 }, "geometry": { "type": "Point", "coordinates": [ -76.53762479, 3.43206847 ] } },
{ "type": "Feature", "properties": { "id": "1a56d555-6f36-48ad-94b4-1d2c4c7b2e79", "categories": { "primary": "cosmetic_dentist", "alternate": [ "dentist" ] }, "confidence": 0.96731770038604736, "websites": [ "http://www.clinicasantaluciana.com.co/" ], "emails": [ "contactecnos@clinicasantaluciana.com.co" ], "socials": [ "https://www.facebook.com/291420620972880" ], "phones": [ "+573216427663" ], "brand": "{'wikidata': None, 'names': {'primary': None, 'common': None, 'rules': None}}", "addresses": "[{'freeform': 'Calle 7 28-32', 'locality': 'Cali', 'postcode': '760042', 'region': None, 'country': 'CO'}]", "names": "{'primary': 'Clinica Santa Luciana', 'common': None, 'rules': None}", "sources": "[{'property': '', 'dataset': 'meta', 'license': 'CDLA-Permissive-2.0', 'record_id': '291420620972880', 'update_time': '2026-04-06T00:00:00.000Z', 'confidence': 0.9673177003860474, 'between': None}, {'property': '/properties/confidence', 'dataset': 'Overture', 'license': 'CDLA-Permissive-2.0', 'record_id': None, 'update_time': '2026-04-07T10:00:15Z', 'confidence': None, 'between': None}]", "operating_status": "open", "basic_category": "dental_clinic", "taxonomy": "{'primary': 'cosmetic_dentistry', 'hierarchy': ['health_care', 'outpatient_care_facility', 'dental_clinic', 'cosmetic_dentistry'], 'alternates': None}", "version": 7 }, "geometry": { "type": "Point", "coordinates": [ -76.53760339, 3.43207387 ] } },
{ "type": "Feature", "properties": { "id": "9c797cdd-d7d3-486c-b764-d96363490532", "categories": "{'primary': 'pediatrician', 'alternate': None}", "confidence": 0.56102770566940308, "websites": [ "https://cutt.ly/CreciendoJuntos" ], "emails": [ "alemiderospediatra@gmail.com" ], "socials": [ "https://www.facebook.com/112883237110091" ], "phones": [ "+573007610471" ], "brand": "{'wikidata': None, 'names': {'primary': None, 'common': None, 'rules': None}}", "addresses": "[{'freeform': 'Calle 7 28-32', 'locality': 'Cali', 'postcode': '760042', 'region': None, 'country': 'CO'}]", "names": "{'primary': 'Dra Alejandra Mideros - Pediatra', 'common': None, 'rules': None}", "sources": "[{'property': '', 'dataset': 'meta', 'license': 'CDLA-Permissive-2.0', 'record_id': '112883237110091', 'update_time': '2026-04-06T00:00:00.000Z', 'confidence': 0.5610277056694031, 'between': None}, {'property': '/properties/confidence', 'dataset': 'Overture', 'license': 'CDLA-Permissive-2.0', 'record_id': None, 'update_time': '2026-04-07T10:00:15Z', 'confidence': None, 'between': None}]", "operating_status": "open", "basic_category": "pediatric_clinic", "taxonomy": "{'primary': 'pediatrician', 'hierarchy': ['health_care', 'outpatient_care_facility', 'pediatric_clinic'], 'alternates': None}", "version": 7 }, "geometry": { "type": "Point", "coordinates": [ -76.5376, 3.43207 ] } },
{ "type": "Feature", "properties": { "id": "43312977-7e20-4d31-aecf-23b6ef21dee2", "categories": "{'primary': 'general_dentistry', 'alternate': None}", "confidence": 0.29470503330230713, "websites": null, "emails": [ "dra.melanymorales@outlook.com" ], "socials": [ "https://www.facebook.com/767618339779305" ], "phones": [ "+573244388016" ], "brand": "{'wikidata': None, 'names': {'primary': None, 'common': None, 'rules': None}}", "addresses": "[{'freeform': 'Clínica Santa Luciana, Calle 7 28-32', 'locality': 'Cali', 'postcode': '760042', 'region': None, 'country': 'CO'}]", "names": "{'primary': 'Dra. Melany Morales Chaverra', 'common': None, 'rules': None}", "sources": "[{'property': '', 'dataset': 'meta', 'license': 'CDLA-Permissive-2.0', 'record_id': '767618339779305', 'update_time': '2026-04-06T00:00:00.000Z', 'confidence': 0.29470503330230713, 'between': None}, {'property': '/properties/confidence', 'dataset': 'Overture', 'license': 'CDLA-Permissive-2.0', 'record_id': None, 'update_time': '2026-04-07T10:00:15Z', 'confidence': None, 'between': None}]", "operating_status": "open", "basic_category": "dental_clinic", "taxonomy": "{'primary': 'general_dentistry', 'hierarchy': ['health_care', 'outpatient_care_facility', 'dental_clinic', 'general_dentistry'], 'alternates': None}", "version": 1 }, "geometry": { "type": "Point", "coordinates": [ -76.5376, 3.43207 ] } },
{ "type": "Feature", "properties": { "id": "dd1835d2-c6d2-4dd3-95fd-160392ab074d", "categories": { "primary": "restaurant", "alternate": [ "buffet_restaurant", "breakfast_and_brunch_restaurant" ] }, "confidence": 0.92443370819091797, "websites": [ "http://www.ricobocado.amawebs.com" ], "emails": [ "restaurantericobocado@hotmail.com" ], "socials": [ "https://www.facebook.com/331848005098" ], "phones": [ "+573165224891" ], "brand": "{'wikidata': None, 'names': {'primary': None, 'common': None, 'rules': None}}", "addresses": "[{'freeform': 'Calle 7 27-86', 'locality': 'Cali', 'postcode': '760042', 'region': None, 'country': 'CO'}]", "names": "{'primary': 'El Rico Bocado', 'common': None, 'rules': None}", "sources": "[{'property': '', 'dataset': 'meta', 'license': 'CDLA-Permissive-2.0', 'record_id': '331848005098', 'update_time': '2026-04-06T00:00:00.000Z', 'confidence': 0.924433708190918, 'between': None}, {'property': '/properties/confidence', 'dataset': 'Overture', 'license': 'CDLA-Permissive-2.0', 'record_id': None, 'update_time': '2026-04-07T10:00:15Z', 'confidence': None, 'between': None}]", "operating_status": "open", "basic_category": "restaurant", "taxonomy": "{'primary': 'restaurant', 'hierarchy': ['food_and_drink', 'restaurant'], 'alternates': None}", "version": 6 }, "geometry": { "type": "Point", "coordinates": [ -76.53758212, 3.43255884 ] } },
{ "type": "Feature", "properties": { "id": "43b736da-5659-4bbc-b705-fdd67b2be550", "categories": "{'primary': 'chinese_restaurant', 'alternate': None}", "confidence": 0.16366797685623169, "websites": null, "emails": [ "reydeorientecali@gmail.com" ], "socials": [ "https://www.facebook.com/110377640506533" ], "phones": [ "+573113890984" ], "brand": "{'wikidata': None, 'names': {'primary': None, 'common': None, 'rules': None}}", "addresses": "[{'freeform': 'Calle 7 28-21', 'locality': 'Cali', 'postcode': '760042', 'region': None, 'country': 'CO'}]", "names": "{'primary': 'reydeorientecali | Santiago de Cali', 'common': None, 'rules': None}", "sources": "[{'property': '', 'dataset': 'meta', 'license': 'CDLA-Permissive-2.0', 'record_id': '110377640506533', 'update_time': '2026-04-06T00:00:00.000Z', 'confidence': 0.1636679768562317, 'between': None}, {'property': '/properties/confidence', 'dataset': 'Overture', 'license': 'CDLA-Permissive-2.0', 'record_id': None, 'update_time': '2026-04-07T10:00:15Z', 'confidence': None, 'between': None}]", "operating_status": "open", "basic_category": "restaurant", "taxonomy": "{'primary': 'chinese_restaurant', 'hierarchy': ['food_and_drink', 'restaurant', 'asian_restaurant', 'east_asian_restaurant', 'chinese_restaurant'], 'alternates': None}", "version": 8 }, "geometry": { "type": "Point", "coordinates": [ -76.5375246, 3.43224622 ] } },
{ "type": "Feature", "properties": { "id": "0e9745fc-e5fd-4d10-8ab2-bf89d6e9eea3", "categories": { "primary": "bar", "alternate": [ "dance_club", "arts_and_entertainment" ] }, "confidence": 0.80824559926986694, "websites": [ "http://acalibre.blogspot.com/2009/10/la-casa-latina.html" ], "emails": null, "socials": [ "https://www.facebook.com/1221877181304069" ], "phones": [ "+573165550412" ], "brand": "{'wikidata': None, 'names': {'primary': None, 'common': None, 'rules': None}}", "addresses": "[{'freeform': 'Calle 7 27-38', 'locality': 'Cali', 'postcode': '760042', 'region': None, 'country': 'CO'}]", "names": "{'primary': 'Casa Latina', 'common': None, 'rules': None}", "sources": "[{'property': '', 'dataset': 'meta', 'license': 'CDLA-Permissive-2.0', 'record_id': '1221877181304069', 'update_time': '2026-04-06T00:00:00.000Z', 'confidence': 0.8082455992698669, 'between': None}, {'property': '/properties/confidence', 'dataset': 'Overture', 'license': 'CDLA-Permissive-2.0', 'record_id': None, 'update_time': '2026-04-07T10:00:15Z', 'confidence': None, 'between': None}]", "operating_status": "open", "basic_category": "bar", "taxonomy": "{'primary': 'bar', 'hierarchy': ['food_and_drink', 'alcoholic_beverage_venue', 'bar'], 'alternates': None}", "version": 7 }, "geometry": { "type": "Point", "coordinates": [ -76.53754331, 3.43283234 ] } },
{ "type": "Feature", "properties": { "id": "0e69da1c-d467-485f-b96f-5d257b13ed17", "categories": { "primary": "dance_school", "alternate": [ "salsa_club", "active_life" ] }, "confidence": 0.70799261331558228, "websites": null, "emails": [ "casinoloverscali@gmail.com" ], "socials": [ "https://www.facebook.com/1648433371987584" ], "phones": [ "+573134049193" ], "brand": "{'wikidata': None, 'names': {'primary': None, 'common': None, 'rules': None}}", "addresses": "[{'freeform': 'Carrera 27 7', 'locality': 'Cali', 'postcode': '760042', 'region': None, 'country': 'CO'}]", "names": "{'primary': \"Casino Lover's\", 'common': None, 'rules': None}", "sources": "[{'property': '', 'dataset': 'meta', 'license': 'CDLA-Permissive-2.0', 'record_id': '1648433371987584', 'update_time': '2026-04-06T00:00:00.000Z', 'confidence': 0.7079926133155823, 'between': None}, {'property': '/properties/confidence', 'dataset': 'Overture', 'license': 'CDLA-Permissive-2.0', 'record_id': None, 'update_time': '2026-04-07T10:00:15Z', 'confidence': None, 'between': None}]", "operating_status": "open", "basic_category": "sport_or_fitness_facility", "taxonomy": "{'primary': 'dance_studio', 'hierarchy': ['sports_and_recreation', 'sport_or_fitness_facility', 'dance_studio'], 'alternates': None}", "version": 10 }, "geometry": { "type": "Point", "coordinates": [ -76.53752329, 3.43309851 ] } },
{ "type": "Feature", "properties": { "id": "89afdf2f-2e1b-46e9-9bee-3f6f5603cea2", "categories": { "primary": "hvac_services", "alternate": [ "automotive_repair" ] }, "confidence": 0.82967019081115723, "websites": null, "emails": [ "cliniaires@hotmail.com" ], "socials": [ "https://www.facebook.com/243595273172412" ], "phones": [ "+573164958051" ], "brand": "{'wikidata': None, 'names': {'primary': None, 'common': None, 'rules': None}}", "addresses": "[{'freeform': 'Calle 7 27-28', 'locality': 'Cali', 'postcode': '760042', 'region': None, 'country': 'CO'}]", "names": "{'primary': 'Cliniaires', 'common': None, 'rules': None}", "sources": "[{'property': '', 'dataset': 'meta', 'license': 'CDLA-Permissive-2.0', 'record_id': '243595273172412', 'update_time': '2026-04-06T00:00:00.000Z', 'confidence': 0.8296701908111572, 'between': None}, {'property': '/properties/confidence', 'dataset': 'Overture', 'license': 'CDLA-Permissive-2.0', 'record_id': None, 'update_time': '2026-04-07T10:00:15Z', 'confidence': None, 'between': None}]", "operating_status": "open", "basic_category": "home_service", "taxonomy": "{'primary': 'hvac_service', 'hierarchy': ['services_and_business', 'home_service', 'hvac_service'], 'alternates': None}", "version": 6 }, "geometry": { "type": "Point", "coordinates": [ -76.53754146, 3.43295887 ] } },
{ "type": "Feature", "properties": { "id": "2d1b9dd5-c0d1-4c31-872a-8108dd3dfe59", "categories": { "primary": "motorcycle_repair", "alternate": [ "motorcycle_dealer" ] }, "confidence": 0.95107102394104004, "websites": null, "emails": [ "kapitallantascali@gmail.com" ], "socials": [ "https://www.facebook.com/100759915192473" ], "phones": [ "+573014465136" ], "brand": "{'wikidata': None, 'names': {'primary': None, 'common': None, 'rules': None}}", "addresses": "[{'freeform': 'Calle 7 26-04', 'locality': 'Cali', 'postcode': '760042', 'region': None, 'country': 'CO'}]", "names": "{'primary': 'Kapital Llantas Cali', 'common': None, 'rules': None}", "sources": "[{'property': '', 'dataset': 'meta', 'license': 'CDLA-Permissive-2.0', 'record_id': '100759915192473', 'update_time': '2026-04-06T00:00:00.000Z', 'confidence': 0.95107102394104, 'between': None}, {'property': '/properties/confidence', 'dataset': 'Overture', 'license': 'CDLA-Permissive-2.0', 'record_id': None, 'update_time': '2026-04-07T10:00:15Z', 'confidence': None, 'between': None}]", "operating_status": "open", "basic_category": "vehicle_service", "taxonomy": "{'primary': 'motorcycle_repair', 'hierarchy': ['travel_and_transportation', 'vehicle_service', 'motorcycle_service', 'motorcycle_repair'], 'alternates': None}", "version": 7 }, "geometry": { "type": "Point", "coordinates": [ -76.537502, 3.43414665 ] } },
{ "type": "Feature", "properties": { "id": "911c84f4-5b7d-442a-a637-06c217420477", "categories": { "primary": "laundromat", "alternate": [ "dry_cleaning", "shopping" ] }, "confidence": 0.47860318422317505, "websites": null, "emails": null, "socials": [ "https://www.facebook.com/1216032711800728" ], "phones": [ "+5725556046" ], "brand": "{'wikidata': None, 'names': {'primary': 'Lavanderia Premier', 'common': None, 'rules': None}}", "addresses": "[{'freeform': 'Calle 7 26-54', 'locality': 'Cali', 'postcode': '760042', 'region': None, 'country': 'CO'}]", "names": "{'primary': 'Lavandería Premier', 'common': None, 'rules': None}", "sources": "[{'property': '', 'dataset': 'meta', 'license': 'CDLA-Permissive-2.0', 'record_id': '1216032711800728', 'update_time': '2026-04-06T00:00:00.000Z', 'confidence': 0.47860318422317505, 'between': None}, {'property': '/properties/confidence', 'dataset': 'Overture', 'license': 'CDLA-Permissive-2.0', 'record_id': None, 'update_time': '2026-04-07T10:00:15Z', 'confidence': None, 'between': None}]", "operating_status": "open", "basic_category": "laundry_service", "taxonomy": "{'primary': 'laundromat', 'hierarchy': ['services_and_business', 'laundry_service', 'laundromat'], 'alternates': None}", "version": 8 }, "geometry": { "type": "Point", "coordinates": [ -76.53751869, 3.43374407 ] } },
{ "type": "Feature", "properties": { "id": "fbf6480b-51ac-4988-924b-5e65c340787f", "categories": { "primary": "advertising_agency", "alternate": [ "fashion", "professional_services" ] }, "confidence": 0.5437048077583313, "websites": null, "emails": null, "socials": [ "https://www.facebook.com/1733345420126177" ], "phones": [ "+13216478932" ], "brand": "{'wikidata': None, 'names': {'primary': None, 'common': None, 'rules': None}}", "addresses": "[{'freeform': 'Calle 7 30A-20', 'locality': 'Cali', 'postcode': '760042', 'region': None, 'country': 'CO'}]", "names": "{'primary': 'Creactivos Taller Publicitario', 'common': None, 'rules': None}", "sources": "[{'property': '', 'dataset': 'meta', 'license': 'CDLA-Permissive-2.0', 'record_id': '1733345420126177', 'update_time': '2026-04-06T00:00:00.000Z', 'confidence': 0.5437048077583313, 'between': None}, {'property': '/properties/confidence', 'dataset': 'Overture', 'license': 'CDLA-Permissive-2.0', 'record_id': None, 'update_time': '2026-04-07T10:00:15Z', 'confidence': None, 'between': None}]", "operating_status": "open", "basic_category": "professional_service", "taxonomy": "{'primary': 'advertising_agency', 'hierarchy': ['services_and_business', 'professional_service', 'advertising_agency'], 'alternates': None}", "version": 6 }, "geometry": { "type": "Point", "coordinates": [ -76.53751645, 3.43366399 ] } },
{ "type": "Feature", "properties": { "id": "9bd6ccca-9f72-419d-86cc-1b4b9a3c3b74", "categories": { "primary": "real_estate", "alternate": [ "real_estate_agent" ] }, "confidence": 0.35388955473899841, "websites": [ "http://www.primecolombia.com.co/" ], "emails": [ "prime@grupocompromiso.com" ], "socials": [ "https://www.facebook.com/269797596810828" ], "phones": [ "+573205381557" ], "brand": "{'wikidata': None, 'names': {'primary': None, 'common': None, 'rules': None}}", "addresses": "[{'freeform': 'Carrera 26 6A-60', 'locality': 'Cali', 'postcode': '760042', 'region': None, 'country': 'CO'}]", "names": "{'primary': 'Prime Inmobiliaria', 'common': None, 'rules': None}", "sources": "[{'property': '', 'dataset': 'meta', 'license': 'CDLA-Permissive-2.0', 'record_id': '269797596810828', 'update_time': '2026-04-06T00:00:00.000Z', 'confidence': 0.3538895547389984, 'between': None}, {'property': '/properties/confidence', 'dataset': 'Overture', 'license': 'CDLA-Permissive-2.0', 'record_id': None, 'update_time': '2026-04-07T10:00:15Z', 'confidence': None, 'between': None}]", "operating_status": "open", "basic_category": "real_estate_service", "taxonomy": "{'primary': 'real_estate_service', 'hierarchy': ['services_and_business', 'real_estate_service'], 'alternates': None}", "version": 7 }, "geometry": { "type": "Point", "coordinates": [ -76.53756146, 3.43415256 ] } },
{ "type": "Feature", "properties": { "id": "92c4f429-8917-423d-8a60-8a20ee51a4f0", "categories": { "primary": "education", "alternate": [ "professional_services" ] }, "confidence": 0.48601245880126953, "websites": [ "https://talentum.edu.co/" ], "emails": [ "comunicaciones@talentum.edu.co" ], "socials": [ "https://www.facebook.com/114268723777871" ], "phones": null, "brand": "{'wikidata': None, 'names': {'primary': None, 'common': None, 'rules': None}}", "addresses": "[{'freeform': 'Cl. 7 #26 - 42', 'locality': 'Cali', 'postcode': '760042', 'region': None, 'country': 'CO'}]", "names": "{'primary': 'Corporacion Talentum', 'common': None, 'rules': None}", "sources": "[{'property': '', 'dataset': 'meta', 'license': 'CDLA-Permissive-2.0', 'record_id': '114268723777871', 'update_time': '2026-04-06T00:00:00.000Z', 'confidence': 0.48601245880126953, 'between': None}, {'property': '/properties/confidence', 'dataset': 'Overture', 'license': 'CDLA-Permissive-2.0', 'record_id': None, 'update_time': '2026-04-07T10:00:15Z', 'confidence': None, 'between': None}]", "operating_status": "open", "basic_category": null, "taxonomy": "{'primary': 'education', 'hierarchy': ['education'], 'alternates': None}", "version": 1 }, "geometry": { "type": "Point", "coordinates": [ -76.53756326, 3.43390125 ] } },
{ "type": "Feature", "properties": { "id": "07e38625-db6d-4f7d-8b0a-c8a42285394d", "categories": "{'primary': 'construction_services', 'alternate': None}", "confidence": 0.027310347184538841, "websites": null, "emails": null, "socials": [ "https://www.facebook.com/104270057929194" ], "phones": [ "+573113658426" ], "brand": "{'wikidata': None, 'names': {'primary': None, 'common': None, 'rules': None}}", "addresses": "[{'freeform': '', 'locality': 'Cali', 'postcode': '720025', 'region': None, 'country': 'CO'}]", "names": "{'primary': 'rq construcciones', 'common': None, 'rules': None}", "sources": "[{'property': '', 'dataset': 'meta', 'license': 'CDLA-Permissive-2.0', 'record_id': '104270057929194', 'update_time': '2026-04-06T00:00:00.000Z', 'confidence': 0.02731034718453884, 'between': None}, {'property': '/properties/confidence', 'dataset': 'Overture', 'license': 'CDLA-Permissive-2.0', 'record_id': None, 'update_time': '2026-04-07T10:00:15Z', 'confidence': None, 'between': None}]", "operating_status": "open", "basic_category": "building_or_construction_service", "taxonomy": "{'primary': 'construction_service', 'hierarchy': ['services_and_business', 'building_or_construction_service'], 'alternates': None}", "version": 7 }, "geometry": { "type": "Point", "coordinates": [ -76.53757749, 3.43348006 ] } },
{ "type": "Feature", "properties": { "id": "ea922b96-0739-43b7-a818-c50f14f4d713", "categories": { "primary": "boxing_class", "alternate": [ "gym", "martial_arts_club" ] }, "confidence": 0.93022149801254272, "websites": [ "http://www.striking-fitness.com/" ], "emails": [ "strikingfitness@hotmail.com" ], "socials": [ "https://www.facebook.com/1475841652685414" ], "phones": [ "+573188594270" ], "brand": "{'wikidata': None, 'names': {'primary': None, 'common': None, 'rules': None}}", "addresses": "[{'freeform': 'Calle 7 27-08', 'locality': 'Cali', 'postcode': '760042', 'region': None, 'country': 'CO'}]", "names": "{'primary': 'Strikingfitness', 'common': None, 'rules': None}", "sources": "[{'property': '', 'dataset': 'meta', 'license': 'CDLA-Permissive-2.0', 'record_id': '1475841652685414', 'update_time': '2026-04-06T00:00:00.000Z', 'confidence': 0.9302214980125427, 'between': None}, {'property': '/properties/confidence', 'dataset': 'Overture', 'license': 'CDLA-Permissive-2.0', 'record_id': None, 'update_time': '2026-04-07T10:00:15Z', 'confidence': None, 'between': None}]", "operating_status": "open", "basic_category": "sport_or_fitness_facility", "taxonomy": "{'primary': 'boxing_class', 'hierarchy': ['sports_and_recreation', 'sport_or_fitness_facility', 'boxing_class'], 'alternates': None}", "version": 1 }, "geometry": { "type": "Point", "coordinates": [ -76.537583, 3.433136 ] } },
{ "type": "Feature", "properties": { "id": "197ce6db-3cbb-468b-932f-eada685c3bcd", "categories": { "primary": "school", "alternate": [ "event_planning", "dance_school" ] }, "confidence": 0.59305953979492188, "websites": null, "emails": [ "rmvtango@hotmail.com" ], "socials": [ "https://www.facebook.com/222873634239538" ], "phones": [ "+573117290363" ], "brand": "{'wikidata': None, 'names': {'primary': None, 'common': None, 'rules': None}}", "addresses": "[{'freeform': 'Calle 7 27-32', 'locality': 'Cali', 'postcode': '760042', 'region': None, 'country': 'CO'}]", "names": "{'primary': 'Aquí es Richard Academia de Baile', 'common': None, 'rules': None}", "sources": "[{'property': '', 'dataset': 'meta', 'license': 'CDLA-Permissive-2.0', 'record_id': '222873634239538', 'update_time': '2026-04-06T00:00:00.000Z', 'confidence': 0.5930595397949219, 'between': None}, {'property': '/properties/confidence', 'dataset': 'Overture', 'license': 'CDLA-Permissive-2.0', 'record_id': None, 'update_time': '2026-04-07T10:00:15Z', 'confidence': None, 'between': None}]", "operating_status": "open", "basic_category": "place_of_learning", "taxonomy": "{'primary': 'school', 'hierarchy': ['education', 'place_of_learning', 'school'], 'alternates': None}", "version": 5 }, "geometry": { "type": "Point", "coordinates": [ -76.53764, 3.43295 ] } },
{ "type": "Feature", "properties": { "id": "a0a4bc6b-d435-4099-a95b-2081f39118b8", "categories": "{'primary': 'professional_services', 'alternate': None}", "confidence": 0.40163654088973999, "websites": [ "http://procesosyconsultoria.com.co/" ], "emails": [ "gerencia@procesosyconsultoria.com.co" ], "socials": [ "https://www.facebook.com/602957513094336" ], "phones": [ "+573153454849" ], "brand": "{'wikidata': None, 'names': {'primary': None, 'common': None, 'rules': None}}", "addresses": "[{'freeform': 'Carrera 27 6A-51', 'locality': 'Cali', 'postcode': '760042', 'region': None, 'country': 'CO'}]", "names": "{'primary': 'P&C Procesos y Consultoria', 'common': None, 'rules': None}", "sources": "[{'property': '', 'dataset': 'meta', 'license': 'CDLA-Permissive-2.0', 'record_id': '602957513094336', 'update_time': '2026-04-06T00:00:00.000Z', 'confidence': 0.40163654088974, 'between': None}, {'property': '/properties/confidence', 'dataset': 'Overture', 'license': 'CDLA-Permissive-2.0', 'record_id': None, 'update_time': '2026-04-07T10:00:15Z', 'confidence': None, 'between': None}]", "operating_status": "open", "basic_category": "professional_service", "taxonomy": "{'primary': 'professional_service', 'hierarchy': ['services_and_business', 'professional_service'], 'alternates': None}", "version": 6 }, "geometry": { "type": "Point", "coordinates": [ -76.53766396, 3.4333467 ] } },
{ "type": "Feature", "properties": { "id": "7ce3569b-2bcb-4c42-87fe-705c0f5c7318", "categories": { "primary": "beauty_and_spa", "alternate": [ "spas" ] }, "confidence": 0.34769570827484131, "websites": null, "emails": null, "socials": [ "https://www.facebook.com/105805885693172" ], "phones": [ "+573165310545" ], "brand": "{'wikidata': None, 'names': {'primary': None, 'common': None, 'rules': None}}", "addresses": "[{'freeform': 'Carrera 26 6A-48', 'locality': 'Cali', 'postcode': '760042', 'region': None, 'country': 'CO'}]", "names": "{'primary': 'Artmonia Estetica', 'common': None, 'rules': None}", "sources": "[{'property': '', 'dataset': 'meta', 'license': 'CDLA-Permissive-2.0', 'record_id': '105805885693172', 'update_time': '2026-04-06T00:00:00.000Z', 'confidence': 0.3476957082748413, 'between': None}, {'property': '/properties/confidence', 'dataset': 'Overture', 'license': 'CDLA-Permissive-2.0', 'record_id': None, 'update_time': '2026-04-07T10:00:15Z', 'confidence': None, 'between': None}]", "operating_status": "open", "basic_category": "personal_or_beauty_service", "taxonomy": "{'primary': 'beauty_service', 'hierarchy': ['lifestyle_services', 'personal_or_beauty_service'], 'alternates': None}", "version": 6 }, "geometry": { "type": "Point", "coordinates": [ -76.53766722, 3.4342655 ] } },
{ "type": "Feature", "properties": { "id": "5e40c6ea-0ea7-44a7-bd38-e768195affd5", "categories": { "primary": "property_management", "alternate": [ "real_estate", "real_estate_agent" ] }, "confidence": 0.74933010339736938, "websites": [ "http://www.multibienesltda.com/" ], "emails": [ "dcomercial@multibienesltda.com" ], "socials": [ "https://www.facebook.com/302564793165810" ], "phones": [ "+576025587676" ], "brand": "{'wikidata': None, 'names': {'primary': None, 'common': None, 'rules': None}}", "addresses": "[{'freeform': 'Carrera 26 6A-08', 'locality': 'Cali', 'postcode': '760042', 'region': None, 'country': 'CO'}]", "names": "{'primary': 'Inmobiliaria Cali Multibienes Ltda', 'common': None, 'rules': None}", "sources": "[{'property': '', 'dataset': 'meta', 'license': 'CDLA-Permissive-2.0', 'record_id': '302564793165810', 'update_time': '2026-04-06T00:00:00.000Z', 'confidence': 0.7493301033973694, 'between': None}, {'property': '/properties/confidence', 'dataset': 'Overture', 'license': 'CDLA-Permissive-2.0', 'record_id': None, 'update_time': '2026-04-07T10:00:15Z', 'confidence': None, 'between': None}]", "operating_status": "open", "basic_category": "real_estate_service", "taxonomy": "{'primary': 'property_management', 'hierarchy': ['services_and_business', 'real_estate_service', 'property_management'], 'alternates': None}", "version": 7 }, "geometry": { "type": "Point", "coordinates": [ -76.53777215, 3.43422281 ] } },
{ "type": "Feature", "properties": { "id": "e89bd2af-1862-4b63-b768-28dc175ee2c7", "categories": "{'primary': 'dance_school', 'alternate': None}", "confidence": 0.77, "websites": [ "https://www.sondeluz.co" ], "emails": null, "socials": "['https://www.twitter.com/sondeluz1'\n 'https://www.facebook.com/153319011423215']", "phones": [ "(602) 3702692" ], "brand": null, "addresses": "[{'freeform': 'Carrera 28 No 6 - 118', 'locality': 'El Cedro', 'postcode': None, 'region': 'Valle', 'country': 'CO'}]", "names": "{'primary': 'ESCUELA Y ACADEMIA DE BAILE SONDELUZ', 'common': None, 'rules': None}", "sources": "[{'property': '', 'dataset': 'Foursquare', 'license': 'Apache-2.0', 'record_id': '55ca620f498e67eafc83b201', 'update_time': '2025-05-08T00:00:00.000', 'confidence': 0.77, 'between': None}, {'property': '/properties/confidence', 'dataset': 'Overture', 'license': 'CDLA-Permissive-2.0', 'record_id': None, 'update_time': '2026-04-07T10:00:15Z', 'confidence': None, 'between': None}]", "operating_status": "open", "basic_category": "sport_or_fitness_facility", "taxonomy": "{'primary': 'dance_studio', 'hierarchy': ['sports_and_recreation', 'sport_or_fitness_facility', 'dance_studio'], 'alternates': None}", "version": 4 }, "geometry": { "type": "Point", "coordinates": [ -76.537692546844482, 3.432374332078344 ] } },
{ "type": "Feature", "properties": { "id": "58130d67-f0b0-454a-975e-b9ba4b90bfa4", "categories": "{'primary': 'cosmetic_and_beauty_supplies', 'alternate': None}", "confidence": 0.22482462227344513, "websites": [ "http://livvo.com.co/" ], "emails": [ "info.livvo@gmail.com" ], "socials": [ "https://www.facebook.com/765558743313534" ], "phones": [ "+573150009786" ], "brand": "{'wikidata': None, 'names': {'primary': None, 'common': None, 'rules': None}}", "addresses": "[{'freeform': 'Calle 7 28', 'locality': 'Cali', 'postcode': '760042', 'region': None, 'country': 'CO'}]", "names": "{'primary': 'Livvo', 'common': None, 'rules': None}", "sources": "[{'property': '', 'dataset': 'meta', 'license': 'CDLA-Permissive-2.0', 'record_id': '765558743313534', 'update_time': '2026-04-06T00:00:00.000Z', 'confidence': 0.22482462227344513, 'between': None}, {'property': '/properties/confidence', 'dataset': 'Overture', 'license': 'CDLA-Permissive-2.0', 'record_id': None, 'update_time': '2026-04-07T10:00:15Z', 'confidence': None, 'between': None}]", "operating_status": "open", "basic_category": "personal_care_and_beauty_store", "taxonomy": "{'primary': 'beauty_supply_store', 'hierarchy': ['shopping', 'specialty_store', 'personal_care_and_beauty_store', 'beauty_supply_store'], 'alternates': None}", "version": 4 }, "geometry": { "type": "Point", "coordinates": [ -76.53768, 3.43222 ] } },
{ "type": "Feature", "properties": { "id": "5946f4ee-a77c-443a-96db-35aac1b96349", "categories": { "primary": "doctor", "alternate": [ "podiatrist" ] }, "confidence": 0.65111958980560303, "websites": [ "http://www.todopielauraalvarez.com/" ], "emails": [ "todopielauraalvarez@gmail.com" ], "socials": [ "https://www.facebook.com/2050087531963717" ], "phones": [ "+573113286388" ], "brand": "{'wikidata': None, 'names': {'primary': None, 'common': None, 'rules': None}}", "addresses": "[{'freeform': 'Calle 7 28-32', 'locality': 'Cali', 'postcode': '760042', 'region': None, 'country': 'CO'}]", "names": "{'primary': 'Todo Pie Laura Alvarez', 'common': None, 'rules': None}", "sources": "[{'property': '', 'dataset': 'meta', 'license': 'CDLA-Permissive-2.0', 'record_id': '2050087531963717', 'update_time': '2026-04-06T00:00:00.000Z', 'confidence': 0.651119589805603, 'between': None}, {'property': '/properties/confidence', 'dataset': 'Overture', 'license': 'CDLA-Permissive-2.0', 'record_id': None, 'update_time': '2026-04-07T10:00:15Z', 'confidence': None, 'between': None}]", "operating_status": "open", "basic_category": "outpatient_care_facility", "taxonomy": "{'primary': 'heatlh_care', 'hierarchy': ['health_care', 'doctor'], 'alternates': None}", "version": 7 }, "geometry": { "type": "Point", "coordinates": [ -76.53768298, 3.43211224 ] } },
{ "type": "Feature", "properties": { "id": "5230ea0e-f027-4f42-9cb6-00aa3e8cc85d", "categories": { "primary": "event_planning", "alternate": [ "health_and_medical", "occupational_safety" ] }, "confidence": 0.77398765087127686, "websites": [ "http://www.vacunacionempresarial.co/" ], "emails": [ "produmedihosas@gmail.com" ], "socials": [ "https://www.facebook.com/179246832707972" ], "phones": [ "+25568110" ], "brand": "{'wikidata': None, 'names': {'primary': None, 'common': None, 'rules': None}}", "addresses": "[{'freeform': 'Calle 6-25', 'locality': 'Cali', 'postcode': '760042', 'region': None, 'country': 'CO'}]", "names": "{'primary': 'Vacunación Empresarial', 'common': None, 'rules': None}", "sources": "[{'property': '', 'dataset': 'meta', 'license': 'CDLA-Permissive-2.0', 'record_id': '179246832707972', 'update_time': '2026-04-06T00:00:00.000Z', 'confidence': 0.7739876508712769, 'between': None}, {'property': '/properties/confidence', 'dataset': 'Overture', 'license': 'CDLA-Permissive-2.0', 'record_id': None, 'update_time': '2026-04-07T10:00:15Z', 'confidence': None, 'between': None}]", "operating_status": "open", "basic_category": "event_or_party_service", "taxonomy": "{'primary': 'event_or_party_service', 'hierarchy': ['services_and_business', 'event_or_party_service'], 'alternates': None}", "version": 7 }, "geometry": { "type": "Point", "coordinates": [ -76.53775153, 3.43110021 ] } },
{ "type": "Feature", "properties": { "id": "4246f825-1a51-4820-af18-31682e4472de", "categories": { "primary": "health_and_medical", "alternate": [ "pharmacy" ] }, "confidence": 0.76945346593856812, "websites": [ "https://wa.link/x8jr0s" ], "emails": [ "paolita_8807@hotmail.com" ], "socials": [ "https://www.facebook.com/153073916537735" ], "phones": [ "+573160891729" ], "brand": "{'wikidata': None, 'names': {'primary': None, 'common': None, 'rules': None}}", "addresses": "[{'freeform': 'Clínica Santa Luciana, Calle 7 28-32', 'locality': 'Cali', 'postcode': '760042', 'region': None, 'country': 'CO'}]", "names": "{'primary': 'Odontólogia Daniela Sarria', 'common': None, 'rules': None}", "sources": "[{'property': '', 'dataset': 'meta', 'license': 'CDLA-Permissive-2.0', 'record_id': '153073916537735', 'update_time': '2026-04-06T00:00:00.000Z', 'confidence': 0.7694534659385681, 'between': None}, {'property': '/properties/confidence', 'dataset': 'Overture', 'license': 'CDLA-Permissive-2.0', 'record_id': None, 'update_time': '2026-04-07T10:00:15Z', 'confidence': None, 'between': None}]", "operating_status": "open", "basic_category": null, "taxonomy": "{'primary': 'health_care', 'hierarchy': ['health_care'], 'alternates': None}", "version": 6 }, "geometry": { "type": "Point", "coordinates": [ -76.53773465, 3.43207328 ] } },
{ "type": "Feature", "properties": { "id": "aca08ccc-f781-4319-b420-b55d747f3d7e", "categories": { "primary": "naturopathic_holistic", "alternate": [ "health_and_medical" ] }, "confidence": 0.50093698501586914, "websites": null, "emails": [ "sabaiesteticaintegralcali@gmail.com" ], "socials": [ "https://www.facebook.com/112529721091395" ], "phones": [ "+573155713238" ], "brand": "{'wikidata': None, 'names': {'primary': None, 'common': None, 'rules': None}}", "addresses": "[{'freeform': 'Calle 7 28-32', 'locality': 'Cali', 'postcode': '760042', 'region': None, 'country': 'CO'}]", "names": "{'primary': 'Terapia con células madres Dra. María Fernanda Caicedo Medicina Alternativa Regenerativa y Antienvejecimiento', 'common': None, 'rules': None}", "sources": "[{'property': '', 'dataset': 'meta', 'license': 'CDLA-Permissive-2.0', 'record_id': '112529721091395', 'update_time': '2026-04-06T00:00:00.000Z', 'confidence': 0.5009369850158691, 'between': None}, {'property': '/properties/confidence', 'dataset': 'Overture', 'license': 'CDLA-Permissive-2.0', 'record_id': None, 'update_time': '2026-04-07T10:00:15Z', 'confidence': None, 'between': None}]", "operating_status": "open", "basic_category": "complementary_and_alternative_medicine", "taxonomy": "{'primary': 'naturopathic_medicine', 'hierarchy': ['health_care', 'outpatient_care_facility', 'complementary_and_alternative_medicine', 'naturopathic_medicine'], 'alternates': None}", "version": 1 }, "geometry": { "type": "Point", "coordinates": [ -76.53773028, 3.43207718 ] } },
{ "type": "Feature", "properties": { "id": "58e8b6cb-8f36-4feb-bd3c-58bcf7fc2fb0", "categories": { "primary": "public_utility_company", "alternate": [ "energy_company" ] }, "confidence": 0.31933805346488953, "websites": null, "emails": [ "siencreditoscali@gmail.com" ], "socials": [ "https://www.facebook.com/109300687313357" ], "phones": [ "+5723450766" ], "brand": "{'wikidata': None, 'names': {'primary': None, 'common': None, 'rules': None}}", "addresses": "[{'freeform': 'Carrera 27 6A-51', 'locality': 'Cali', 'postcode': '760042', 'region': None, 'country': 'CO'}]", "names": "{'primary': 'Raid Shadow Legends', 'common': None, 'rules': None}", "sources": "[{'property': '', 'dataset': 'meta', 'license': 'CDLA-Permissive-2.0', 'record_id': '109300687313357', 'update_time': '2026-04-06T00:00:00.000Z', 'confidence': 0.3193380534648895, 'between': None}, {'property': '/properties/confidence', 'dataset': 'Overture', 'license': 'CDLA-Permissive-2.0', 'record_id': None, 'update_time': '2026-04-07T10:00:15Z', 'confidence': None, 'between': None}]", "operating_status": "open", "basic_category": "public_utility", "taxonomy": "{'primary': 'public_utility', 'hierarchy': ['community_and_government', 'public_utility'], 'alternates': None}", "version": 1 }, "geometry": { "type": "Point", "coordinates": [ -76.5378154, 3.4333744 ] } },
{ "type": "Feature", "properties": { "id": "d554384f-7338-4c13-88e9-f7ac64c828fb", "categories": "{'primary': 'dentist', 'alternate': None}", "confidence": 0.68289649486541748, "websites": null, "emails": null, "socials": [ "https://www.facebook.com/669106923510784" ], "phones": [ "+573134215137" ], "brand": "{'wikidata': None, 'names': {'primary': None, 'common': None, 'rules': None}}", "addresses": "[{'freeform': 'Carrera 25 6-104', 'locality': 'Cali', 'postcode': '760042', 'region': None, 'country': 'CO'}]", "names": "{'primary': 'Labdental JR', 'common': None, 'rules': None}", "sources": "[{'property': '', 'dataset': 'meta', 'license': 'CDLA-Permissive-2.0', 'record_id': '669106923510784', 'update_time': '2026-04-06T00:00:00.000Z', 'confidence': 0.6828964948654175, 'between': None}, {'property': '/properties/confidence', 'dataset': 'Overture', 'license': 'CDLA-Permissive-2.0', 'record_id': None, 'update_time': '2026-04-07T10:00:15Z', 'confidence': None, 'between': None}]", "operating_status": "open", "basic_category": "dental_clinic", "taxonomy": "{'primary': 'dental_clinic', 'hierarchy': ['health_care', 'outpatient_care_facility', 'dental_clinic'], 'alternates': None}", "version": 8 }, "geometry": { "type": "Point", "coordinates": [ -76.53786544, 3.43512218 ] } },
{ "type": "Feature", "properties": { "id": "b16a7f3b-801d-4b3f-966e-cf721532e27b", "categories": { "primary": "internet_marketing_service", "alternate": [ "marketing_agency" ] }, "confidence": 0.033742126077413559, "websites": [ "https://markdis.negocio.site/" ], "emails": null, "socials": [ "https://www.facebook.com/107305760835225" ], "phones": [ "+573156427090" ], "brand": "{'wikidata': None, 'names': {'primary': None, 'common': None, 'rules': None}}", "addresses": "[{'freeform': 'Cra. 25 # 6 - 113 Piso 2', 'locality': 'Cali', 'postcode': '760042', 'region': None, 'country': 'CO'}]", "names": "{'primary': 'Markdis - Marketing Digital SoLoMo', 'common': None, 'rules': None}", "sources": "[{'property': '', 'dataset': 'meta', 'license': 'CDLA-Permissive-2.0', 'record_id': '107305760835225', 'update_time': '2026-04-06T00:00:00.000Z', 'confidence': 0.03374212607741356, 'between': None}, {'property': '/properties/confidence', 'dataset': 'Overture', 'license': 'CDLA-Permissive-2.0', 'record_id': None, 'update_time': '2026-04-07T10:00:15Z', 'confidence': None, 'between': None}]", "operating_status": "open", "basic_category": "professional_service", "taxonomy": "{'primary': 'internet_marketing_service', 'hierarchy': ['services_and_business', 'professional_service', 'internet_marketing_service'], 'alternates': None}", "version": 6 }, "geometry": { "type": "Point", "coordinates": [ -76.53780126, 3.43527029 ] } },
{ "type": "Feature", "properties": { "id": "ac0fe2fe-b95b-4666-8c51-080bb19c3bc0", "categories": "{'primary': 'retirement_home', 'alternate': None}", "confidence": 0.59293437004089355, "websites": null, "emails": [ "maria.12nobis@gmail.com" ], "socials": [ "https://www.facebook.com/1741480582747374" ], "phones": [ "+573147946893" ], "brand": "{'wikidata': None, 'names': {'primary': None, 'common': None, 'rules': None}}", "addresses": "[{'freeform': 'Carrera 25 6-95', 'locality': 'Cali', 'postcode': '760042', 'region': None, 'country': 'CO'}]", "names": "{'primary': 'Fundacion Hogar Gerontologico Nuevo Amanecer', 'common': None, 'rules': None}", "sources": "[{'property': '', 'dataset': 'meta', 'license': 'CDLA-Permissive-2.0', 'record_id': '1741480582747374', 'update_time': '2026-04-06T00:00:00.000Z', 'confidence': 0.5929343700408936, 'between': None}, {'property': '/properties/confidence', 'dataset': 'Overture', 'license': 'CDLA-Permissive-2.0', 'record_id': None, 'update_time': '2026-04-07T10:00:15Z', 'confidence': None, 'between': None}]", "operating_status": "open", "basic_category": "senior_living_facility", "taxonomy": "{'primary': 'retirement_home', 'hierarchy': ['services_and_business', 'housing_or_property_service', 'senior_living_facility', 'retirement_home'], 'alternates': None}", "version": 7 }, "geometry": { "type": "Point", "coordinates": [ -76.5378247, 3.43524353 ] } },
{ "type": "Feature", "properties": { "id": "74b02ae2-d0b9-46f1-8a20-f1711addcfca", "categories": { "primary": "health_and_medical", "alternate": [ "hospital" ] }, "confidence": 0.45823681354522705, "websites": null, "emails": [ "drangelaluna@gmail.com" ], "socials": [ "https://www.facebook.com/1496382943756718" ], "phones": [ "+573104475626" ], "brand": "{'wikidata': None, 'names': {'primary': None, 'common': None, 'rules': None}}", "addresses": "[{'freeform': 'Carrera 25-109', 'locality': 'Cali', 'postcode': '760042', 'region': None, 'country': 'CO'}]", "names": "{'primary': 'Dra. Angela Luna', 'common': None, 'rules': None}", "sources": "[{'property': '', 'dataset': 'meta', 'license': 'CDLA-Permissive-2.0', 'record_id': '1496382943756718', 'update_time': '2026-04-06T00:00:00.000Z', 'confidence': 0.45823681354522705, 'between': None}, {'property': '/properties/confidence', 'dataset': 'Overture', 'license': 'CDLA-Permissive-2.0', 'record_id': None, 'update_time': '2026-04-07T10:00:15Z', 'confidence': None, 'between': None}]", "operating_status": "open", "basic_category": null, "taxonomy": "{'primary': 'health_care', 'hierarchy': ['health_care'], 'alternates': None}", "version": 1 }, "geometry": { "type": "Point", "coordinates": [ -76.5378095, 3.4353081 ] } },
{ "type": "Feature", "properties": { "id": "79f74cf7-9c64-45e8-9f03-ec903c2f4635", "categories": { "primary": "sports_and_recreation_venue", "alternate": [ "hotel", "spas" ] }, "confidence": 0.7450518012046814, "websites": null, "emails": null, "socials": [ "https://www.facebook.com/471519926318107" ], "phones": null, "brand": "{'wikidata': None, 'names': {'primary': None, 'common': None, 'rules': None}}", "addresses": "[{'freeform': 'Balneario Chicuco', 'locality': 'Cali', 'postcode': None, 'region': None, 'country': 'CO'}]", "names": "{'primary': 'Balneario Chicuco', 'common': None, 'rules': None}", "sources": "[{'property': '', 'dataset': 'meta', 'license': 'CDLA-Permissive-2.0', 'record_id': '471519926318107', 'update_time': '2026-04-06T00:00:00.000Z', 'confidence': 0.7450518012046814, 'between': None}, {'property': '/properties/confidence', 'dataset': 'Overture', 'license': 'CDLA-Permissive-2.0', 'record_id': None, 'update_time': '2026-04-07T10:00:15Z', 'confidence': None, 'between': None}]", "operating_status": "open", "basic_category": "sport_or_fitness_facility", "taxonomy": "{'primary': 'sport_or_fitness_facility', 'hierarchy': ['sports_and_recreation', 'sport_or_fitness_facility'], 'alternates': None}", "version": 6 }, "geometry": { "type": "Point", "coordinates": [ -76.537874, 3.4368807 ] } },
{ "type": "Feature", "properties": { "id": "55ea6520-53f4-4bda-aaa5-1536200e4898", "categories": "{'primary': 'laundromat', 'alternate': None}", "confidence": 0.78863787651062012, "websites": [ "http://www.fatelares.com.co" ], "emails": null, "socials": [ "https://www.facebook.com/1641227446100554" ], "phones": [ "+5725573933" ], "brand": "{'wikidata': None, 'names': {'primary': None, 'common': None, 'rules': None}}", "addresses": "[{'freeform': 'Carrera 26 7-73', 'locality': 'Cali', 'postcode': '760042', 'region': None, 'country': 'CO'}]", "names": "{'primary': 'Lavaclínicas S.A.', 'common': None, 'rules': None}", "sources": "[{'property': '', 'dataset': 'meta', 'license': 'CDLA-Permissive-2.0', 'record_id': '1641227446100554', 'update_time': '2026-04-06T00:00:00.000Z', 'confidence': 0.7886378765106201, 'between': None}, {'property': '/properties/confidence', 'dataset': 'Overture', 'license': 'CDLA-Permissive-2.0', 'record_id': None, 'update_time': '2026-04-07T10:00:15Z', 'confidence': None, 'between': None}]", "operating_status": "open", "basic_category": "laundry_service", "taxonomy": "{'primary': 'laundromat', 'hierarchy': ['services_and_business', 'laundry_service', 'laundromat'], 'alternates': None}", "version": 7 }, "geometry": { "type": "Point", "coordinates": [ -76.53780236, 3.43698459 ] } },
{ "type": "Feature", "properties": { "id": "a77615f5-4578-4b9c-aff9-06a6d2ac3663", "categories": { "primary": "school", "alternate": [ "education", "educational_research_institute" ] }, "confidence": 0.55557066202163696, "websites": null, "emails": null, "socials": [ "https://www.facebook.com/400627750075905" ], "phones": [ "+573222490262" ], "brand": "{'wikidata': None, 'names': {'primary': None, 'common': None, 'rules': None}}", "addresses": "[{'freeform': 'Carrera 24 6A', 'locality': 'Cali', 'postcode': '760042', 'region': None, 'country': 'CO'}]", "names": "{'primary': 'SENA Alameda', 'common': None, 'rules': None}", "sources": "[{'property': '', 'dataset': 'meta', 'license': 'CDLA-Permissive-2.0', 'record_id': '400627750075905', 'update_time': '2026-04-06T00:00:00.000Z', 'confidence': 0.555570662021637, 'between': None}, {'property': '/properties/confidence', 'dataset': 'Overture', 'license': 'CDLA-Permissive-2.0', 'record_id': None, 'update_time': '2026-04-07T10:00:15Z', 'confidence': None, 'between': None}]", "operating_status": "open", "basic_category": "place_of_learning", "taxonomy": "{'primary': 'school', 'hierarchy': ['education', 'place_of_learning', 'school'], 'alternates': None}", "version": 6 }, "geometry": { "type": "Point", "coordinates": [ -76.53774878, 3.43693691 ] } },
{ "type": "Feature", "properties": { "id": "5559ff75-1fae-4fce-a6e9-a99d14bafb21", "categories": { "primary": "event_planning", "alternate": [ "topic_concert_venue", "theatre" ] }, "confidence": 0.091423623263835907, "websites": [ "http://www.eventsproducciones.com/" ], "emails": null, "socials": [ "https://www.facebook.com/121800228527753" ], "phones": [ "+573015111338" ], "brand": "{'wikidata': None, 'names': {'primary': None, 'common': None, 'rules': None}}", "addresses": "[{'freeform': 'OFICINA, Cra. 24a #6 - 102', 'locality': 'Cali', 'postcode': '760042', 'region': None, 'country': 'CO'}]", "names": "{'primary': 'Events', 'common': None, 'rules': None}", "sources": "[{'property': '', 'dataset': 'meta', 'license': 'CDLA-Permissive-2.0', 'record_id': '121800228527753', 'update_time': '2026-04-06T00:00:00.000Z', 'confidence': 0.09142362326383591, 'between': None}, {'property': '/properties/confidence', 'dataset': 'Overture', 'license': 'CDLA-Permissive-2.0', 'record_id': None, 'update_time': '2026-04-07T10:00:15Z', 'confidence': None, 'between': None}]", "operating_status": "open", "basic_category": "event_or_party_service", "taxonomy": "{'primary': 'event_or_party_service', 'hierarchy': ['services_and_business', 'event_or_party_service'], 'alternates': None}", "version": 6 }, "geometry": { "type": "Point", "coordinates": [ -76.53768856, 3.43596547 ] } },
{ "type": "Feature", "properties": { "id": "82247ec7-0480-4a14-ab87-8df8b63ab04f", "categories": { "primary": "spas", "alternate": [ "beauty_salon", "beauty_and_spa" ] }, "confidence": 0.36569750308990479, "websites": null, "emails": [ "vicaspa28@gmail.com" ], "socials": [ "https://www.facebook.com/345424288894199" ], "phones": [ "+573164307776" ], "brand": "{'wikidata': None, 'names': {'primary': None, 'common': None, 'rules': None}}", "addresses": "[{'freeform': 'Carrera 25 6-98', 'locality': 'Cali', 'postcode': '760042', 'region': None, 'country': 'CO'}]", "names": "{'primary': 'Vica Spa Centro de Estética', 'common': None, 'rules': None}", "sources": "[{'property': '', 'dataset': 'meta', 'license': 'CDLA-Permissive-2.0', 'record_id': '345424288894199', 'update_time': '2026-04-06T00:00:00.000Z', 'confidence': 0.3656975030899048, 'between': None}, {'property': '/properties/confidence', 'dataset': 'Overture', 'license': 'CDLA-Permissive-2.0', 'record_id': None, 'update_time': '2026-04-07T10:00:15Z', 'confidence': None, 'between': None}]", "operating_status": "open", "basic_category": "wellness_service", "taxonomy": "{'primary': 'spa', 'hierarchy': ['lifestyle_services', 'wellness_service', 'spa'], 'alternates': None}", "version": 8 }, "geometry": { "type": "Point", "coordinates": [ -76.53767215, 3.43513837 ] } },
{ "type": "Feature", "properties": { "id": "4ca3cf7c-c69e-4d53-bc4a-2950e162c526", "categories": "{'primary': 'podiatrist', 'alternate': None}", "confidence": 0.40353617072105408, "websites": null, "emails": [ "healthyfeet.ce@gmail.com" ], "socials": [ "https://www.facebook.com/254520817734056" ], "phones": [ "+573104503059" ], "brand": "{'wikidata': None, 'names': {'primary': None, 'common': None, 'rules': None}}", "addresses": "[{'freeform': 'Carrera 25 6-105', 'locality': 'Cali', 'postcode': '760042', 'region': None, 'country': 'CO'}]", "names": "{'primary': 'Healthy feetcali', 'common': None, 'rules': None}", "sources": "[{'property': '', 'dataset': 'meta', 'license': 'CDLA-Permissive-2.0', 'record_id': '254520817734056', 'update_time': '2026-04-06T00:00:00.000Z', 'confidence': 0.4035361707210541, 'between': None}, {'property': '/properties/confidence', 'dataset': 'Overture', 'license': 'CDLA-Permissive-2.0', 'record_id': None, 'update_time': '2026-04-07T10:00:15Z', 'confidence': None, 'between': None}]", "operating_status": "open", "basic_category": "specialized_health_care", "taxonomy": "{'primary': 'podiatry', 'hierarchy': ['health_care', 'outpatient_care_facility', 'specialized_health_care', 'musculoskeletal_medicine', 'podiatry'], 'alternates': None}", "version": 1 }, "geometry": { "type": "Point", "coordinates": [ -76.53758112, 3.43526722 ] } },
{ "type": "Feature", "properties": { "id": "7749c9e1-a2d4-4a7d-8ff1-f7ad319ca888", "categories": { "primary": "shopping", "alternate": [ "wholesale_store" ] }, "confidence": 0.43167680501937866, "websites": [ "http://www.ronvar.com" ], "emails": null, "socials": [ "https://www.facebook.com/104925523025135" ], "phones": [ "+25578896" ], "brand": "{'wikidata': None, 'names': {'primary': None, 'common': None, 'rules': None}}", "addresses": "[{'freeform': 'Calle 7 25-67', 'locality': 'Cali', 'postcode': '760042', 'region': None, 'country': 'CO'}]", "names": "{'primary': 'Tienda Yan', 'common': None, 'rules': None}", "sources": "[{'property': '', 'dataset': 'meta', 'license': 'CDLA-Permissive-2.0', 'record_id': '104925523025135', 'update_time': '2026-04-06T00:00:00.000Z', 'confidence': 0.43167680501937866, 'between': None}, {'property': '/properties/confidence', 'dataset': 'Overture', 'license': 'CDLA-Permissive-2.0', 'record_id': None, 'update_time': '2026-04-07T10:00:15Z', 'confidence': None, 'between': None}]", "operating_status": "open", "basic_category": null, "taxonomy": "{'primary': 'shopping', 'hierarchy': ['shopping'], 'alternates': None}", "version": 7 }, "geometry": { "type": "Point", "coordinates": [ -76.53753005, 3.43472877 ] } },
{ "type": "Feature", "properties": { "id": "4eb00128-71bc-466a-8561-6301067a3542", "categories": "{'primary': 'notary_public', 'alternate': None}", "confidence": 0.76693445444107056, "websites": null, "emails": null, "socials": [ "https://www.facebook.com/130459653828020" ], "phones": [ "+576025541012" ], "brand": "{'wikidata': None, 'names': {'primary': None, 'common': None, 'rules': None}}", "addresses": "[{'freeform': 'Cl. 7 #25-60', 'locality': 'Cali', 'postcode': '760042', 'region': None, 'country': 'CO'}]", "names": "{'primary': 'Notaria Cuarta del Circulo de Cali', 'common': None, 'rules': None}", "sources": "[{'property': '', 'dataset': 'meta', 'license': 'CDLA-Permissive-2.0', 'record_id': '130459653828020', 'update_time': '2026-04-06T00:00:00.000Z', 'confidence': 0.7669344544410706, 'between': None}, {'property': '/properties/confidence', 'dataset': 'Overture', 'license': 'CDLA-Permissive-2.0', 'record_id': None, 'update_time': '2026-04-07T10:00:15Z', 'confidence': None, 'between': None}]", "operating_status": "open", "basic_category": "legal_service", "taxonomy": "{'primary': 'notary_public', 'hierarchy': ['services_and_business', 'legal_service', 'notary_public'], 'alternates': None}", "version": 9 }, "geometry": { "type": "Point", "coordinates": [ -76.53751743, 3.43448416 ] } },
{ "type": "Feature", "properties": { "id": "a25cd03b-293c-47b3-a890-624c094ae425", "categories": "{'primary': 'laundromat', 'alternate': None}", "confidence": 0.77, "websites": [ "https://wearejeff.com/co/mrjeff/store/cali-elcedro" ], "emails": null, "socials": "['https://www.twitter.com/mrjeffelcedro'\n 'https://www.instagram.com/mrjeffelcedro']", "phones": [ "(602) 3734141" ], "brand": null, "addresses": "[{'freeform': 'Calle 7 #25-04', 'locality': 'Cali', 'postcode': None, 'region': 'Valle Del Cauca', 'country': 'CO'}]", "names": "{'primary': 'Mr Jeff Cali - El Cedro', 'common': None, 'rules': None}", "sources": "[{'property': '', 'dataset': 'Foursquare', 'license': 'Apache-2.0', 'record_id': '5d0e32307edcd20023177087', 'update_time': '2021-03-13T00:00:00.000', 'confidence': 0.77, 'between': None}, {'property': '/properties/confidence', 'dataset': 'Overture', 'license': 'CDLA-Permissive-2.0', 'record_id': None, 'update_time': '2026-04-07T10:00:15Z', 'confidence': None, 'between': None}]", "operating_status": "open", "basic_category": "laundry_service", "taxonomy": "{'primary': 'laundromat', 'hierarchy': ['services_and_business', 'laundry_service', 'laundromat'], 'alternates': None}", "version": 4 }, "geometry": { "type": "Point", "coordinates": [ -76.537489, 3.434908 ] } },
{ "type": "Feature", "properties": { "id": "a752f4d6-d795-48a6-94bd-10189aeba8ff", "categories": "{'primary': 'wedding_planning', 'alternate': None}", "confidence": 0.59380596876144409, "websites": [ "http://www.penichebodasyeventos.com/" ], "emails": [ "penichebodasyeventos@gmail.com" ], "socials": [ "https://www.facebook.com/1164354187040163" ], "phones": [ "+573116879004" ], "brand": "{'wikidata': None, 'names': {'primary': None, 'common': None, 'rules': None}}", "addresses": "[{'freeform': 'Calle 7 24A-36', 'locality': 'Cali', 'postcode': '760042', 'region': None, 'country': 'CO'}]", "names": "{'primary': 'Peniche bodas y eventos', 'common': None, 'rules': None}", "sources": "[{'property': '', 'dataset': 'meta', 'license': 'CDLA-Permissive-2.0', 'record_id': '1164354187040163', 'update_time': '2026-04-06T00:00:00.000Z', 'confidence': 0.5938059687614441, 'between': None}, {'property': '/properties/confidence', 'dataset': 'Overture', 'license': 'CDLA-Permissive-2.0', 'record_id': None, 'update_time': '2026-04-07T10:00:15Z', 'confidence': None, 'between': None}]", "operating_status": "open", "basic_category": "event_or_party_service", "taxonomy": "{'primary': 'wedding_planning', 'hierarchy': ['services_and_business', 'event_or_party_service', 'wedding_planning'], 'alternates': None}", "version": 6 }, "geometry": { "type": "Point", "coordinates": [ -76.5375124, 3.4356868 ] } },
{ "type": "Feature", "properties": { "id": "6d2fb5ac-3409-4e01-aff8-0dbb3e3cd65d", "categories": { "primary": "wholesale_store", "alternate": [ "restaurant_equipment_and_supply", "food" ] }, "confidence": 0.54323577880859375, "websites": [ "http://www.providecolombia.com/" ], "emails": [ "comercialprovide@gmail.com" ], "socials": [ "https://www.facebook.com/2100219143632808" ], "phones": [ "+573105678143" ], "brand": "{'wikidata': None, 'names': {'primary': None, 'common': None, 'rules': None}}", "addresses": "[{'freeform': 'calle 7 #24a-64', 'locality': 'Cali', 'postcode': '<<not-applicable>>', 'region': None, 'country': 'CO'}]", "names": "{'primary': 'Provide Colombia SAS', 'common': None, 'rules': None}", "sources": "[{'property': '', 'dataset': 'meta', 'license': 'CDLA-Permissive-2.0', 'record_id': '2100219143632808', 'update_time': '2026-04-06T00:00:00.000Z', 'confidence': 0.5432357788085938, 'between': None}, {'property': '/properties/confidence', 'dataset': 'Overture', 'license': 'CDLA-Permissive-2.0', 'record_id': None, 'update_time': '2026-04-07T10:00:15Z', 'confidence': None, 'between': None}]", "operating_status": "open", "basic_category": "warehouse_club_store", "taxonomy": "{'primary': 'warehouse_club_store', 'hierarchy': ['shopping', 'warehouse_club_store'], 'alternates': None}", "version": 7 }, "geometry": { "type": "Point", "coordinates": [ -76.53746581, 3.43554223 ] } },
{ "type": "Feature", "properties": { "id": "8d7cd031-0bca-42ac-9498-4c6c98929217", "categories": "{'primary': 'wedding_planning', 'alternate': None}", "confidence": 0.39711380004882812, "websites": null, "emails": [ "penicheedificio@gmail.com" ], "socials": [ "https://www.facebook.com/721318458253892" ], "phones": [ "+573104735502" ], "brand": "{'wikidata': None, 'names': {'primary': None, 'common': None, 'rules': None}}", "addresses": "[{'freeform': 'Calle 7 24A-36', 'locality': 'Cali', 'postcode': '760042', 'region': None, 'country': 'CO'}]", "names": "{'primary': 'Bodas y eventos peniche', 'common': None, 'rules': None}", "sources": "[{'property': '', 'dataset': 'meta', 'license': 'CDLA-Permissive-2.0', 'record_id': '721318458253892', 'update_time': '2026-04-06T00:00:00.000Z', 'confidence': 0.3971138000488281, 'between': None}, {'property': '/properties/confidence', 'dataset': 'Overture', 'license': 'CDLA-Permissive-2.0', 'record_id': None, 'update_time': '2026-04-07T10:00:15Z', 'confidence': None, 'between': None}]", "operating_status": "open", "basic_category": "event_or_party_service", "taxonomy": "{'primary': 'wedding_planning', 'hierarchy': ['services_and_business', 'event_or_party_service', 'wedding_planning'], 'alternates': None}", "version": 6 }, "geometry": { "type": "Point", "coordinates": [ -76.53752, 3.4357 ] } },
{ "type": "Feature", "properties": { "id": "b92b0a4d-7f7a-46c7-9fa1-d03b176f6198", "categories": { "primary": "automotive_repair", "alternate": [ "auto_body_shop", "car_dealer" ] }, "confidence": 0.60704553127288818, "websites": [ "http://www.autoglassvya.com" ], "emails": [ "fercasbor@msn.co" ], "socials": [ "https://www.facebook.com/112388471959436" ], "phones": [ "+573155647436" ], "brand": "{'wikidata': None, 'names': {'primary': None, 'common': None, 'rules': None}}", "addresses": "[{'freeform': 'Carrera 24 7-5', 'locality': 'Cali', 'postcode': '760042', 'region': None, 'country': 'CO'}]", "names": "{'primary': 'Servicali Automotriz Ltda', 'common': None, 'rules': None}", "sources": "[{'property': '', 'dataset': 'meta', 'license': 'CDLA-Permissive-2.0', 'record_id': '112388471959436', 'update_time': '2026-04-06T00:00:00.000Z', 'confidence': 0.6070455312728882, 'between': None}, {'property': '/properties/confidence', 'dataset': 'Overture', 'license': 'CDLA-Permissive-2.0', 'record_id': None, 'update_time': '2026-04-07T10:00:15Z', 'confidence': None, 'between': None}]", "operating_status": "open", "basic_category": "automotive_service", "taxonomy": "{'primary': 'automotive_repair', 'hierarchy': ['travel_and_transportation', 'vehicle_service', 'automotive_service', 'automotive_repair'], 'alternates': None}", "version": 4 }, "geometry": { "type": "Point", "coordinates": [ -76.5375067, 3.43668086 ] } },
{ "type": "Feature", "properties": { "id": "42ebb37a-6d3f-41ac-a84e-fd4ff535bcc9", "categories": null, "confidence": 0.77, "websites": [ "http://www.vaziko.com" ], "emails": null, "socials": "['https://www.twitter.com/vaziko_com'\n 'https://www.facebook.com/133564253415155'\n 'https://www.instagram.com/vaziko']", "phones": [ "(602) 8900606" ], "brand": null, "addresses": [ { "freeform": "Carrera 24A #6-85", "locality": "Cali", "postcode": "760042", "region": "Valle del Cauca", "country": "CO" } ], "names": "{'primary': 'Váziko S.A.S.', 'common': None, 'rules': None}", "sources": "[{'property': '', 'dataset': 'Foursquare', 'license': 'Apache-2.0', 'record_id': '60427f14c352fa6e09437d81', 'update_time': '2025-10-03T00:00:00.000', 'confidence': 0.77, 'between': None}, {'property': '/properties/confidence', 'dataset': 'Overture', 'license': 'CDLA-Permissive-2.0', 'record_id': None, 'update_time': '2026-04-07T10:00:15Z', 'confidence': None, 'between': None}]", "operating_status": "open", "basic_category": null, "taxonomy": null, "version": 1 }, "geometry": { "type": "Point", "coordinates": [ -76.53791, 3.4361668 ] } },
{ "type": "Feature", "properties": { "id": "0c65993a-3413-4675-818d-7f8e2c3c1851", "categories": { "primary": "printing_services", "alternate": [ "sign_making" ] }, "confidence": 0.30235695838928223, "websites": [ "http://www.vaziko.com/" ], "emails": [ "info@vaziko.com" ], "socials": [ "https://www.facebook.com/133564253415155" ], "phones": [ "+576028900606" ], "brand": "{'wikidata': None, 'names': {'primary': None, 'common': None, 'rules': None}}", "addresses": "[{'freeform': 'Carrera 24A 6-85', 'locality': 'Cali', 'postcode': '760042', 'region': None, 'country': 'CO'}]", "names": "{'primary': 'vaziko', 'common': None, 'rules': None}", "sources": "[{'property': '', 'dataset': 'meta', 'license': 'CDLA-Permissive-2.0', 'record_id': '133564253415155', 'update_time': '2026-04-06T00:00:00.000Z', 'confidence': 0.3023569583892822, 'between': None}, {'property': '/properties/confidence', 'dataset': 'Overture', 'license': 'CDLA-Permissive-2.0', 'record_id': None, 'update_time': '2026-04-07T10:00:15Z', 'confidence': None, 'between': None}]", "operating_status": "open", "basic_category": "printing_service", "taxonomy": "{'primary': 'printing_service', 'hierarchy': ['services_and_business', 'printing_service'], 'alternates': None}", "version": 6 }, "geometry": { "type": "Point", "coordinates": [ -76.53790533, 3.43614364 ] } },
{ "type": "Feature", "properties": { "id": "a9f0cf89-793b-4dd5-aba6-13b5749b1e4a", "categories": { "primary": "information_technology_company", "alternate": [ "professional_services" ] }, "confidence": 0.24255973100662231, "websites": [ "https://msigroupsas.com/" ], "emails": null, "socials": [ "https://www.facebook.com/123283722403594" ], "phones": [ "+573185213941" ], "brand": "{'wikidata': None, 'names': {'primary': None, 'common': None, 'rules': None}}", "addresses": "[{'freeform': 'Carrera 25 6-101', 'locality': 'Cali', 'postcode': '760042', 'region': None, 'country': 'CO'}]", "names": "{'primary': 'MSI Partner Group S.A.S', 'common': None, 'rules': None}", "sources": "[{'property': '', 'dataset': 'meta', 'license': 'CDLA-Permissive-2.0', 'record_id': '123283722403594', 'update_time': '2026-04-06T00:00:00.000Z', 'confidence': 0.24255973100662231, 'between': None}, {'property': '/properties/confidence', 'dataset': 'Overture', 'license': 'CDLA-Permissive-2.0', 'record_id': None, 'update_time': '2026-04-07T10:00:15Z', 'confidence': None, 'between': None}]", "operating_status": "open", "basic_category": "corporate_or_business_office", "taxonomy": "{'primary': 'information_technology_company', 'hierarchy': ['services_and_business', 'business', 'information_technology_company'], 'alternates': None}", "version": 7 }, "geometry": { "type": "Point", "coordinates": [ -76.53790496, 3.43529099 ] } },
{ "type": "Feature", "properties": { "id": "c1862b93-6564-49b2-a76e-d5b2fb7c8700", "categories": { "primary": "travel_services", "alternate": [ "tours" ] }, "confidence": 0.3255477249622345, "websites": [ "http://www.andoviajandovlogs.com.co/" ], "emails": [ "cotizacion@andoviajando.com.co" ], "socials": [ "https://www.facebook.com/105347535147925" ], "phones": null, "brand": "{'wikidata': None, 'names': {'primary': None, 'common': None, 'rules': None}}", "addresses": "[{'freeform': 'Carrera 25 6-73', 'locality': 'Cali', 'postcode': '760042', 'region': None, 'country': 'CO'}]", "names": "{'primary': 'Viajes Ando Viajando Sas', 'common': None, 'rules': None}", "sources": "[{'property': '', 'dataset': 'meta', 'license': 'CDLA-Permissive-2.0', 'record_id': '105347535147925', 'update_time': '2026-04-06T00:00:00.000Z', 'confidence': 0.3255477249622345, 'between': None}, {'property': '/properties/confidence', 'dataset': 'Overture', 'license': 'CDLA-Permissive-2.0', 'record_id': None, 'update_time': '2026-04-07T10:00:15Z', 'confidence': None, 'between': None}]", "operating_status": "open", "basic_category": "travel_service", "taxonomy": "{'primary': 'travel_service', 'hierarchy': ['travel_and_transportation', 'travel_service'], 'alternates': None}", "version": 6 }, "geometry": { "type": "Point", "coordinates": [ -76.5379961, 3.43530892 ] } },
{ "type": "Feature", "properties": { "id": "7982f1fc-1da8-4236-942a-f3a655c8b9ff", "categories": null, "confidence": 0.1722293496131897, "websites": [ "https://wa.me/573154347432" ], "emails": null, "socials": [ "https://www.facebook.com/254300907756683" ], "phones": [ "+573154347432" ], "brand": "{'wikidata': None, 'names': {'primary': None, 'common': None, 'rules': None}}", "addresses": "[{'freeform': 'Carrera 25 6-64', 'locality': 'Cali', 'postcode': '760042', 'region': None, 'country': 'CO'}]", "names": "{'primary': 'Fishnova Cali', 'common': None, 'rules': None}", "sources": "[{'property': '', 'dataset': 'meta', 'license': 'CDLA-Permissive-2.0', 'record_id': '254300907756683', 'update_time': '2026-04-06T00:00:00.000Z', 'confidence': 0.1722293496131897, 'between': None}, {'property': '/properties/confidence', 'dataset': 'Overture', 'license': 'CDLA-Permissive-2.0', 'record_id': None, 'update_time': '2026-04-07T10:00:15Z', 'confidence': None, 'between': None}]", "operating_status": "open", "basic_category": null, "taxonomy": null, "version": 1 }, "geometry": { "type": "Point", "coordinates": [ -76.538025, 3.4347369879102 ] } },
{ "type": "Feature", "properties": { "id": "10d9f582-a258-4e6a-86dd-45b08cd11cee", "categories": { "primary": "biotechnology_company", "alternate": [ "aquarium" ] }, "confidence": 0.3205181360244751, "websites": [ "http://www.alevinosdelvalle.es.tl/" ], "emails": [ "alevinosdelvalleorg@gmail.com" ], "socials": [ "https://www.facebook.com/227882707553606" ], "phones": [ "+573165358580" ], "brand": "{'wikidata': None, 'names': {'primary': None, 'common': None, 'rules': None}}", "addresses": "[{'freeform': 'Carrera 25 6', 'locality': 'Cali', 'postcode': '760042', 'region': None, 'country': 'CO'}]", "names": "{'primary': 'Alevinos Del Valle SAS', 'common': None, 'rules': None}", "sources": "[{'property': '', 'dataset': 'meta', 'license': 'CDLA-Permissive-2.0', 'record_id': '227882707553606', 'update_time': '2026-04-06T00:00:00.000Z', 'confidence': 0.3205181360244751, 'between': None}, {'property': '/properties/confidence', 'dataset': 'Overture', 'license': 'CDLA-Permissive-2.0', 'record_id': None, 'update_time': '2026-04-07T10:00:15Z', 'confidence': None, 'between': None}]", "operating_status": "open", "basic_category": "corporate_or_business_office", "taxonomy": "{'primary': 'biotechnology_company', 'hierarchy': ['services_and_business', 'business', 'biotechnology_company'], 'alternates': None}", "version": 1 }, "geometry": { "type": "Point", "coordinates": [ -76.53807417, 3.43509457 ] } },
{ "type": "Feature", "properties": { "id": "3c641b8b-b4de-40b5-8fec-81ff0fffd667", "categories": { "primary": "music_production", "alternate": [ "elementary_school", "music_venue" ] }, "confidence": 0.56517595052719116, "websites": [ "https://madeiraescuela.com/escuelademusica/" ], "emails": [ "escuelayproductoram@gmail.com" ], "socials": [ "https://www.facebook.com/413678398804729" ], "phones": [ "+573117425573" ], "brand": "{'wikidata': None, 'names': {'primary': None, 'common': None, 'rules': None}}", "addresses": "[{'freeform': 'Carrera 24A-70', 'locality': 'Cali', 'postcode': '760042', 'region': None, 'country': 'CO'}]", "names": "{'primary': 'Escuela de música Madeira', 'common': None, 'rules': None}", "sources": "[{'property': '', 'dataset': 'meta', 'license': 'CDLA-Permissive-2.0', 'record_id': '413678398804729', 'update_time': '2026-04-06T00:00:00.000Z', 'confidence': 0.5651759505271912, 'between': None}, {'property': '/properties/confidence', 'dataset': 'Overture', 'license': 'CDLA-Permissive-2.0', 'record_id': None, 'update_time': '2026-04-07T10:00:15Z', 'confidence': None, 'between': None}]", "operating_status": "open", "basic_category": "media_service", "taxonomy": "{'primary': 'music_production', 'hierarchy': ['services_and_business', 'media_service', 'media_news_company', 'music_production'], 'alternates': None}", "version": 6 }, "geometry": { "type": "Point", "coordinates": [ -76.53808, 3.43594 ] } },
{ "type": "Feature", "properties": { "id": "29f3282a-9e48-4ca6-8f73-3dcd6d6a9762", "categories": { "primary": "automotive_dealer", "alternate": [ "car_dealer", "automotive_repair" ] }, "confidence": 0.92821842432022095, "websites": [ "http://www.carsltda.com/" ], "emails": null, "socials": [ "https://www.facebook.com/1790987311143094" ], "phones": [ "+573106858184" ], "brand": "{'wikidata': None, 'names': {'primary': None, 'common': None, 'rules': None}}", "addresses": "[{'freeform': 'Carrera 24 7-5', 'locality': 'Cali', 'postcode': '760042', 'region': None, 'country': 'CO'}]", "names": "{'primary': 'Cars Ltda', 'common': None, 'rules': None}", "sources": "[{'property': '', 'dataset': 'meta', 'license': 'CDLA-Permissive-2.0', 'record_id': '1790987311143094', 'update_time': '2026-04-06T00:00:00.000Z', 'confidence': 0.928218424320221, 'between': None}, {'property': '/properties/confidence', 'dataset': 'Overture', 'license': 'CDLA-Permissive-2.0', 'record_id': None, 'update_time': '2026-04-07T10:00:15Z', 'confidence': None, 'between': None}]", "operating_status": "open", "basic_category": "vehicle_dealer", "taxonomy": "{'primary': 'vehicle_dealer', 'hierarchy': ['shopping', 'vehicle_dealer'], 'alternates': None}", "version": 9 }, "geometry": { "type": "Point", "coordinates": [ -76.5381101, 3.4371163 ] } },
{ "type": "Feature", "properties": { "id": "7ac1d5a2-44c7-4bb0-ad13-22e3e2dc43d8", "categories": { "primary": "dentist", "alternate": [ "laboratory_testing", "oral_surgeon" ] }, "confidence": 0.78223365545272827, "websites": [ "http://www.aldentalsa.com" ], "emails": null, "socials": [ "https://www.facebook.com/771871342906353" ], "phones": [ "+25575445" ], "brand": "{'wikidata': None, 'names': {'primary': None, 'common': None, 'rules': None}}", "addresses": "[{'freeform': 'Carrera 25-60', 'locality': 'Cali', 'postcode': '760042', 'region': None, 'country': 'CO'}]", "names": "{'primary': 'Laboratorio Dental Tecnodentyplus', 'common': None, 'rules': None}", "sources": "[{'property': '', 'dataset': 'meta', 'license': 'CDLA-Permissive-2.0', 'record_id': '771871342906353', 'update_time': '2026-04-06T00:00:00.000Z', 'confidence': 0.7822336554527283, 'between': None}, {'property': '/properties/confidence', 'dataset': 'Overture', 'license': 'CDLA-Permissive-2.0', 'record_id': None, 'update_time': '2026-04-07T10:00:15Z', 'confidence': None, 'between': None}]", "operating_status": "open", "basic_category": "dental_clinic", "taxonomy": "{'primary': 'dental_clinic', 'hierarchy': ['health_care', 'outpatient_care_facility', 'dental_clinic'], 'alternates': None}", "version": 1 }, "geometry": { "type": "Point", "coordinates": [ -76.53823497, 3.43530607 ] } },
{ "type": "Feature", "properties": { "id": "d248b5eb-7223-4ed5-bca9-8b17c6e3396d", "categories": "{'primary': 'music_school', 'alternate': None}", "confidence": 0.1588931679725647, "websites": null, "emails": [ "concienciasalsera@gmail.com" ], "socials": [ "https://www.facebook.com/107708232115051" ], "phones": [ "+573052626786" ], "brand": "{'wikidata': None, 'names': {'primary': None, 'common': None, 'rules': None}}", "addresses": "[{'freeform': 'Carrera 24 7-5', 'locality': 'Cali', 'postcode': '760042', 'region': None, 'country': 'CO'}]", "names": "{'primary': 'Conciencia Salsera', 'common': None, 'rules': None}", "sources": "[{'property': '', 'dataset': 'meta', 'license': 'CDLA-Permissive-2.0', 'record_id': '107708232115051', 'update_time': '2026-04-06T00:00:00.000Z', 'confidence': 0.1588931679725647, 'between': None}, {'property': '/properties/confidence', 'dataset': 'Overture', 'license': 'CDLA-Permissive-2.0', 'record_id': None, 'update_time': '2026-04-07T10:00:15Z', 'confidence': None, 'between': None}]", "operating_status": "open", "basic_category": "specialty_school", "taxonomy": "{'primary': 'music_school', 'hierarchy': ['education', 'place_of_learning', 'specialty_school', 'music_school'], 'alternates': None}", "version": 7 }, "geometry": { "type": "Point", "coordinates": [ -76.53829297, 3.43720214 ] } },
{ "type": "Feature", "properties": { "id": "2c490421-95fa-4e23-b000-f0e96f801b6f", "categories": { "primary": "bar", "alternate": [ "dance_club", "topic_concert_venue" ] }, "confidence": 0.95419025421142578, "websites": [ "http://linktr.ee/elrincondeheberth" ], "emails": [ "elrincondeheberth@gmail.com" ], "socials": [ "https://www.facebook.com/212191075575619" ], "phones": [ "+573105772037" ], "brand": "{'wikidata': None, 'names': {'primary': None, 'common': None, 'rules': None}}", "addresses": "[{'freeform': 'Carrera 24 5-32', 'locality': 'Cali', 'postcode': '760042', 'region': None, 'country': 'CO'}]", "names": "{'primary': 'El Rincón De Heberth', 'common': None, 'rules': None}", "sources": "[{'property': '', 'dataset': 'meta', 'license': 'CDLA-Permissive-2.0', 'record_id': '212191075575619', 'update_time': '2026-04-06T00:00:00.000Z', 'confidence': 0.9541902542114258, 'between': None}, {'property': '/properties/confidence', 'dataset': 'Overture', 'license': 'CDLA-Permissive-2.0', 'record_id': None, 'update_time': '2026-04-07T10:00:15Z', 'confidence': None, 'between': None}]", "operating_status": "open", "basic_category": "bar", "taxonomy": "{'primary': 'bar', 'hierarchy': ['food_and_drink', 'alcoholic_beverage_venue', 'bar'], 'alternates': None}", "version": 7 }, "geometry": { "type": "Point", "coordinates": [ -76.53828811, 3.43730301 ] } },
{ "type": "Feature", "properties": { "id": "d0b8eb53-29ae-4ad1-a09e-1a04ffea94de", "categories": { "primary": "veterinarian", "alternate": [ "pet_services", "pet_store" ] }, "confidence": 0.84210109710693359, "websites": [ "http://www.supermascotas.com.co" ], "emails": [ "cachorrosymasvete@hotmail.com" ], "socials": [ "https://www.facebook.com/1543163352594550" ], "phones": [ "+5725584465" ], "brand": "{'wikidata': None, 'names': {'primary': None, 'common': None, 'rules': None}}", "addresses": "[{'freeform': 'Calle 7 24A-06', 'locality': 'Cali', 'postcode': '760042', 'region': None, 'country': 'CO'}]", "names": "{'primary': 'Cachorros y Más', 'common': None, 'rules': None}", "sources": "[{'property': '', 'dataset': 'meta', 'license': 'CDLA-Permissive-2.0', 'record_id': '1543163352594550', 'update_time': '2026-04-06T00:00:00.000Z', 'confidence': 0.8421010971069336, 'between': None}, {'property': '/properties/confidence', 'dataset': 'Overture', 'license': 'CDLA-Permissive-2.0', 'record_id': None, 'update_time': '2026-04-07T10:00:15Z', 'confidence': None, 'between': None}]", "operating_status": "open", "basic_category": "animal_or_pet_service", "taxonomy": "{'primary': 'veterinarian', 'hierarchy': ['lifestyle_services', 'animal_or_pet_service', 'veterinary_care', 'veterinarian'], 'alternates': None}", "version": 6 }, "geometry": { "type": "Point", "coordinates": [ -76.5373009, 3.43644242 ] } },
{ "type": "Feature", "properties": { "id": "a3151dda-84d4-4032-aa26-ef329033fbef", "categories": { "primary": "clothing_store", "alternate": [ "womens_clothing_store", "shopping" ] }, "confidence": 0.72805094718933105, "websites": null, "emails": [ "eq.tiendacali@gmail.com" ], "socials": [ "https://www.facebook.com/136683160283083" ], "phones": [ "+573106581512" ], "brand": "{'wikidata': None, 'names': {'primary': None, 'common': None, 'rules': None}}", "addresses": "[{'freeform': 'Calle 7 24A-70', 'locality': 'Cali', 'postcode': '760042', 'region': None, 'country': 'CO'}]", "names": "{'primary': 'Fajas Equilibrium', 'common': None, 'rules': None}", "sources": "[{'property': '', 'dataset': 'meta', 'license': 'CDLA-Permissive-2.0', 'record_id': '136683160283083', 'update_time': '2026-04-06T00:00:00.000Z', 'confidence': 0.728050947189331, 'between': None}, {'property': '/properties/confidence', 'dataset': 'Overture', 'license': 'CDLA-Permissive-2.0', 'record_id': None, 'update_time': '2026-04-07T10:00:15Z', 'confidence': None, 'between': None}]", "operating_status": "open", "basic_category": "fashion_and_apparel_store", "taxonomy": "{'primary': 'clothing_store', 'hierarchy': ['shopping', 'fashion_and_apparel_store', 'clothing_store'], 'alternates': None}", "version": 7 }, "geometry": { "type": "Point", "coordinates": [ -76.53745941, 3.43550058 ] } },
{ "type": "Feature", "properties": { "id": "367501eb-97bd-47a8-b62e-26d1dcc3503b", "categories": "{'primary': 'restaurant', 'alternate': None}", "confidence": 0.19699718058109283, "websites": null, "emails": null, "socials": [ "https://www.facebook.com/744225338785351" ], "phones": [ "+573113693536" ], "brand": "{'wikidata': None, 'names': {'primary': None, 'common': None, 'rules': None}}", "addresses": "[{'freeform': 'Calle 7A 23A-29', 'locality': 'Cali', 'postcode': '760042', 'region': None, 'country': 'CO'}]", "names": "{'primary': 'Asadero', 'common': None, 'rules': None}", "sources": "[{'property': '', 'dataset': 'meta', 'license': 'CDLA-Permissive-2.0', 'record_id': '744225338785351', 'update_time': '2026-04-06T00:00:00.000Z', 'confidence': 0.19699718058109283, 'between': None}, {'property': '/properties/confidence', 'dataset': 'Overture', 'license': 'CDLA-Permissive-2.0', 'record_id': None, 'update_time': '2026-04-07T10:00:15Z', 'confidence': None, 'between': None}]", "operating_status": "open", "basic_category": "restaurant", "taxonomy": "{'primary': 'restaurant', 'hierarchy': ['food_and_drink', 'restaurant'], 'alternates': None}", "version": 4 }, "geometry": { "type": "Point", "coordinates": [ -76.53744835, 3.43534355 ] } },
{ "type": "Feature", "properties": { "id": "3d8e6afc-9071-40bf-a2d4-f3da3aa6dd54", "categories": { "primary": "automotive_repair", "alternate": [ "automotive" ] }, "confidence": 0.42179787158966064, "websites": null, "emails": null, "socials": [ "https://www.facebook.com/114478125566645" ], "phones": [ "+573502465189" ], "brand": "{'wikidata': None, 'names': {'primary': None, 'common': None, 'rules': None}}", "addresses": "[{'freeform': 'Calle 7 24A-60', 'locality': 'Cali', 'postcode': '760042', 'region': None, 'country': 'CO'}]", "names": "{'primary': 'Cargas La 7', 'common': None, 'rules': None}", "sources": "[{'property': '', 'dataset': 'meta', 'license': 'CDLA-Permissive-2.0', 'record_id': '114478125566645', 'update_time': '2026-04-06T00:00:00.000Z', 'confidence': 0.42179787158966064, 'between': None}, {'property': '/properties/confidence', 'dataset': 'Overture', 'license': 'CDLA-Permissive-2.0', 'record_id': None, 'update_time': '2026-04-07T10:00:15Z', 'confidence': None, 'between': None}]", "operating_status": "open", "basic_category": "automotive_service", "taxonomy": "{'primary': 'automotive_repair', 'hierarchy': ['travel_and_transportation', 'vehicle_service', 'automotive_service', 'automotive_repair'], 'alternates': None}", "version": 6 }, "geometry": { "type": "Point", "coordinates": [ -76.53740862, 3.43560567 ] } },
{ "type": "Feature", "properties": { "id": "f0b8833d-3779-4761-bbb8-f4e55423c8f2", "categories": "{'primary': 'dance_club', 'alternate': None}", "confidence": 0.4502335786819458, "websites": [ "https://www.pasarelanightclub.com/" ], "emails": [ "epwain2011@gmail.com" ], "socials": [ "https://www.facebook.com/106796744857123" ], "phones": [ "+25542964" ], "brand": "{'wikidata': None, 'names': {'primary': None, 'common': None, 'rules': None}}", "addresses": "[{'freeform': 'Calle 7 25-19', 'locality': 'Cali', 'postcode': '760042', 'region': None, 'country': 'CO'}]", "names": "{'primary': 'Pasarela Light', 'common': None, 'rules': None}", "sources": "[{'property': '', 'dataset': 'meta', 'license': 'CDLA-Permissive-2.0', 'record_id': '106796744857123', 'update_time': '2026-04-06T00:00:00.000Z', 'confidence': 0.4502335786819458, 'between': None}, {'property': '/properties/confidence', 'dataset': 'Overture', 'license': 'CDLA-Permissive-2.0', 'record_id': None, 'update_time': '2026-04-07T10:00:15Z', 'confidence': None, 'between': None}]", "operating_status": "open", "basic_category": "dance_club", "taxonomy": "{'primary': 'dance_club', 'hierarchy': ['arts_and_entertainment', 'nightlife_venue', 'dance_club'], 'alternates': None}", "version": 5 }, "geometry": { "type": "Point", "coordinates": [ -76.5374401, 3.43501816 ] } },
{ "type": "Feature", "properties": { "id": "900c1768-4058-4861-a707-06c2b16f8f12", "categories": { "primary": "car_dealer", "alternate": [ "used_car_dealer", "automotive_dealer" ] }, "confidence": 0.81110888719558716, "websites": [ "http://www.alianzauto.com/" ], "emails": [ "grupoalianzautos@gmail.com" ], "socials": [ "https://www.facebook.com/178448178681738" ], "phones": [ "+573152375154" ], "brand": "{'wikidata': None, 'names': {'primary': None, 'common': None, 'rules': None}}", "addresses": "[{'freeform': 'Calle 7A 25-02', 'locality': 'Cali', 'postcode': '760042', 'region': None, 'country': 'CO'}]", "names": "{'primary': 'Alianzauto', 'common': None, 'rules': None}", "sources": "[{'property': '', 'dataset': 'meta', 'license': 'CDLA-Permissive-2.0', 'record_id': '178448178681738', 'update_time': '2026-04-06T00:00:00.000Z', 'confidence': 0.8111088871955872, 'between': None}, {'property': '/properties/confidence', 'dataset': 'Overture', 'license': 'CDLA-Permissive-2.0', 'record_id': None, 'update_time': '2026-04-07T10:00:15Z', 'confidence': None, 'between': None}]", "operating_status": "open", "basic_category": "auto_dealer", "taxonomy": "{'primary': 'auto_dealer', 'hierarchy': ['shopping', 'vehicle_dealer', 'auto_dealer'], 'alternates': None}", "version": 7 }, "geometry": { "type": "Point", "coordinates": [ -76.53744357, 3.43507305 ] } },
{ "type": "Feature", "properties": { "id": "64df847c-f145-465f-bd12-b4f84a2deab2", "categories": { "primary": "restaurant", "alternate": [ "fast_food_restaurant", "spanish_restaurant" ] }, "confidence": 0.74136477708816528, "websites": null, "emails": null, "socials": [ "https://www.facebook.com/2303015596394192" ], "phones": [ "+5716847465" ], "brand": "{'wikidata': None, 'names': {'primary': None, 'common': None, 'rules': None}}", "addresses": "[{'freeform': 'Calle 7 25-50', 'locality': 'Cali', 'postcode': '760042', 'region': None, 'country': 'CO'}]", "names": "{'primary': 'La Areperia', 'common': None, 'rules': None}", "sources": "[{'property': '', 'dataset': 'meta', 'license': 'CDLA-Permissive-2.0', 'record_id': '2303015596394192', 'update_time': '2026-04-06T00:00:00.000Z', 'confidence': 0.7413647770881653, 'between': None}, {'property': '/properties/confidence', 'dataset': 'Overture', 'license': 'CDLA-Permissive-2.0', 'record_id': None, 'update_time': '2026-04-07T10:00:15Z', 'confidence': None, 'between': None}]", "operating_status": "open", "basic_category": "restaurant", "taxonomy": "{'primary': 'restaurant', 'hierarchy': ['food_and_drink', 'restaurant'], 'alternates': None}", "version": 6 }, "geometry": { "type": "Point", "coordinates": [ -76.53745443, 3.43468001 ] } },
{ "type": "Feature", "properties": { "id": "1425e411-e1b7-40df-8cf5-c38628b7b4ee", "categories": "{'primary': 'chicken_restaurant', 'alternate': None}", "confidence": 0.77, "websites": [ "http://www.frisby.com.co" ], "emails": null, "socials": null, "phones": null, "brand": null, "addresses": "[{'freeform': 'Calle 6 con Carrera 30', 'locality': None, 'postcode': None, 'region': None, 'country': 'CO'}]", "names": "{'primary': 'Frisby Avenida Roosevelt', 'common': None, 'rules': None}", "sources": "[{'property': '', 'dataset': 'Foursquare', 'license': 'Apache-2.0', 'record_id': '52ab497011d2754edac623fe', 'update_time': '2026-02-08T00:00:00.000', 'confidence': 0.77, 'between': None}, {'property': '/properties/confidence', 'dataset': 'Overture', 'license': 'CDLA-Permissive-2.0', 'record_id': None, 'update_time': '2026-04-07T10:00:15Z', 'confidence': None, 'between': None}]", "operating_status": "open", "basic_category": "restaurant", "taxonomy": "{'primary': 'chicken_restaurant', 'hierarchy': ['food_and_drink', 'restaurant', 'meat_restaurant', 'chicken_restaurant'], 'alternates': None}", "version": 1 }, "geometry": { "type": "Point", "coordinates": [ -76.537428989182374, 3.42802900314749 ] } },
{ "type": "Feature", "properties": { "id": "e8f73ae6-d28a-4c52-8db5-a17a23c9e9da", "categories": { "primary": "event_planning", "alternate": [ "topic_concert_venue", "wedding_planning" ] }, "confidence": 0.957511305809021, "websites": [ "http://www.salonrosescedro1.com/" ], "emails": [ "liza-maria17@hotmail.com" ], "socials": [ "https://www.facebook.com/1587241388170022" ], "phones": [ "+573128029623" ], "brand": "{'wikidata': None, 'names': {'primary': None, 'common': None, 'rules': None}}", "addresses": "[{'freeform': 'Carrera 32A-42', 'locality': 'Cali', 'postcode': '760042', 'region': None, 'country': 'CO'}]", "names": "{'primary': 'Salon de Eventos Roses Cedro', 'common': None, 'rules': None}", "sources": "[{'property': '', 'dataset': 'meta', 'license': 'CDLA-Permissive-2.0', 'record_id': '1587241388170022', 'update_time': '2026-04-06T00:00:00.000Z', 'confidence': 0.957511305809021, 'between': None}, {'property': '/properties/confidence', 'dataset': 'Overture', 'license': 'CDLA-Permissive-2.0', 'record_id': None, 'update_time': '2026-04-07T10:00:15Z', 'confidence': None, 'between': None}]", "operating_status": "open", "basic_category": "event_or_party_service", "taxonomy": "{'primary': 'event_or_party_service', 'hierarchy': ['services_and_business', 'event_or_party_service'], 'alternates': None}", "version": 1 }, "geometry": { "type": "Point", "coordinates": [ -76.53735624, 3.42794664 ] } },
{ "type": "Feature", "properties": { "id": "b1d5a44e-4920-4bc8-82db-90e7496b6eb1", "categories": { "primary": "candy_store", "alternate": [ "restaurant", "coffee_shop" ] }, "confidence": 0.49891647696495056, "websites": [ "http://www.dulcesdelvalle.com/" ], "emails": [ "jumaroja69@hotmail.com" ], "socials": [ "https://www.facebook.com/493808750687780" ], "phones": [ "+573163690196" ], "brand": "{'wikidata': None, 'names': {'primary': None, 'common': None, 'rules': None}}", "addresses": "[{'freeform': 'Carrera 32 9C-78', 'locality': 'Cali', 'postcode': '760042', 'region': None, 'country': 'CO'}]", "names": "{'primary': 'Dulces del Valle', 'common': None, 'rules': None}", "sources": "[{'property': '', 'dataset': 'meta', 'license': 'CDLA-Permissive-2.0', 'record_id': '493808750687780', 'update_time': '2026-04-06T00:00:00.000Z', 'confidence': 0.49891647696495056, 'between': None}, {'property': '/properties/confidence', 'dataset': 'Overture', 'license': 'CDLA-Permissive-2.0', 'record_id': None, 'update_time': '2026-04-07T10:00:15Z', 'confidence': None, 'between': None}]", "operating_status": "open", "basic_category": "casual_eatery", "taxonomy": "{'primary': 'candy_store', 'hierarchy': ['food_and_drink', 'casual_eatery', 'candy_store'], 'alternates': None}", "version": 1 }, "geometry": { "type": "Point", "coordinates": [ -76.53736588, 3.42797332 ] } },
{ "type": "Feature", "properties": { "id": "408d6bf0-a0b4-446b-9ca1-0311b0d7b2eb", "categories": { "primary": "home_goods_store", "alternate": [ "mattress_manufacturing" ] }, "confidence": 0.83218121528625488, "websites": null, "emails": [ "colchonescieloazul9@gmail.com" ], "socials": [ "https://www.facebook.com/110164483650109" ], "phones": [ "+573224676543" ], "brand": "{'wikidata': None, 'names': {'primary': None, 'common': None, 'rules': None}}", "addresses": "[{'freeform': 'Carrera 32 8-64', 'locality': 'Cali', 'postcode': '760042', 'region': None, 'country': 'CO'}]", "names": "{'primary': 'Colchones Cielo Azul', 'common': None, 'rules': None}", "sources": "[{'property': '', 'dataset': 'meta', 'license': 'CDLA-Permissive-2.0', 'record_id': '110164483650109', 'update_time': '2026-04-06T00:00:00.000Z', 'confidence': 0.8321812152862549, 'between': None}, {'property': '/properties/confidence', 'dataset': 'Overture', 'license': 'CDLA-Permissive-2.0', 'record_id': None, 'update_time': '2026-04-07T10:00:15Z', 'confidence': None, 'between': None}]", "operating_status": "open", "basic_category": "hardware_home_and_garden_store", "taxonomy": "{'primary': 'home_goods_store', 'hierarchy': ['shopping', 'specialty_store', 'hardware_home_and_garden_store', 'home_goods_store'], 'alternates': None}", "version": 6 }, "geometry": { "type": "Point", "coordinates": [ -76.53711507, 3.42790108 ] } },
{ "type": "Feature", "properties": { "id": "3e18c048-2fd3-4094-a1b7-3f48eda95c86", "categories": { "primary": "mattress_store", "alternate": [ "mattress_manufacturing", "accommodation" ] }, "confidence": 0.76437205076217651, "websites": [ "https://flow.page/colchones5estrellas" ], "emails": [ "colchones-5estrellas@hotmail.com" ], "socials": [ "https://www.facebook.com/277215889371479" ], "phones": [ "+573226127460" ], "brand": "{'wikidata': None, 'names': {'primary': None, 'common': None, 'rules': None}}", "addresses": "[{'freeform': 'Carrera 32 9', 'locality': 'Cali', 'postcode': '760042', 'region': None, 'country': 'CO'}]", "names": "{'primary': 'Colchones 5 Estrellas', 'common': None, 'rules': None}", "sources": "[{'property': '', 'dataset': 'meta', 'license': 'CDLA-Permissive-2.0', 'record_id': '277215889371479', 'update_time': '2026-04-06T00:00:00.000Z', 'confidence': 0.7643720507621765, 'between': None}, {'property': '/properties/confidence', 'dataset': 'Overture', 'license': 'CDLA-Permissive-2.0', 'record_id': None, 'update_time': '2026-04-07T10:00:15Z', 'confidence': None, 'between': None}]", "operating_status": "open", "basic_category": "hardware_home_and_garden_store", "taxonomy": "{'primary': 'mattress_store', 'hierarchy': ['shopping', 'specialty_store', 'hardware_home_and_garden_store', 'mattress_store'], 'alternates': None}", "version": 6 }, "geometry": { "type": "Point", "coordinates": [ -76.5370559, 3.42774702 ] } }
]
}
